;
; File name: 'Mastan'
; File type: gcode
;
; BEGIN PRE
G1F2000
; END PRE

G1 X363.353 Y23.753
G1 X339.317 Y23.753
G1 X338.983 Y24.087
G1 X335.311 Y24.087
G1 X334.977 Y24.421
G1 X332.974 Y24.421
G1 X332.640 Y24.755
G1 X331.973 Y24.755
G1 X331.639 Y25.089
G1 X330.971 Y25.089
G1 X330.637 Y25.423
G1 X330.303 Y25.423
G1 X329.970 Y25.756
G1 X329.636 Y25.756
G1 X328.300 Y27.092
G1 X327.967 Y27.426
G1 X327.967 Y27.759
G1 X326.965 Y28.761
G1 X326.965 Y29.095
G1 X326.631 Y29.429
G1 X326.631 Y30.096
G1 X326.297 Y30.430
G1 X326.297 Y31.432
G1 X325.964 Y31.765
G1 X325.964 Y33.435
G1 X325.630 Y33.768
G1 X325.630 Y37.107
G1 X325.964 Y37.441
G1 X325.964 Y42.782
G1 X325.630 Y43.116
G1 X325.630 Y44.451
G1 X325.296 Y44.785
G1 X325.296 Y45.119
G1 X324.962 Y45.453
G1 X324.962 Y45.786
G1 X324.628 Y46.120
G1 X324.628 Y46.454
G1 X324.294 Y46.788
G1 X323.961 Y47.122
G1 X323.627 Y47.456
G1 X323.627 Y47.789
G1 X323.293 Y48.123
G1 X323.293 Y48.457
G1 X322.959 Y48.791
G1 X322.959 Y49.125
G1 X322.625 Y49.459
G1 X322.625 Y49.792
G1 X322.291 Y50.126
G1 X322.291 Y50.460
G1 X321.958 Y50.794
G1 X321.958 Y51.461
G1 X321.624 Y51.795
G1 X321.624 Y52.797
G1 X321.290 Y53.131
G1 X321.290 Y54.466
G1 X320.956 Y54.800
G1 X320.956 Y56.803
G1 X320.622 Y57.137
G1 X320.622 Y59.473
G1 X320.289 Y59.807
G1 X320.289 Y64.147
G1 X319.955 Y64.481
G1 X319.955 Y68.487
G1 X319.621 Y68.821
G1 X319.621 Y72.493
G1 X319.287 Y72.827
G1 X319.287 Y75.831
G1 X318.953 Y76.165
G1 X318.953 Y78.836
G1 X318.619 Y79.170
G1 X318.619 Y82.174
G1 X318.286 Y82.508
G1 X318.286 Y84.845
G1 X317.952 Y85.179
G1 X317.952 Y89.518
G1 X317.618 Y89.852
G1 X317.618 Y96.195
G1 X317.284 Y96.529
G1 X317.284 Y101.203
G1 X316.950 Y101.536
G1 X316.950 Y104.207
G1 X316.616 Y104.541
G1 X316.616 Y105.876
G1 X316.283 Y106.210
G1 X316.283 Y106.878
G1 X315.949 Y107.211
G1 X315.949 Y107.879
G1 X315.615 Y108.213
G1 X315.615 Y108.881
G1 X315.281 Y109.214
G1 X315.281 Y109.882
G1 X314.947 Y110.216
G1 X314.947 Y110.884
G1 X314.613 Y111.217
G1 X314.613 Y111.551
G1 X314.280 Y111.885
G1 X314.280 Y112.553
G1 X313.946 Y112.887
G1 X313.612 Y113.220
G1 X312.610 Y114.222
G1 X312.277 Y114.556
G1 X311.943 Y114.890
G1 X311.609 Y114.890
G1 X311.275 Y115.223
G1 X310.941 Y115.223
G1 X310.607 Y115.557
G1 X309.272 Y115.557
G1 X308.938 Y115.891
G1 X304.932 Y115.891
G1 X304.598 Y116.225
G1 X298.589 Y116.225
G1 X298.256 Y116.559
G1 X294.917 Y116.559
G1 X294.583 Y116.893
G1 X290.911 Y116.893
G1 X290.577 Y117.226
G1 X278.559 Y117.226
G1 X278.226 Y117.560
G1 X272.884 Y117.560
G1 X272.550 Y117.894
G1 X270.214 Y117.894
G1 X269.880 Y118.228
G1 X267.877 Y118.228
G1 X267.543 Y118.562
G1 X266.208 Y118.562
G1 X265.874 Y118.896
G1 X264.539 Y118.896
G1 X264.205 Y119.229
G1 X262.536 Y119.229
G1 X262.202 Y119.563
G1 X261.200 Y119.563
G1 X260.866 Y119.897
G1 X259.531 Y119.897
G1 X259.197 Y120.231
G1 X258.196 Y120.231
G1 X257.862 Y120.565
G1 X256.860 Y120.565
G1 X256.527 Y120.899
G1 X255.191 Y120.899
G1 X254.857 Y121.232
G1 X253.856 Y121.232
G1 X253.522 Y121.566
G1 X252.521 Y121.566
G1 X252.187 Y121.900
G1 X250.851 Y121.900
G1 X250.518 Y122.234
G1 X249.850 Y122.234
G1 X249.516 Y122.568
G1 X248.181 Y122.568
G1 X247.847 Y122.902
G1 X246.512 Y122.902
G1 X246.178 Y123.235
G1 X244.842 Y123.235
G1 X244.509 Y123.569
G1 X243.507 Y123.569
G1 X243.173 Y123.903
G1 X241.838 Y123.903
G1 X241.504 Y124.237
G1 X239.501 Y124.237
G1 X239.167 Y124.571
G1 X234.827 Y124.571
G1 X234.494 Y124.237
G1 X233.158 Y124.237
G1 X232.824 Y123.903
G1 X232.157 Y123.903
G1 X231.823 Y123.569
G1 X231.489 Y123.569
G1 X231.155 Y123.235
G1 X230.821 Y123.235
G1 X230.488 Y122.902
G1 X230.154 Y122.902
G1 X228.818 Y121.566
G1 X228.485 Y121.232
G1 X228.151 Y120.899
G1 X226.815 Y119.563
G1 X226.482 Y119.229
G1 X226.482 Y118.896
G1 X225.814 Y118.228
G1 X225.814 Y117.894
G1 X225.146 Y117.226
G1 X225.146 Y116.893
G1 X224.812 Y116.559
G1 X224.812 Y116.225
G1 X224.479 Y115.891
G1 X224.145 Y115.557
G1 X224.145 Y115.223
G1 X223.811 Y114.890
G1 X223.811 Y114.556
G1 X223.477 Y114.222
G1 X223.477 Y113.888
G1 X223.143 Y113.554
G1 X223.143 Y113.220
G1 X222.809 Y112.887
G1 X222.476 Y112.553
G1 X222.476 Y112.219
G1 X222.142 Y111.885
G1 X222.142 Y111.551
G1 X221.808 Y111.217
G1 X221.474 Y110.884
G1 X221.474 Y110.550
G1 X221.140 Y110.216
G1 X221.140 Y109.882
G1 X220.806 Y109.548
G1 X220.473 Y109.214
G1 X220.473 Y108.881
G1 X220.139 Y108.547
G1 X220.139 Y108.213
G1 X219.471 Y107.545
G1 X219.471 Y107.211
G1 X219.137 Y106.878
G1 X218.803 Y106.544
G1 X218.470 Y106.210
G1 X218.470 Y105.876
G1 X218.136 Y105.542
G1 X217.802 Y105.209
G1 X217.802 Y104.875
G1 X216.800 Y103.873
G1 X216.800 Y103.539
G1 X216.133 Y102.872
G1 X216.133 Y102.538
G1 X215.131 Y101.536
G1 X215.131 Y101.203
G1 X214.797 Y100.869
G1 X214.464 Y100.535
G1 X214.130 Y100.201
G1 X214.130 Y99.867
G1 X213.796 Y99.533
G1 X213.462 Y99.200
G1 X213.462 Y98.866
G1 X212.794 Y98.198
G1 X212.461 Y97.864
G1 X212.127 Y97.530
G1 X211.793 Y97.197
G1 X210.791 Y96.195
G1 X210.458 Y95.861
G1 X210.124 Y95.527
G1 X209.790 Y95.194
G1 X209.122 Y94.526
G1 X208.789 Y94.192
G1 X208.121 Y93.524
G1 X207.787 Y93.191
G1 X207.119 Y92.523
G1 X206.786 Y92.189
G1 X206.118 Y91.521
G1 X205.784 Y91.188
G1 X205.116 Y90.520
G1 X204.783 Y90.186
G1 X204.115 Y89.518
G1 X203.781 Y89.185
G1 X203.113 Y88.517
G1 X202.780 Y88.183
G1 X202.780 Y87.849
G1 X202.446 Y87.515
G1 X202.112 Y87.182
G1 X201.110 Y86.180
G1 X201.110 Y85.846
G1 X200.777 Y85.512
G1 X200.443 Y85.179
G1 X199.775 Y84.511
G1 X199.775 Y84.177
G1 X199.441 Y83.843
G1 X199.441 Y83.509
G1 X199.107 Y83.176
G1 X198.774 Y82.842
G1 X198.774 Y82.508
G1 X198.440 Y82.174
G1 X198.440 Y81.506
G1 X198.106 Y81.173
G1 X198.106 Y80.505
G1 X197.772 Y80.171
G1 X197.772 Y79.837
G1 X197.438 Y79.503
G1 X197.438 Y78.502
G1 X197.104 Y78.168
G1 X197.104 Y77.500
G1 X196.771 Y77.167
G1 X196.771 Y76.165
G1 X196.437 Y75.831
G1 X196.437 Y74.830
G1 X196.103 Y74.496
G1 X196.103 Y73.161
G1 X195.769 Y72.827
G1 X195.769 Y71.491
G1 X195.435 Y71.158
G1 X195.435 Y69.155
G1 X195.101 Y68.821
G1 X195.101 Y66.818
G1 X194.768 Y66.484
G1 X194.768 Y58.138
G1 X195.101 Y57.804
G1 X195.101 Y56.469
G1 X195.435 Y56.135
G1 X195.435 Y54.800
G1 X195.769 Y54.466
G1 X195.769 Y53.798
G1 X196.103 Y53.464
G1 X196.103 Y53.131
G1 X196.437 Y52.797
G1 X196.437 Y52.129
G1 X196.771 Y51.795
G1 X197.104 Y51.461
G1 X197.104 Y51.128
G1 X198.440 Y49.792
G1 X198.774 Y49.459
G1 X199.107 Y49.125
G1 X200.109 Y48.123
G1 X200.443 Y48.123
G1 X201.110 Y47.456
G1 X201.444 Y47.456
G1 X201.778 Y47.122
G1 X202.446 Y47.122
G1 X202.780 Y46.788
G1 X203.113 Y46.454
G1 X203.447 Y46.454
G1 X203.781 Y46.120
G1 X204.115 Y46.120
G1 X204.449 Y45.786
G1 X204.783 Y45.786
G1 X205.116 Y45.453
G1 X205.450 Y45.453
G1 X205.784 Y45.119
G1 X206.118 Y45.119
G1 X206.786 Y44.451
G1 X207.119 Y44.451
G1 X207.453 Y44.117
G1 X207.787 Y44.117
G1 X208.121 Y43.783
G1 X208.455 Y43.450
G1 X208.789 Y43.450
G1 X209.122 Y43.116
G1 X209.790 Y42.448
G1 X210.124 Y42.448
G1 X210.458 Y42.114
G1 X210.791 Y41.780
G1 X211.125 Y41.447
G1 X212.461 Y40.111
G1 X212.794 Y39.777
G1 X212.794 Y39.444
G1 X213.128 Y39.110
G1 X213.128 Y38.776
G1 X213.462 Y38.442
G1 X213.462 Y37.774
G1 X213.796 Y37.441
G1 X213.796 Y35.104
G1 X213.128 Y34.436
G1 X211.459 Y34.436
G1 X211.125 Y34.102
G1 X208.789 Y34.102
G1 X208.455 Y33.768
G1 X206.118 Y33.768
G1 X205.784 Y33.435
G1 X201.110 Y33.435
G1 X200.777 Y33.101
G1 X196.437 Y33.101
G1 X196.103 Y33.435
G1 X192.765 Y33.435
G1 X192.431 Y33.768
G1 X190.094 Y33.768
G1 X189.760 Y34.102
G1 X188.425 Y34.102
G1 X188.091 Y34.436
G1 X187.423 Y34.436
G1 X187.089 Y34.770
G1 X186.756 Y34.770
G1 X186.088 Y35.438
G1 X185.754 Y35.771
G1 X185.086 Y36.439
G1 X184.753 Y36.773
G1 X184.085 Y37.441
G1 X184.085 Y37.774
G1 X183.751 Y38.108
G1 X183.751 Y38.442
G1 X183.417 Y38.776
G1 X183.417 Y39.110
G1 X183.083 Y39.444
G1 X183.083 Y40.111
G1 X182.750 Y40.445
G1 X182.750 Y41.780
G1 X182.416 Y42.114
G1 X182.416 Y43.450
G1 X182.082 Y43.783
G1 X182.082 Y45.453
G1 X181.748 Y45.786
G1 X181.748 Y48.457
G1 X181.414 Y48.791
G1 X181.414 Y51.461
G1 X181.080 Y51.795
G1 X181.080 Y64.147
G1 X180.747 Y64.481
G1 X180.747 Y70.490
G1 X180.413 Y70.824
G1 X180.413 Y74.162
G1 X180.079 Y74.496
G1 X180.079 Y79.503
G1 X179.745 Y79.837
G1 X179.745 Y80.839
G1 X180.079 Y81.173
G1 X180.079 Y83.843
G1 X179.745 Y84.177
G1 X179.745 Y87.849
G1 X180.079 Y88.183
G1 X180.079 Y88.517
G1 X180.413 Y88.851
G1 X180.413 Y89.185
G1 X180.747 Y89.518
G1 X181.080 Y89.852
G1 X181.080 Y90.186
G1 X182.082 Y91.188
G1 X182.082 Y91.521
G1 X182.750 Y92.189
G1 X182.750 Y92.523
G1 X183.083 Y92.857
G1 X183.417 Y93.191
G1 X183.417 Y93.524
G1 X184.085 Y94.192
G1 X184.085 Y94.526
G1 X184.419 Y94.860
G1 X184.419 Y95.194
G1 X184.753 Y95.527
G1 X184.753 Y95.861
G1 X185.086 Y96.195
G1 X185.086 Y96.529
G1 X185.420 Y96.863
G1 X185.420 Y97.197
G1 X185.754 Y97.530
G1 X185.754 Y98.198
G1 X186.088 Y98.532
G1 X186.088 Y98.866
G1 X186.422 Y99.200
G1 X186.422 Y99.867
G1 X186.756 Y100.201
G1 X186.756 Y101.536
G1 X187.089 Y101.870
G1 X187.089 Y103.539
G1 X187.423 Y103.873
G1 X187.423 Y107.211
G1 X187.757 Y107.545
G1 X187.757 Y108.881
G1 X187.423 Y109.214
G1 X187.757 Y108.881
G1 X187.757 Y109.214
G1 X187.423 Y109.214
G1 X187.757 Y109.214
G1 X187.757 Y115.891
G1 X187.089 Y116.559
G1 X185.754 Y116.559
G1 X185.086 Y115.891
G1 X184.753 Y115.557
G1 X184.419 Y115.223
G1 X184.085 Y114.890
G1 X183.083 Y113.888
G1 X182.750 Y113.554
G1 X182.416 Y113.220
G1 X182.082 Y112.887
G1 X182.082 Y112.553
G1 X181.414 Y111.885
G1 X181.414 Y111.551
G1 X180.413 Y110.550
G1 X180.413 Y110.216
G1 X179.745 Y109.548
G1 X179.745 Y109.214
G1 X179.411 Y108.881
G1 X179.077 Y108.547
G1 X179.077 Y108.213
G1 X178.744 Y107.879
G1 X178.410 Y107.545
G1 X178.410 Y107.211
G1 X178.076 Y106.878
G1 X178.076 Y106.544
G1 X177.408 Y105.876
G1 X177.408 Y105.542
G1 X177.074 Y105.209
G1 X176.741 Y104.875
G1 X176.741 Y104.541
G1 X176.073 Y103.873
G1 X176.073 Y103.539
G1 X175.739 Y103.206
G1 X175.071 Y102.538
G1 X175.071 Y102.204
G1 X174.738 Y101.870
G1 X174.404 Y101.536
G1 X174.070 Y101.203
G1 X173.068 Y100.201
G1 X172.735 Y99.867
G1 X172.401 Y99.533
G1 X172.067 Y99.200
G1 X171.399 Y98.532
G1 X171.065 Y98.532
G1 X170.732 Y98.198
G1 X170.064 Y97.530
G1 X169.730 Y97.197
G1 X169.396 Y97.197
G1 X169.062 Y96.863
G1 X168.729 Y96.529
G1 X168.395 Y96.195
G1 X168.061 Y96.195
G1 X167.393 Y95.527
G1 X167.059 Y95.527
G1 X161.384 Y89.852
G1 X161.050 Y89.852
G1 X160.717 Y89.518
G1 X160.383 Y89.185
G1 X159.715 Y88.517
G1 X159.381 Y88.517
G1 X159.047 Y88.183
G1 X158.714 Y87.849
G1 X158.380 Y87.515
G1 X158.046 Y87.515
G1 X157.712 Y87.182
G1 X157.044 Y86.514
G1 X156.711 Y86.180
G1 X156.043 Y85.512
G1 X155.709 Y85.179
G1 X155.041 Y84.511
G1 X154.708 Y84.177
G1 X154.040 Y83.509
G1 X153.706 Y83.176
G1 X153.372 Y82.842
G1 X153.039 Y82.508
G1 X152.037 Y81.506
G1 X151.703 Y81.173
G1 X151.369 Y80.839
G1 X151.036 Y80.505
G1 X150.034 Y79.503
G1 X149.700 Y79.170
G1 X149.366 Y78.836
G1 X149.033 Y78.502
G1 X148.031 Y77.500
G1 X147.697 Y77.167
G1 X147.363 Y76.833
G1 X147.030 Y76.499
G1 X146.028 Y75.497
G1 X145.694 Y75.164
G1 X145.360 Y74.830
G1 X145.027 Y74.496
G1 X144.025 Y73.494
G1 X143.691 Y73.161
G1 X143.357 Y72.827
G1 X143.024 Y72.493
G1 X142.022 Y71.491
G1 X141.688 Y71.158
G1 X141.354 Y70.824
G1 X141.021 Y70.490
G1 X141.021 Y70.156
G1 X140.353 Y69.488
G1 X140.019 Y69.155
G1 X139.351 Y68.487
G1 X139.018 Y68.153
G1 X139.018 Y67.819
G1 X138.684 Y67.485
G1 X138.350 Y67.152
G1 X138.350 Y66.818
G1 X137.682 Y66.150
G1 X137.682 Y65.816
G1 X137.348 Y65.482
G1 X137.348 Y65.149
G1 X137.015 Y64.815
G1 X137.015 Y64.481
G1 X136.681 Y64.147
G1 X136.681 Y63.813
G1 X136.347 Y63.479
G1 X136.347 Y62.812
G1 X136.013 Y62.478
G1 X136.013 Y61.476
G1 X135.679 Y61.143
G1 X135.679 Y60.141
G1 X135.345 Y59.807
G1 X135.345 Y58.472
G1 X135.012 Y58.138
G1 X135.012 Y49.459
G1 X135.345 Y49.125
G1 X135.345 Y45.786
G1 X135.679 Y45.453
G1 X135.679 Y43.116
G1 X136.013 Y42.782
G1 X136.013 Y40.445
G1 X136.347 Y40.111
G1 X136.347 Y38.776
G1 X136.681 Y38.442
G1 X136.681 Y37.774
G1 X137.015 Y37.441
G1 X137.348 Y37.107
G1 X138.350 Y36.105
G1 X138.684 Y36.105
G1 X139.018 Y35.771
G1 X139.351 Y35.771
G1 X139.685 Y35.438
G1 X140.687 Y35.438
G1 X141.021 Y35.104
G1 X141.688 Y35.104
G1 X142.022 Y34.770
G1 X143.024 Y34.770
G1 X143.357 Y34.436
G1 X144.025 Y34.436
G1 X144.359 Y34.102
G1 X144.693 Y34.102
G1 X145.027 Y33.768
G1 X145.694 Y33.768
G1 X146.028 Y33.435
G1 X146.362 Y33.435
G1 X146.696 Y33.101
G1 X147.030 Y33.101
G1 X147.363 Y32.767
G1 X147.697 Y32.767
G1 X148.699 Y31.765
G1 X149.033 Y31.432
G1 X149.366 Y31.098
G1 X149.700 Y30.764
G1 X149.700 Y30.430
G1 X150.368 Y29.762
G1 X150.368 Y29.095
G1 X150.702 Y28.761
G1 X150.702 Y25.423
G1 X149.700 Y24.421
G1 X149.366 Y24.421
G1 X149.033 Y24.087
G1 X148.031 Y24.087
G1 X147.697 Y23.753
G1 X146.696 Y23.753
G1 X146.362 Y23.420
G1 X144.693 Y23.420
G1 X144.359 Y23.086
G1 X142.356 Y23.086
G1 X142.022 Y22.752
G1 X131.006 Y22.752
G1 X130.672 Y23.086
G1 X127.000 Y23.086
G1 X126.666 Y23.420
G1 X126.332 Y23.753
G1 X125.330 Y24.755
G1 X124.997 Y25.089
G1 X124.663 Y25.423
G1 X124.663 Y25.756
G1 X124.329 Y26.090
G1 X124.329 Y26.424
G1 X123.995 Y26.758
G1 X123.995 Y27.092
G1 X123.661 Y27.426
G1 X123.661 Y27.759
G1 X123.327 Y28.093
G1 X123.327 Y28.427
G1 X122.994 Y28.761
G1 X122.994 Y29.095
G1 X122.660 Y29.429
G1 X122.660 Y30.096
G1 X122.326 Y30.430
G1 X122.326 Y30.764
G1 X121.992 Y31.098
G1 X121.992 Y31.765
G1 X121.658 Y32.099
G1 X121.658 Y32.767
G1 X121.324 Y33.101
G1 X121.324 Y34.102
G1 X120.991 Y34.436
G1 X120.991 Y35.438
G1 X120.657 Y35.771
G1 X120.657 Y36.773
G1 X120.323 Y37.107
G1 X120.323 Y38.776
G1 X119.989 Y39.110
G1 X119.989 Y40.779
G1 X119.655 Y41.113
G1 X119.655 Y43.450
G1 X119.321 Y43.783
G1 X119.321 Y45.786
G1 X118.988 Y46.120
G1 X118.988 Y49.125
G1 X118.654 Y49.459
G1 X118.654 Y53.464
G1 X118.320 Y53.798
G1 X118.320 Y70.824
G1 X118.654 Y71.158
G1 X118.654 Y73.828
G1 X118.988 Y74.162
G1 X118.988 Y75.497
G1 X119.321 Y75.831
G1 X119.321 Y76.833
G1 X119.655 Y77.167
G1 X119.655 Y78.168
G1 X119.989 Y78.502
G1 X119.989 Y79.170
G1 X120.323 Y79.503
G1 X120.323 Y79.837
G1 X120.657 Y80.171
G1 X120.657 Y80.839
G1 X120.991 Y81.173
G1 X120.991 Y81.506
G1 X121.324 Y81.840
G1 X121.324 Y82.174
G1 X121.658 Y82.508
G1 X121.658 Y82.842
G1 X121.992 Y83.176
G1 X122.326 Y83.509
G1 X122.994 Y84.177
G1 X123.327 Y84.511
G1 X123.995 Y85.179
G1 X124.329 Y85.512
G1 X124.997 Y86.180
G1 X125.330 Y86.514
G1 X125.998 Y87.182
G1 X126.332 Y87.515
G1 X127.000 Y88.183
G1 X127.333 Y88.517
G1 X128.001 Y89.185
G1 X128.335 Y89.518
G1 X129.003 Y90.186
G1 X129.336 Y90.520
G1 X130.004 Y91.188
G1 X130.338 Y91.521
G1 X130.338 Y91.855
G1 X131.006 Y92.523
G1 X131.339 Y92.857
G1 X131.673 Y93.191
G1 X131.673 Y93.524
G1 X132.007 Y93.858
G1 X132.007 Y94.192
G1 X132.675 Y94.860
G1 X132.675 Y95.194
G1 X133.009 Y95.527
G1 X133.009 Y95.861
G1 X133.342 Y96.195
G1 X133.342 Y96.863
G1 X133.676 Y97.197
G1 X133.676 Y97.864
G1 X134.010 Y98.198
G1 X134.010 Y98.866
G1 X134.344 Y99.200
G1 X134.344 Y100.535
G1 X134.678 Y100.869
G1 X134.678 Y103.206
G1 X135.012 Y103.539
G1 X135.012 Y108.213
G1 X135.345 Y108.547
G1 X135.345 Y112.553
G1 X135.679 Y112.887
G1 X135.679 Y114.890
G1 X136.013 Y115.223
G1 X136.013 Y116.225
G1 X136.347 Y116.559
G1 X136.347 Y117.894
G1 X136.681 Y118.228
G1 X136.681 Y119.229
G1 X137.015 Y119.563
G1 X137.015 Y120.231
G1 X137.348 Y120.565
G1 X137.348 Y121.566
G1 X137.682 Y121.900
G1 X137.682 Y122.568
G1 X138.016 Y122.902
G1 X138.016 Y123.903
G1 X138.350 Y124.237
G1 X138.350 Y125.238
G1 X138.684 Y125.572
G1 X138.684 Y126.240
G1 X139.018 Y126.574
G1 X139.018 Y127.575
G1 X139.351 Y127.909
G1 X139.351 Y128.577
G1 X139.685 Y128.911
G1 X139.685 Y130.246
G1 X140.019 Y130.580
G1 X140.019 Y131.581
G1 X140.353 Y131.915
G1 X140.353 Y132.917
G1 X140.687 Y133.250
G1 X140.687 Y134.920
G1 X141.021 Y135.253
G1 X141.021 Y136.923
G1 X141.354 Y137.256
G1 X141.354 Y139.259
G1 X141.688 Y139.593
G1 X141.688 Y141.596
G1 X142.022 Y141.930
G1 X142.022 Y143.933
G1 X142.356 Y144.267
G1 X142.356 Y146.270
G1 X142.690 Y146.604
G1 X142.690 Y148.607
G1 X143.024 Y148.941
G1 X143.024 Y150.944
G1 X143.357 Y151.277
G1 X143.357 Y153.614
G1 X143.691 Y153.948
G1 X143.691 Y154.950
G1 X144.025 Y155.283
G1 X144.025 Y156.953
G1 X144.359 Y157.286
G1 X144.359 Y158.288
G1 X144.693 Y158.622
G1 X144.693 Y159.957
G1 X145.027 Y160.291
G1 X145.027 Y161.292
G1 X145.360 Y161.626
G1 X145.360 Y162.628
G1 X145.694 Y162.961
G1 X145.694 Y163.963
G1 X146.028 Y164.297
G1 X146.028 Y165.298
G1 X146.362 Y165.632
G1 X146.362 Y166.634
G1 X146.696 Y166.967
G1 X146.696 Y167.635
G1 X147.030 Y167.969
G1 X147.030 Y168.637
G1 X147.363 Y168.970
G1 X147.363 Y169.972
G1 X147.697 Y170.306
G1 X147.697 Y170.973
G1 X148.031 Y171.307
G1 X148.031 Y171.975
G1 X148.365 Y172.309
G1 X148.365 Y172.643
G1 X148.699 Y172.976
G1 X148.699 Y173.644
G1 X149.033 Y173.978
G1 X149.033 Y174.312
G1 X149.366 Y174.646
G1 X149.366 Y175.313
G1 X149.700 Y175.647
G1 X149.700 Y175.981
G1 X150.368 Y176.649
G1 X150.368 Y176.982
G1 X150.702 Y177.316
G1 X150.702 Y177.650
G1 X151.036 Y177.984
G1 X151.036 Y178.318
G1 X151.369 Y178.652
G1 X151.369 Y178.985
G1 X152.037 Y179.653
G1 X152.037 Y179.987
G1 X152.371 Y180.321
G1 X152.371 Y180.655
G1 X152.705 Y180.988
G1 X153.039 Y181.322
G1 X153.039 Y181.656
G1 X153.372 Y181.990
G1 X153.706 Y182.324
G1 X153.706 Y182.658
G1 X154.040 Y182.991
G1 X154.040 Y183.325
G1 X154.708 Y183.993
G1 X154.708 Y184.327
G1 X155.041 Y184.661
G1 X155.041 Y184.994
G1 X155.375 Y185.328
G1 X155.375 Y185.662
G1 X155.709 Y185.996
G1 X155.709 Y186.664
G1 X156.043 Y186.997
G1 X156.043 Y187.665
G1 X156.377 Y187.999
G1 X156.377 Y188.667
G1 X156.711 Y189.000
G1 X156.711 Y191.671
G1 X155.709 Y192.673
G1 X155.375 Y193.006
G1 X155.041 Y193.340
G1 X154.708 Y193.674
G1 X154.374 Y193.674
G1 X153.706 Y194.342
G1 X153.372 Y194.342
G1 X153.039 Y194.676
G1 X152.705 Y194.676
G1 X152.371 Y195.009
G1 X151.703 Y195.009
G1 X151.369 Y195.343
G1 X151.036 Y195.343
G1 X150.702 Y195.677
G1 X150.034 Y195.677
G1 X149.700 Y196.011
G1 X148.699 Y196.011
G1 X148.365 Y196.345
G1 X147.363 Y196.345
G1 X147.030 Y196.679
G1 X146.028 Y196.679
G1 X145.694 Y197.012
G1 X144.359 Y197.012
G1 X144.025 Y197.346
G1 X142.690 Y197.346
G1 X142.356 Y197.680
G1 X141.021 Y197.680
G1 X140.687 Y198.014
G1 X138.684 Y198.014
G1 X138.350 Y198.348
G1 X135.679 Y198.348
G1 X135.345 Y198.682
G1 X131.339 Y198.682
G1 X131.006 Y199.015
G1 X107.637 Y199.015
G1 X107.303 Y199.349
G1 X104.633 Y199.349
G1 X104.299 Y199.683
G1 X101.962 Y199.683
G1 X101.628 Y200.017
G1 X99.959 Y200.017
G1 X99.625 Y200.351
G1 X97.622 Y200.351
G1 X97.289 Y200.685
G1 X95.286 Y200.685
G1 X94.952 Y201.018
G1 X93.283 Y201.018
G1 X92.949 Y201.352
G1 X91.280 Y201.352
G1 X90.946 Y201.686
G1 X89.277 Y201.686
G1 X88.943 Y202.020
G1 X87.274 Y202.020
G1 X86.940 Y202.354
G1 X85.271 Y202.354
G1 X84.937 Y202.688
G1 X83.268 Y202.688
G1 X82.934 Y203.021
G1 X81.265 Y203.021
G1 X80.931 Y203.355
G1 X79.595 Y203.355
G1 X79.262 Y203.689
G1 X77.926 Y203.689
G1 X77.592 Y204.023
G1 X76.257 Y204.023
G1 X75.923 Y204.357
G1 X74.922 Y204.357
G1 X74.588 Y204.691
G1 X73.586 Y204.691
G1 X73.253 Y205.024
G1 X72.251 Y205.024
G1 X71.917 Y205.358
G1 X71.250 Y205.358
G1 X70.916 Y205.692
G1 X70.248 Y205.692
G1 X69.914 Y206.026
G1 X69.247 Y206.026
G1 X68.913 Y206.360
G1 X68.245 Y206.360
G1 X67.911 Y206.694
G1 X67.577 Y206.694
G1 X67.244 Y207.027
G1 X66.576 Y207.027
G1 X65.574 Y208.029
G1 X65.574 Y208.697
G1 X65.908 Y209.030
G1 X66.910 Y210.032
G1 X67.244 Y210.032
G1 X67.577 Y210.366
G1 X67.911 Y210.700
G1 X68.245 Y210.700
G1 X68.579 Y211.033
G1 X68.913 Y211.033
G1 X69.247 Y211.367
G1 X69.580 Y211.367
G1 X69.914 Y211.701
G1 X70.582 Y211.701
G1 X70.916 Y212.035
G1 X71.583 Y212.035
G1 X71.917 Y212.369
G1 X72.919 Y212.369
G1 X73.253 Y212.703
G1 X74.254 Y212.703
G1 X74.588 Y213.036
G1 X76.257 Y213.036
G1 X76.591 Y213.370
G1 X90.612 Y213.370
G1 X90.946 Y213.036
G1 X97.289 Y213.036
G1 X97.622 Y212.703
G1 X112.645 Y212.703
G1 X112.979 Y212.369
G1 X139.018 Y212.369
G1 X139.351 Y212.035
G1 X147.697 Y212.035
G1 X148.031 Y211.701
G1 X159.381 Y211.701
G1 X159.715 Y211.367
G1 X167.727 Y211.367
G1 X168.061 Y211.033
G1 X173.736 Y211.033
G1 X174.070 Y211.367
G1 X176.073 Y211.367
G1 X176.407 Y211.701
G1 X178.410 Y211.701
G1 X178.744 Y212.035
G1 X179.745 Y212.035
G1 X180.079 Y212.369
G1 X181.414 Y212.369
G1 X181.748 Y212.703
G1 X183.083 Y212.703
G1 X183.417 Y213.036
G1 X184.419 Y213.036
G1 X184.753 Y213.370
G1 X185.754 Y213.370
G1 X186.088 Y213.704
G1 X187.089 Y213.704
G1 X187.423 Y214.038
G1 X188.425 Y214.038
G1 X188.759 Y214.372
G1 X189.760 Y214.372
G1 X190.094 Y214.706
G1 X191.429 Y214.706
G1 X191.763 Y215.039
G1 X192.765 Y215.039
G1 X193.098 Y215.373
G1 X194.434 Y215.373
G1 X194.768 Y215.707
G1 X196.103 Y215.707
G1 X196.437 Y216.041
G1 X198.440 Y216.041
G1 X198.774 Y216.375
G1 X200.777 Y216.375
G1 X201.110 Y216.709
G1 X204.783 Y216.709
G1 X205.116 Y217.042
G1 X207.453 Y217.042
G1 X207.787 Y217.376
G1 X215.799 Y217.376
G1 X216.133 Y217.710
G1 X224.145 Y217.710
G1 X224.479 Y218.044
G1 X234.494 Y218.044
G1 X234.827 Y218.378
G1 X247.179 Y218.378
G1 X247.513 Y218.711
G1 X252.854 Y218.711
G1 X253.188 Y219.045
G1 X257.862 Y219.045
G1 X258.196 Y219.379
G1 X262.202 Y219.379
G1 X262.536 Y219.713
G1 X265.540 Y219.713
G1 X265.874 Y220.047
G1 X267.877 Y220.047
G1 X268.211 Y220.381
G1 X270.214 Y220.381
G1 X270.547 Y220.714
G1 X272.217 Y220.714
G1 X272.550 Y221.048
G1 X274.220 Y221.048
G1 X274.553 Y221.382
G1 X276.223 Y221.382
G1 X276.556 Y221.716
G1 X277.558 Y221.716
G1 X277.892 Y222.050
G1 X278.893 Y222.050
G1 X279.227 Y222.384
G1 X280.229 Y222.384
G1 X280.562 Y222.717
G1 X281.230 Y222.717
G1 X281.564 Y223.051
G1 X282.232 Y223.051
G1 X282.565 Y223.385
G1 X283.233 Y223.385
G1 X283.567 Y223.719
G1 X284.235 Y223.719
G1 X284.568 Y224.053
G1 X285.236 Y224.053
G1 X285.570 Y224.387
G1 X286.238 Y224.387
G1 X286.571 Y224.720
G1 X286.905 Y224.720
G1 X287.239 Y225.054
G1 X287.907 Y225.054
G1 X288.241 Y225.388
G1 X288.574 Y225.388
G1 X288.908 Y225.722
G1 X289.576 Y225.722
G1 X289.910 Y226.056
G1 X290.244 Y226.056
G1 X290.577 Y226.390
G1 X291.245 Y226.390
G1 X291.579 Y226.723
G1 X291.913 Y226.723
G1 X292.247 Y227.057
G1 X292.914 Y227.057
G1 X293.248 Y227.391
G1 X293.582 Y227.391
G1 X293.916 Y227.725
G1 X294.250 Y227.725
G1 X294.583 Y228.059
G1 X295.251 Y228.059
G1 X295.585 Y228.393
G1 X295.919 Y228.393
G1 X296.253 Y228.726
G1 X296.586 Y228.726
G1 X296.920 Y229.060
G1 X297.588 Y229.060
G1 X297.922 Y229.394
G1 X298.589 Y229.394
G1 X298.923 Y229.728
G1 X299.257 Y229.728
G1 X299.591 Y230.062
G1 X300.259 Y230.062
G1 X300.592 Y230.396
G1 X300.926 Y230.396
G1 X301.260 Y230.729
G1 X301.928 Y230.729
G1 X302.262 Y231.063
G1 X302.929 Y231.063
G1 X303.263 Y231.397
G1 X303.597 Y231.397
G1 X303.931 Y231.731
G1 X304.598 Y231.731
G1 X304.932 Y232.065
G1 X305.600 Y232.065
G1 X305.934 Y232.399
G1 X306.601 Y232.399
G1 X306.935 Y232.732
G1 X307.269 Y232.732
G1 X307.603 Y233.066
G1 X308.271 Y233.066
G1 X308.604 Y233.400
G1 X309.272 Y233.400
G1 X309.606 Y233.734
G1 X309.940 Y233.734
G1 X310.274 Y234.068
G1 X310.941 Y234.068
G1 X311.275 Y234.402
G1 X311.943 Y234.402
G1 X312.277 Y234.735
G1 X312.610 Y234.735
G1 X312.944 Y235.069
G1 X313.612 Y235.069
G1 X313.946 Y235.403
G1 X314.280 Y235.403
G1 X314.613 Y235.737
G1 X315.281 Y235.737
G1 X315.615 Y236.071
G1 X315.949 Y236.071
G1 X316.283 Y236.405
G1 X316.950 Y236.405
G1 X317.284 Y236.738
G1 X317.618 Y236.738
G1 X317.952 Y237.072
G1 X318.286 Y237.072
G1 X318.619 Y237.406
G1 X318.953 Y237.406
G1 X319.287 Y237.740
G1 X319.955 Y237.740
G1 X320.289 Y238.074
G1 X320.622 Y238.074
G1 X320.956 Y238.408
G1 X321.290 Y238.408
G1 X321.624 Y238.741
G1 X321.958 Y238.741
G1 X322.291 Y239.075
G1 X322.625 Y239.409
G1 X322.959 Y239.409
G1 X323.293 Y239.743
G1 X323.627 Y239.743
G1 X323.961 Y240.077
G1 X324.294 Y240.077
G1 X324.628 Y240.411
G1 X324.962 Y240.411
G1 X325.296 Y240.744
G1 X325.630 Y240.744
G1 X325.964 Y241.078
G1 X326.297 Y241.412
G1 X326.631 Y241.412
G1 X327.299 Y242.080
G1 X327.633 Y242.080
G1 X328.300 Y242.747
G1 X328.634 Y242.747
G1 X329.970 Y244.083
G1 X330.303 Y244.083
G1 X330.637 Y244.417
G1 X330.971 Y244.750
G1 X331.973 Y245.752
G1 X332.306 Y246.086
G1 X332.640 Y246.420
G1 X332.974 Y246.753
G1 X333.976 Y247.755
G1 X334.309 Y248.089
G1 X334.643 Y248.423
G1 X334.977 Y248.756
G1 X335.311 Y249.090
G1 X335.311 Y249.424
G1 X335.979 Y250.092
G1 X336.312 Y250.426
G1 X336.646 Y250.759
G1 X337.314 Y251.427
G1 X337.314 Y251.761
G1 X338.983 Y253.430
G1 X338.983 Y253.764
G1 X339.651 Y254.432
G1 X339.985 Y254.765
G1 X339.985 Y255.099
G1 X340.318 Y255.433
G1 X340.986 Y256.101
G1 X340.986 Y256.435
G1 X341.320 Y256.768
G1 X341.988 Y257.436
G1 X341.988 Y257.770
G1 X342.321 Y258.104
G1 X342.655 Y258.438
G1 X342.989 Y258.771
G1 X342.989 Y259.105
G1 X343.991 Y260.107
G1 X343.991 Y260.441
G1 X344.658 Y261.108
G1 X344.658 Y261.442
G1 X345.660 Y262.444
G1 X345.660 Y262.777
G1 X345.994 Y263.111
G1 X346.327 Y263.445
G1 X346.327 Y263.779
G1 X346.995 Y264.447
G1 X347.329 Y264.780
G1 X347.329 Y265.114
G1 X347.997 Y265.782
G1 X347.997 Y266.116
G1 X348.330 Y266.450
G1 X348.664 Y266.783
G1 X349.332 Y267.451
G1 X349.332 Y267.785
G1 X350.333 Y268.786
G1 X350.333 Y269.120
G1 X351.669 Y270.456
G1 X351.669 Y270.789
G1 X352.003 Y271.123
G1 X352.336 Y271.457
G1 X353.338 Y272.459
G1 X353.338 Y272.792
G1 X354.006 Y273.460
G1 X354.339 Y273.794
G1 X354.673 Y274.128
G1 X355.007 Y274.461
G1 X355.341 Y274.795
G1 X355.341 Y275.129
G1 X356.009 Y275.797
G1 X356.342 Y276.131
G1 X356.676 Y276.464
G1 X358.012 Y277.800
G1 X358.345 Y278.134
G1 X358.679 Y278.467
G1 X360.015 Y279.803
G1 X360.348 Y280.137
G1 X360.682 Y280.470
G1 X362.018 Y281.806
G1 X362.351 Y282.140
G1 X362.685 Y282.473
G1 X364.021 Y283.809
G1 X364.354 Y284.143
G1 X364.688 Y284.476
G1 X366.024 Y285.812
G1 X366.357 Y286.146
G1 X366.691 Y286.479
G1 X368.027 Y287.815
G1 X368.360 Y288.149
G1 X368.694 Y288.482
G1 X370.030 Y289.818
G1 X370.363 Y290.152
G1 X370.697 Y290.485
G1 X371.699 Y291.487
G1 X371.699 Y291.821
G1 X372.700 Y292.822
G1 X372.700 Y293.156
G1 X373.702 Y294.158
G1 X373.702 Y294.491
G1 X374.036 Y294.825
G1 X374.369 Y295.159
G1 X374.369 Y295.493
G1 X375.037 Y296.161
G1 X375.037 Y296.494
G1 X376.039 Y297.496
G1 X376.372 Y297.830
G1 X376.706 Y298.164
G1 X377.040 Y298.497
G1 X377.708 Y299.165
G1 X378.041 Y299.499
G1 X378.709 Y300.167
G1 X379.043 Y300.500
G1 X379.711 Y301.168
G1 X380.044 Y301.168
G1 X380.712 Y301.836
G1 X381.046 Y301.836
G1 X381.380 Y302.170
G1 X381.714 Y302.503
G1 X382.047 Y302.503
G1 X382.381 Y302.837
G1 X382.715 Y302.837
G1 X383.049 Y303.171
G1 X383.383 Y303.171
G1 X383.717 Y303.505
G1 X384.050 Y303.505
G1 X384.384 Y303.839
G1 X385.052 Y303.839
G1 X385.386 Y304.173
G1 X386.053 Y304.173
G1 X386.387 Y304.506
G1 X387.389 Y304.506
G1 X387.723 Y304.840
G1 X388.724 Y304.840
G1 X389.058 Y305.174
G1 X390.393 Y305.174
G1 X390.727 Y305.508
G1 X391.729 Y305.508
G1 X392.062 Y305.842
G1 X400.408 Y305.842
G1 X400.742 Y305.508
G1 X402.077 Y305.508
G1 X402.411 Y305.174
G1 X404.080 Y305.174
G1 X404.414 Y304.840
G1 X406.083 Y304.840
G1 X406.417 Y304.506
G1 X407.419 Y304.506
G1 X407.753 Y304.173
G1 X408.754 Y304.173
G1 X409.088 Y303.839
G1 X410.089 Y303.839
G1 X410.423 Y303.505
G1 X411.425 Y303.505
G1 X411.759 Y303.171
G1 X412.426 Y303.171
G1 X412.760 Y302.837
G1 X413.428 Y302.837
G1 X413.762 Y302.503
G1 X414.429 Y302.503
G1 X414.763 Y302.170
G1 X415.431 Y302.170
G1 X415.765 Y301.836
G1 X416.432 Y301.836
G1 X416.766 Y301.502
G1 X417.100 Y301.502
G1 X417.434 Y301.168
G1 X418.101 Y301.168
G1 X418.435 Y300.834
G1 X418.769 Y300.834
G1 X419.103 Y300.500
G1 X419.437 Y300.500
G1 X419.771 Y300.167
G1 X420.438 Y300.167
G1 X420.772 Y299.833
G1 X421.106 Y299.833
G1 X421.440 Y299.499
G1 X421.774 Y299.499
G1 X422.107 Y299.165
G1 X422.441 Y299.165
G1 X422.775 Y298.831
G1 X423.109 Y298.831
G1 X423.443 Y298.497
G1 X423.777 Y298.497
G1 X424.110 Y298.164
G1 X424.444 Y298.164
G1 X425.112 Y297.496
G1 X425.446 Y297.496
G1 X425.780 Y297.162
G1 X426.113 Y297.162
G1 X426.781 Y296.494
G1 X427.115 Y296.494
G1 X427.449 Y296.161
G1 X427.783 Y295.827
G1 X428.116 Y295.493
G1 X429.118 Y294.491
G1 X429.452 Y294.158
G1 X429.786 Y293.824
G1 X430.119 Y293.490
G1 X431.121 Y292.488
G1 X431.455 Y292.155
G1 X431.455 Y291.821
G1 X431.789 Y291.487
G1 X431.789 Y291.153
G1 X432.122 Y290.819
G1 X432.122 Y290.152
G1 X432.456 Y289.818
G1 X432.456 Y289.484
G1 X432.790 Y289.150
G1 X432.790 Y288.482
G1 X433.124 Y288.149
G1 X433.124 Y287.481
G1 X433.458 Y287.147
G1 X433.458 Y286.479
G1 X433.792 Y286.146
G1 X433.791 Y285.812
G1 X433.791 Y285.478
G1 X434.125 Y285.144
G1 X434.125 Y284.810
G1 X434.459 Y284.476
G1 X434.459 Y284.143
G1 X434.793 Y283.809
G1 X434.793 Y283.475
G1 X435.461 Y282.807
G1 X435.794 Y282.473
G1 X436.128 Y282.140
G1 X437.464 Y280.804
G1 X437.797 Y280.470
G1 X438.131 Y280.137
G1 X438.799 Y279.469
G1 X439.133 Y279.469
G1 X439.467 Y279.135
G1 X439.800 Y278.801
G1 X440.134 Y278.801
G1 X440.468 Y278.467
G1 X440.802 Y278.134
G1 X441.136 Y278.134
G1 X441.470 Y277.800
G1 X441.803 Y277.800
G1 X442.137 Y277.466
G1 X442.805 Y277.466
G1 X443.139 Y277.132
G1 X443.473 Y277.132
G1 X443.806 Y276.798
G1 X444.474 Y276.798
G1 X444.808 Y276.464
G1 X445.476 Y276.464
G1 X445.809 Y276.131
G1 X446.477 Y276.131
G1 X446.811 Y275.797
G1 X447.812 Y275.797
G1 X448.146 Y275.463
G1 X448.814 Y275.463
G1 X449.148 Y275.129
G1 X450.149 Y275.129
G1 X450.483 Y274.795
G1 X451.151 Y274.795
G1 X451.485 Y274.461
G1 X452.152 Y274.461
G1 X452.486 Y274.128
G1 X453.154 Y274.128
G1 X453.488 Y273.794
G1 X453.821 Y273.794
G1 X454.155 Y273.460
G1 X454.823 Y273.460
G1 X455.157 Y273.126
G1 X455.491 Y273.126
G1 X455.824 Y272.792
G1 X456.158 Y272.792
G1 X456.492 Y272.459
G1 X457.494 Y271.457
G1 X457.827 Y271.123
G1 X458.161 Y270.789
G1 X458.495 Y270.456
G1 X459.163 Y269.788
G1 X458.495 Y270.456
G1 X458.161 Y270.789
G1 X457.827 Y271.123
G1 X457.494 Y271.457
G1 X456.492 Y272.459
G1 X456.158 Y272.792
G1 X455.824 Y272.792
G1 X455.491 Y273.126
G1 X455.157 Y273.126
G1 X454.823 Y273.460
G1 X454.155 Y273.460
G1 X453.821 Y273.794
G1 X453.488 Y273.794
G1 X453.154 Y274.128
G1 X452.486 Y274.128
G1 X452.152 Y274.461
G1 X451.485 Y274.461
G1 X451.151 Y274.795
G1 X450.483 Y274.795
G1 X450.149 Y275.129
G1 X449.148 Y275.129
G1 X448.814 Y275.463
G1 X448.146 Y275.463
G1 X447.812 Y275.797
G1 X446.811 Y275.797
G1 X446.477 Y276.131
G1 X445.809 Y276.131
G1 X445.476 Y276.464
G1 X444.808 Y276.464
G1 X444.474 Y276.798
G1 X443.806 Y276.798
G1 X443.473 Y277.132
G1 X443.139 Y277.132
G1 X442.805 Y277.466
G1 X442.137 Y277.466
G1 X441.803 Y277.800
G1 X441.470 Y277.800
G1 X441.136 Y278.134
G1 X440.802 Y278.134
G1 X440.468 Y278.467
G1 X440.134 Y278.801
G1 X439.800 Y278.801
G1 X439.467 Y279.135
G1 X439.133 Y279.469
G1 X438.799 Y279.469
G1 X438.131 Y280.137
G1 X437.797 Y280.470
G1 X437.464 Y280.804
G1 X436.128 Y282.140
G1 X435.794 Y282.473
G1 X435.461 Y282.807
G1 X434.793 Y283.475
G1 X434.793 Y283.809
G1 X434.459 Y284.143
G1 X434.459 Y284.476
G1 X434.125 Y284.810
G1 X434.125 Y285.144
G1 X433.791 Y285.478
G1 X433.791 Y285.812
G1 X433.792 Y286.146
G1 X433.458 Y286.479
G1 X433.458 Y287.147
G1 X433.124 Y287.481
G1 X433.124 Y288.149
G1 X432.790 Y288.482
G1 X432.790 Y289.150
G1 X432.456 Y289.484
G1 X432.456 Y289.818
G1 X432.122 Y290.152
G1 X432.122 Y290.819
G1 X431.789 Y291.153
G1 X431.789 Y291.487
G1 X431.455 Y291.821
G1 X431.455 Y292.155
G1 X431.121 Y292.488
G1 X430.119 Y293.490
G1 X429.786 Y293.824
G1 X429.452 Y294.158
G1 X429.118 Y294.491
G1 X428.116 Y295.493
G1 X427.783 Y295.827
G1 X427.449 Y296.161
G1 X427.115 Y296.494
G1 X426.781 Y296.494
G1 X426.113 Y297.162
G1 X425.780 Y297.162
G1 X425.446 Y297.496
G1 X425.112 Y297.496
G1 X424.444 Y298.164
G1 X424.110 Y298.164
G1 X423.777 Y298.497
G1 X423.443 Y298.497
G1 X423.109 Y298.831
G1 X422.775 Y298.831
G1 X422.441 Y299.165
G1 X422.107 Y299.165
G1 X421.774 Y299.499
G1 X421.440 Y299.499
G1 X421.106 Y299.833
G1 X420.772 Y299.833
G1 X420.438 Y300.167
G1 X419.771 Y300.167
G1 X419.437 Y300.500
G1 X419.103 Y300.500
G1 X418.769 Y300.834
G1 X418.435 Y300.834
G1 X418.101 Y301.168
G1 X417.434 Y301.168
G1 X417.100 Y301.502
G1 X416.766 Y301.502
G1 X416.432 Y301.836
G1 X415.765 Y301.836
G1 X415.431 Y302.170
G1 X414.763 Y302.170
G1 X414.429 Y302.503
G1 X413.762 Y302.503
G1 X413.428 Y302.837
G1 X412.760 Y302.837
G1 X412.426 Y303.171
G1 X411.759 Y303.171
G1 X411.425 Y303.505
G1 X410.423 Y303.505
G1 X410.089 Y303.839
G1 X409.088 Y303.839
G1 X408.754 Y304.173
G1 X407.753 Y304.173
G1 X407.419 Y304.506
G1 X406.417 Y304.506
G1 X406.083 Y304.840
G1 X404.414 Y304.840
G1 X404.080 Y305.174
G1 X402.411 Y305.174
G1 X402.077 Y305.508
G1 X400.742 Y305.508
G1 X400.408 Y305.842
G1 X392.062 Y305.842
G1 X391.729 Y305.508
G1 X390.727 Y305.508
G1 X390.393 Y305.174
G1 X389.058 Y305.174
G1 X388.724 Y304.840
G1 X387.723 Y304.840
G1 X387.389 Y304.506
G1 X386.387 Y304.506
G1 X386.053 Y304.173
G1 X385.386 Y304.173
G1 X385.052 Y303.839
G1 X384.384 Y303.839
G1 X384.050 Y303.505
G1 X383.717 Y303.505
G1 X383.383 Y303.171
G1 X383.049 Y303.171
G1 X382.715 Y302.837
G1 X382.381 Y302.837
G1 X382.047 Y302.503
G1 X381.714 Y302.503
G1 X381.380 Y302.170
G1 X381.046 Y301.836
G1 X380.712 Y301.836
G1 X380.044 Y301.168
G1 X379.711 Y301.168
G1 X379.043 Y300.500
G1 X378.709 Y300.167
G1 X378.041 Y299.499
G1 X377.708 Y299.165
G1 X377.040 Y298.497
G1 X376.706 Y298.164
G1 X376.372 Y297.830
G1 X376.039 Y297.496
G1 X375.037 Y296.494
G1 X375.037 Y296.161
G1 X374.369 Y295.493
G1 X374.369 Y295.159
G1 X374.036 Y294.825
G1 X373.702 Y294.491
G1 X373.702 Y294.158
G1 X372.700 Y293.156
G1 X372.700 Y292.822
G1 X371.699 Y291.821
G1 X371.699 Y291.487
G1 X370.697 Y290.485
G1 X370.363 Y290.152
G1 X370.030 Y289.818
G1 X368.694 Y288.482
G1 X368.360 Y288.149
G1 X368.027 Y287.815
G1 X366.691 Y286.479
G1 X366.357 Y286.146
G1 X366.024 Y285.812
G1 X364.688 Y284.476
G1 X364.354 Y284.143
G1 X364.021 Y283.809
G1 X362.685 Y282.473
G1 X362.351 Y282.140
G1 X362.018 Y281.806
G1 X360.682 Y280.470
G1 X360.348 Y280.137
G1 X360.015 Y279.803
G1 X358.679 Y278.467
G1 X358.345 Y278.134
G1 X358.012 Y277.800
G1 X356.676 Y276.464
G1 X356.342 Y276.131
G1 X356.009 Y275.797
G1 X355.341 Y275.129
G1 X355.341 Y274.795
G1 X355.007 Y274.461
G1 X354.673 Y274.128
G1 X354.339 Y273.794
G1 X354.006 Y273.460
G1 X353.338 Y272.792
G1 X353.338 Y272.459
G1 X352.336 Y271.457
G1 X352.003 Y271.123
G1 X351.669 Y270.789
G1 X351.669 Y270.456
G1 X350.333 Y269.120
G1 X350.333 Y268.786
G1 X349.332 Y267.785
G1 X349.332 Y267.451
G1 X348.664 Y266.783
G1 X348.330 Y266.450
G1 X347.997 Y266.116
G1 X347.997 Y265.782
G1 X347.329 Y265.114
G1 X347.329 Y264.780
G1 X346.995 Y264.447
G1 X346.327 Y263.779
G1 X346.327 Y263.445
G1 X345.994 Y263.111
G1 X345.660 Y262.777
G1 X345.660 Y262.444
G1 X344.658 Y261.442
G1 X344.658 Y261.108
G1 X343.991 Y260.441
G1 X343.991 Y260.107
G1 X342.989 Y259.105
G1 X342.989 Y258.771
G1 X342.655 Y258.438
G1 X342.321 Y258.104
G1 X341.988 Y257.770
G1 X341.988 Y257.436
G1 X341.320 Y256.768
G1 X340.986 Y256.435
G1 X340.986 Y256.101
G1 X340.318 Y255.433
G1 X339.985 Y255.099
G1 X339.985 Y254.765
G1 X339.651 Y254.432
G1 X338.983 Y253.764
G1 X338.983 Y253.430
G1 X337.314 Y251.761
G1 X337.314 Y251.427
G1 X336.646 Y250.759
G1 X336.312 Y250.426
G1 X335.979 Y250.092
G1 X335.311 Y249.424
G1 X335.311 Y249.090
G1 X334.977 Y248.756
G1 X334.643 Y248.423
G1 X334.309 Y248.089
G1 X333.976 Y247.755
G1 X332.974 Y246.753
G1 X332.640 Y246.420
G1 X332.306 Y246.086
G1 X331.973 Y245.752
G1 X330.971 Y244.750
G1 X330.637 Y244.417
G1 X330.303 Y244.083
G1 X329.970 Y244.083
G1 X328.634 Y242.747
G1 X328.300 Y242.747
G1 X327.633 Y242.080
G1 X327.299 Y242.080
G1 X326.631 Y241.412
G1 X326.297 Y241.412
G1 X325.964 Y241.078
G1 X325.630 Y240.744
G1 X325.296 Y240.744
G1 X324.962 Y240.411
G1 X324.628 Y240.411
G1 X324.294 Y240.077
G1 X323.961 Y240.077
G1 X323.627 Y239.743
G1 X323.293 Y239.743
G1 X322.959 Y239.409
G1 X322.625 Y239.409
G1 X322.291 Y239.075
G1 X321.958 Y238.741
G1 X321.624 Y238.741
G1 X321.290 Y238.408
G1 X320.956 Y238.408
G1 X320.622 Y238.074
G1 X320.289 Y238.074
G1 X319.955 Y237.740
G1 X319.287 Y237.740
G1 X318.953 Y237.406
G1 X318.619 Y237.406
G1 X318.286 Y237.072
G1 X317.952 Y237.072
G1 X317.618 Y236.738
G1 X317.284 Y236.738
G1 X316.950 Y236.405
G1 X316.283 Y236.405
G1 X315.949 Y236.071
G1 X315.615 Y236.071
G1 X315.281 Y235.737
G1 X314.613 Y235.737
G1 X314.280 Y235.403
G1 X313.946 Y235.403
G1 X313.612 Y235.069
G1 X312.944 Y235.069
G1 X312.610 Y234.735
G1 X312.277 Y234.735
G1 X311.943 Y234.402
G1 X311.275 Y234.402
G1 X310.941 Y234.068
G1 X310.274 Y234.068
G1 X309.940 Y233.734
G1 X309.606 Y233.734
G1 X309.272 Y233.400
G1 X308.604 Y233.400
G1 X308.271 Y233.066
G1 X307.603 Y233.066
G1 X307.269 Y232.732
G1 X306.935 Y232.732
G1 X306.601 Y232.399
G1 X305.934 Y232.399
G1 X305.600 Y232.065
G1 X304.932 Y232.065
G1 X304.598 Y231.731
G1 X303.931 Y231.731
G1 X303.597 Y231.397
G1 X303.263 Y231.397
G1 X302.929 Y231.063
G1 X302.262 Y231.063
G1 X301.928 Y230.729
G1 X301.260 Y230.729
G1 X300.926 Y230.396
G1 X300.592 Y230.396
G1 X300.259 Y230.062
G1 X299.591 Y230.062
G1 X299.257 Y229.728
G1 X298.923 Y229.728
G1 X298.589 Y229.394
G1 X297.922 Y229.394
G1 X297.588 Y229.060
G1 X296.920 Y229.060
G1 X296.586 Y228.726
G1 X296.253 Y228.726
G1 X295.919 Y228.393
G1 X295.585 Y228.393
G1 X295.251 Y228.059
G1 X294.583 Y228.059
G1 X294.250 Y227.725
G1 X293.916 Y227.725
G1 X293.582 Y227.391
G1 X293.248 Y227.391
G1 X292.914 Y227.057
G1 X292.247 Y227.057
G1 X291.913 Y226.723
G1 X291.579 Y226.723
G1 X291.245 Y226.390
G1 X290.577 Y226.390
G1 X290.244 Y226.056
G1 X289.910 Y226.056
G1 X289.576 Y225.722
G1 X288.908 Y225.722
G1 X288.574 Y225.388
G1 X288.241 Y225.388
G1 X287.907 Y225.054
G1 X287.239 Y225.054
G1 X286.905 Y224.720
G1 X286.571 Y224.720
G1 X286.238 Y224.387
G1 X285.570 Y224.387
G1 X285.236 Y224.053
G1 X284.568 Y224.053
G1 X284.235 Y223.719
G1 X283.567 Y223.719
G1 X283.233 Y223.385
G1 X282.565 Y223.385
G1 X282.232 Y223.051
G1 X281.564 Y223.051
G1 X281.230 Y222.717
G1 X280.562 Y222.717
G1 X280.229 Y222.384
G1 X279.227 Y222.384
G1 X278.893 Y222.050
G1 X277.892 Y222.050
G1 X277.558 Y221.716
G1 X276.556 Y221.716
G1 X276.223 Y221.382
G1 X274.553 Y221.382
G1 X274.220 Y221.048
G1 X272.550 Y221.048
G1 X272.217 Y220.714
G1 X270.547 Y220.714
G1 X270.214 Y220.381
G1 X268.211 Y220.381
G1 X267.877 Y220.047
G1 X265.874 Y220.047
G1 X265.540 Y219.713
G1 X262.536 Y219.713
G1 X262.202 Y219.379
G1 X258.196 Y219.379
G1 X257.862 Y219.045
G1 X253.188 Y219.045
G1 X252.854 Y218.711
G1 X247.513 Y218.711
G1 X247.179 Y218.378
G1 X234.827 Y218.378
G1 X234.494 Y218.044
G1 X224.479 Y218.044
G1 X224.145 Y217.710
G1 X216.133 Y217.710
G1 X215.799 Y217.376
G1 X207.787 Y217.376
G1 X207.453 Y217.042
G1 X205.116 Y217.042
G1 X204.783 Y216.709
G1 X201.110 Y216.709
G1 X200.777 Y216.375
G1 X198.774 Y216.375
G1 X198.440 Y216.041
G1 X196.437 Y216.041
G1 X196.103 Y215.707
G1 X194.768 Y215.707
G1 X194.434 Y215.373
G1 X193.098 Y215.373
G1 X192.765 Y215.039
G1 X191.763 Y215.039
G1 X191.429 Y214.706
G1 X190.094 Y214.706
G1 X189.760 Y214.372
G1 X188.759 Y214.372
G1 X188.425 Y214.038
G1 X187.423 Y214.038
G1 X187.089 Y213.704
G1 X186.088 Y213.704
G1 X185.754 Y213.370
G1 X184.753 Y213.370
G1 X184.419 Y213.036
G1 X183.417 Y213.036
G1 X183.083 Y212.703
G1 X181.748 Y212.703
G1 X181.414 Y212.369
G1 X180.079 Y212.369
G1 X179.745 Y212.035
G1 X178.744 Y212.035
G1 X178.410 Y211.701
G1 X176.407 Y211.701
G1 X176.073 Y211.367
G1 X174.070 Y211.367
G1 X173.736 Y211.033
G1 X168.061 Y211.033
G1 X167.727 Y211.367
G1 X159.715 Y211.367
G1 X159.381 Y211.701
G1 X148.031 Y211.701
G1 X147.697 Y212.035
G1 X139.351 Y212.035
G1 X139.018 Y212.369
G1 X112.979 Y212.369
G1 X112.645 Y212.703
G1 X97.622 Y212.703
G1 X97.289 Y213.036
G1 X90.946 Y213.036
G1 X90.612 Y213.370
G1 X76.591 Y213.370
G1 X76.257 Y213.036
G1 X74.588 Y213.036
G1 X74.254 Y212.703
G1 X73.253 Y212.703
G1 X72.919 Y212.369
G1 X71.917 Y212.369
G1 X71.583 Y212.035
G1 X70.916 Y212.035
G1 X70.582 Y211.701
G1 X69.914 Y211.701
G1 X69.580 Y211.367
G1 X69.247 Y211.367
G1 X68.913 Y211.033
G1 X68.579 Y211.033
G1 X68.245 Y210.700
G1 X67.911 Y210.700
G1 X67.577 Y210.366
G1 X67.244 Y210.032
G1 X66.910 Y210.032
G1 X65.908 Y209.030
G1 X65.574 Y208.697
G1 X65.574 Y208.029
G1 X66.576 Y207.027
G1 X67.244 Y207.027
G1 X67.577 Y206.694
G1 X67.911 Y206.694
G1 X68.245 Y206.360
G1 X68.913 Y206.360
G1 X69.247 Y206.026
G1 X69.914 Y206.026
G1 X70.248 Y205.692
G1 X70.916 Y205.692
G1 X71.250 Y205.358
G1 X71.917 Y205.358
G1 X72.251 Y205.024
G1 X73.253 Y205.024
G1 X73.586 Y204.691
G1 X74.588 Y204.691
G1 X74.922 Y204.357
G1 X75.923 Y204.357
G1 X76.257 Y204.023
G1 X77.592 Y204.023
G1 X77.926 Y203.689
G1 X79.262 Y203.689
G1 X79.595 Y203.355
G1 X80.931 Y203.355
G1 X81.265 Y203.021
G1 X82.934 Y203.021
G1 X83.268 Y202.688
G1 X84.937 Y202.688
G1 X85.271 Y202.354
G1 X86.940 Y202.354
G1 X87.274 Y202.020
G1 X88.943 Y202.020
G1 X89.277 Y201.686
G1 X90.946 Y201.686
G1 X91.280 Y201.352
G1 X92.949 Y201.352
G1 X93.283 Y201.018
G1 X94.952 Y201.018
G1 X95.286 Y200.685
G1 X97.289 Y200.685
G1 X97.622 Y200.351
G1 X99.625 Y200.351
G1 X99.959 Y200.017
G1 X101.628 Y200.017
G1 X101.962 Y199.683
G1 X104.299 Y199.683
G1 X104.633 Y199.349
G1 X107.303 Y199.349
G1 X107.637 Y199.015
G1 X131.006 Y199.015
G1 X131.339 Y198.682
G1 X135.345 Y198.682
G1 X135.679 Y198.348
G1 X138.350 Y198.348
G1 X138.684 Y198.014
G1 X140.687 Y198.014
G1 X141.021 Y197.680
G1 X142.356 Y197.680
G1 X142.690 Y197.346
G1 X144.025 Y197.346
G1 X144.359 Y197.012
G1 X145.694 Y197.012
G1 X146.028 Y196.679
G1 X147.030 Y196.679
G1 X147.363 Y196.345
G1 X148.365 Y196.345
G1 X148.699 Y196.011
G1 X149.700 Y196.011
G1 X150.034 Y195.677
G1 X150.702 Y195.677
G1 X151.036 Y195.343
G1 X151.369 Y195.343
G1 X151.703 Y195.009
G1 X152.371 Y195.009
G1 X152.705 Y194.676
G1 X153.039 Y194.676
G1 X153.372 Y194.342
G1 X153.706 Y194.342
G1 X154.374 Y193.674
G1 X154.708 Y193.674
G1 X155.041 Y193.340
G1 X155.375 Y193.006
G1 X155.709 Y192.673
G1 X156.711 Y191.671
G1 X156.711 Y189.000
G1 X156.377 Y188.667
G1 X156.377 Y187.999
G1 X156.043 Y187.665
G1 X156.043 Y186.997
G1 X155.709 Y186.664
G1 X155.709 Y185.996
G1 X155.375 Y185.662
G1 X155.375 Y185.328
G1 X155.041 Y184.994
G1 X155.041 Y184.661
G1 X154.708 Y184.327
G1 X154.708 Y183.993
G1 X154.040 Y183.325
G1 X154.040 Y182.991
G1 X153.706 Y182.658
G1 X153.706 Y182.324
G1 X153.372 Y181.990
G1 X153.039 Y181.656
G1 X153.039 Y181.322
G1 X152.705 Y180.988
G1 X152.371 Y180.655
G1 X152.371 Y180.321
G1 X152.037 Y179.987
G1 X152.037 Y179.653
G1 X151.369 Y178.985
G1 X151.369 Y178.652
G1 X151.036 Y178.318
G1 X151.036 Y177.984
G1 X150.702 Y177.650
G1 X150.702 Y177.316
G1 X150.368 Y176.982
G1 X150.368 Y176.649
G1 X149.700 Y175.981
G1 X149.700 Y175.647
G1 X149.366 Y175.313
G1 X149.366 Y174.646
G1 X149.033 Y174.312
G1 X149.033 Y173.978
G1 X148.699 Y173.644
G1 X148.699 Y172.976
G1 X148.365 Y172.643
G1 X148.365 Y172.309
G1 X148.031 Y171.975
G1 X148.031 Y171.307
G1 X147.697 Y170.973
G1 X147.697 Y170.306
G1 X147.363 Y169.972
G1 X147.363 Y168.970
G1 X147.030 Y168.637
G1 X147.030 Y167.969
G1 X146.696 Y167.635
G1 X146.696 Y166.967
G1 X146.362 Y166.634
G1 X146.362 Y165.632
G1 X146.028 Y165.298
G1 X146.028 Y164.297
G1 X145.694 Y163.963
G1 X145.694 Y162.961
G1 X145.360 Y162.628
G1 X145.360 Y161.626
G1 X145.027 Y161.292
G1 X145.027 Y160.291
G1 X144.693 Y159.957
G1 X144.693 Y158.622
G1 X144.359 Y158.288
G1 X144.359 Y157.286
G1 X144.025 Y156.953
G1 X144.025 Y155.283
G1 X143.691 Y154.950
G1 X143.691 Y153.948
G1 X143.357 Y153.614
G1 X143.357 Y151.277
G1 X143.024 Y150.944
G1 X143.024 Y148.941
G1 X142.690 Y148.607
G1 X142.690 Y146.604
G1 X142.356 Y146.270
G1 X142.356 Y144.267
G1 X142.022 Y143.933
G1 X142.022 Y141.930
G1 X141.688 Y141.596
G1 X141.688 Y139.593
G1 X141.354 Y139.259
G1 X141.354 Y137.256
G1 X141.021 Y136.923
G1 X141.021 Y135.253
G1 X140.687 Y134.920
G1 X140.687 Y133.250
G1 X140.353 Y132.917
G1 X140.353 Y131.915
G1 X140.019 Y131.581
G1 X140.019 Y130.580
G1 X139.685 Y130.246
G1 X139.685 Y128.911
G1 X139.351 Y128.577
G1 X139.351 Y127.909
G1 X139.018 Y127.575
G1 X139.018 Y126.574
G1 X138.684 Y126.240
G1 X138.684 Y125.572
G1 X138.350 Y125.238
G1 X138.350 Y124.237
G1 X138.016 Y123.903
G1 X138.016 Y122.902
G1 X137.682 Y122.568
G1 X137.682 Y121.900
G1 X137.348 Y121.566
G1 X137.348 Y120.565
G1 X137.015 Y120.231
G1 X137.015 Y119.563
G1 X136.681 Y119.229
G1 X136.681 Y118.228
G1 X136.347 Y117.894
G1 X136.347 Y116.559
G1 X136.013 Y116.225
G1 X136.013 Y115.223
G1 X135.679 Y114.890
G1 X135.679 Y112.887
G1 X135.345 Y112.553
G1 X135.345 Y108.547
G1 X135.012 Y108.213
G1 X135.012 Y103.539
G1 X134.678 Y103.206
G1 X134.678 Y100.869
G1 X134.344 Y100.535
G1 X134.344 Y99.200
G1 X134.010 Y98.866
G1 X134.010 Y98.198
G1 X133.676 Y97.864
G1 X133.676 Y97.197
G1 X133.342 Y96.863
G1 X133.342 Y96.195
G1 X133.009 Y95.861
G1 X133.009 Y95.527
G1 X132.675 Y95.194
G1 X132.675 Y94.860
G1 X132.007 Y94.192
G1 X132.007 Y93.858
G1 X131.673 Y93.524
G1 X131.673 Y93.191
G1 X131.339 Y92.857
G1 X131.006 Y92.523
G1 X130.338 Y91.855
G1 X130.338 Y91.521
G1 X130.004 Y91.188
G1 X129.336 Y90.520
G1 X129.003 Y90.186
G1 X128.335 Y89.518
G1 X128.001 Y89.185
G1 X127.333 Y88.517
G1 X127.000 Y88.183
G1 X126.332 Y87.515
G1 X125.998 Y87.182
G1 X125.330 Y86.514
G1 X124.997 Y86.180
G1 X124.329 Y85.512
G1 X123.995 Y85.179
G1 X123.327 Y84.511
G1 X122.994 Y84.177
G1 X122.326 Y83.509
G1 X121.992 Y83.176
G1 X121.658 Y82.842
G1 X121.658 Y82.508
G1 X121.324 Y82.174
G1 X121.324 Y81.840
G1 X120.991 Y81.506
G1 X120.991 Y81.173
G1 X120.657 Y80.839
G1 X120.657 Y80.171
G1 X120.323 Y79.837
G1 X120.323 Y79.503
G1 X119.989 Y79.170
G1 X119.989 Y78.502
G1 X119.655 Y78.168
G1 X119.655 Y77.167
G1 X119.321 Y76.833
G1 X119.321 Y75.831
G1 X118.988 Y75.497
G1 X118.988 Y74.162
G1 X118.654 Y73.828
G1 X118.654 Y71.158
G1 X118.320 Y70.824
G1 X118.320 Y53.798
G1 X118.654 Y53.464
G1 X118.654 Y49.459
G1 X118.988 Y49.125
G1 X118.988 Y46.120
G1 X119.321 Y45.786
G1 X119.321 Y43.783
G1 X119.655 Y43.450
G1 X119.655 Y41.113
G1 X119.989 Y40.779
G1 X119.989 Y39.110
G1 X120.323 Y38.776
G1 X120.323 Y37.107
G1 X120.657 Y36.773
G1 X120.657 Y35.771
G1 X120.991 Y35.438
G1 X120.991 Y34.436
G1 X121.324 Y34.102
G1 X121.324 Y33.101
G1 X121.658 Y32.767
G1 X121.658 Y32.099
G1 X121.992 Y31.765
G1 X121.992 Y31.098
G1 X122.326 Y30.764
G1 X122.326 Y30.430
G1 X122.660 Y30.096
G1 X122.660 Y29.429
G1 X122.994 Y29.095
G1 X122.994 Y28.761
G1 X123.327 Y28.427
G1 X123.327 Y28.093
G1 X123.661 Y27.759
G1 X123.661 Y27.426
G1 X123.995 Y27.092
G1 X123.995 Y26.758
G1 X124.329 Y26.424
G1 X124.329 Y26.090
G1 X124.663 Y25.756
G1 X124.663 Y25.423
G1 X124.997 Y25.089
G1 X125.330 Y24.755
G1 X126.332 Y23.753
G1 X126.666 Y23.420
G1 X127.000 Y23.086
G1 X130.672 Y23.086
G1 X131.006 Y22.752
G1 X142.022 Y22.752
G1 X142.356 Y23.086
G1 X144.359 Y23.086
G1 X144.693 Y23.420
G1 X146.362 Y23.420
G1 X146.696 Y23.753
G1 X147.697 Y23.753
G1 X148.031 Y24.087
G1 X149.033 Y24.087
G1 X149.366 Y24.421
G1 X149.700 Y24.421
G1 X150.702 Y25.423
G1 X150.702 Y28.761
G1 X150.368 Y29.095
G1 X150.368 Y29.762
G1 X149.700 Y30.430
G1 X149.700 Y30.764
G1 X149.366 Y31.098
G1 X149.033 Y31.432
G1 X148.699 Y31.765
G1 X147.697 Y32.767
G1 X147.363 Y32.767
G1 X147.030 Y33.101
G1 X146.696 Y33.101
G1 X146.362 Y33.435
G1 X146.028 Y33.435
G1 X145.694 Y33.768
G1 X145.027 Y33.768
G1 X144.693 Y34.102
G1 X144.359 Y34.102
G1 X144.025 Y34.436
G1 X143.357 Y34.436
G1 X143.024 Y34.770
G1 X142.022 Y34.770
G1 X141.688 Y35.104
G1 X141.021 Y35.104
G1 X140.687 Y35.438
G1 X139.685 Y35.438
G1 X139.351 Y35.771
G1 X139.018 Y35.771
G1 X138.684 Y36.105
G1 X138.350 Y36.105
G1 X137.348 Y37.107
G1 X137.015 Y37.441
G1 X136.681 Y37.774
G1 X136.681 Y38.442
G1 X136.347 Y38.776
G1 X136.347 Y40.111
G1 X136.013 Y40.445
G1 X136.013 Y42.782
G1 X135.679 Y43.116
G1 X135.679 Y45.453
G1 X135.345 Y45.786
G1 X135.345 Y49.125
G1 X135.012 Y49.459
G1 X135.012 Y58.138
G1 X135.345 Y58.472
G1 X135.345 Y59.807
G1 X135.679 Y60.141
G1 X135.679 Y61.143
G1 X136.013 Y61.476
G1 X136.013 Y62.478
G1 X136.347 Y62.812
G1 X136.347 Y63.479
G1 X136.681 Y63.813
G1 X136.681 Y64.147
G1 X137.015 Y64.481
G1 X137.015 Y64.815
G1 X137.348 Y65.149
G1 X137.348 Y65.482
G1 X137.682 Y65.816
G1 X137.682 Y66.150
G1 X138.350 Y66.818
G1 X138.350 Y67.152
G1 X138.684 Y67.485
G1 X139.018 Y67.819
G1 X139.018 Y68.153
G1 X139.351 Y68.487
G1 X140.019 Y69.155
G1 X140.353 Y69.488
G1 X141.021 Y70.156
G1 X141.021 Y70.490
G1 X141.354 Y70.824
G1 X141.688 Y71.158
G1 X142.022 Y71.491
G1 X143.024 Y72.493
G1 X143.357 Y72.827
G1 X143.691 Y73.161
G1 X144.025 Y73.494
G1 X145.027 Y74.496
G1 X145.360 Y74.830
G1 X145.694 Y75.164
G1 X146.028 Y75.497
G1 X147.030 Y76.499
G1 X147.363 Y76.833
G1 X147.697 Y77.167
G1 X148.031 Y77.500
G1 X149.033 Y78.502
G1 X149.366 Y78.836
G1 X149.700 Y79.170
G1 X150.034 Y79.503
G1 X151.036 Y80.505
G1 X151.369 Y80.839
G1 X151.703 Y81.173
G1 X152.037 Y81.506
G1 X153.039 Y82.508
G1 X153.372 Y82.842
G1 X153.706 Y83.176
G1 X154.040 Y83.509
G1 X154.708 Y84.177
G1 X155.041 Y84.511
G1 X155.709 Y85.179
G1 X156.043 Y85.512
G1 X156.711 Y86.180
G1 X157.044 Y86.514
G1 X157.712 Y87.182
G1 X158.046 Y87.515
G1 X158.380 Y87.515
G1 X158.714 Y87.849
G1 X159.047 Y88.183
G1 X159.381 Y88.517
G1 X159.715 Y88.517
G1 X160.383 Y89.185
G1 X160.717 Y89.518
G1 X161.050 Y89.852
G1 X161.384 Y89.852
G1 X167.059 Y95.527
G1 X167.393 Y95.527
G1 X168.061 Y96.195
G1 X168.395 Y96.195
G1 X168.729 Y96.529
G1 X169.062 Y96.863
G1 X169.396 Y97.197
G1 X169.730 Y97.197
G1 X170.064 Y97.530
G1 X170.732 Y98.198
G1 X171.065 Y98.532
G1 X171.399 Y98.532
G1 X172.067 Y99.200
G1 X172.401 Y99.533
G1 X172.735 Y99.867
G1 X173.068 Y100.201
G1 X174.070 Y101.203
G1 X174.404 Y101.536
G1 X174.738 Y101.870
G1 X175.071 Y102.204
G1 X175.071 Y102.538
G1 X175.739 Y103.206
G1 X176.073 Y103.539
G1 X176.073 Y103.873
G1 X176.741 Y104.541
G1 X176.741 Y104.875
G1 X177.074 Y105.209
G1 X177.408 Y105.542
G1 X177.408 Y105.876
G1 X178.076 Y106.544
G1 X178.076 Y106.878
G1 X178.410 Y107.211
G1 X178.410 Y107.545
G1 X178.744 Y107.879
G1 X179.077 Y108.213
G1 X179.077 Y108.547
G1 X179.411 Y108.881
G1 X179.745 Y109.214
G1 X179.745 Y109.548
G1 X180.413 Y110.216
G1 X180.413 Y110.550
G1 X181.414 Y111.551
G1 X181.414 Y111.885
G1 X182.082 Y112.553
G1 X182.082 Y112.887
G1 X182.416 Y113.220
G1 X182.750 Y113.554
G1 X183.083 Y113.888
G1 X184.085 Y114.890
G1 X184.419 Y115.223
G1 X184.753 Y115.557
G1 X185.086 Y115.891
G1 X185.754 Y116.559
G1 X187.089 Y116.559
G1 X187.757 Y115.891
G1 X187.757 Y107.545
G1 X187.423 Y107.211
G1 X187.423 Y103.873
G1 X187.089 Y103.539
G1 X187.089 Y101.870
G1 X186.756 Y101.536
G1 X186.756 Y100.201
G1 X186.422 Y99.867
G1 X186.422 Y99.200
G1 X186.088 Y98.866
G1 X186.088 Y98.532
G1 X185.754 Y98.198
G1 X185.754 Y97.530
G1 X185.420 Y97.197
G1 X185.420 Y96.863
G1 X185.086 Y96.529
G1 X185.086 Y96.195
G1 X184.753 Y95.861
G1 X184.753 Y95.527
G1 X184.419 Y95.194
G1 X184.419 Y94.860
G1 X184.085 Y94.526
G1 X184.085 Y94.192
G1 X183.417 Y93.524
G1 X183.417 Y93.191
G1 X183.083 Y92.857
G1 X182.750 Y92.523
G1 X182.750 Y92.189
G1 X182.082 Y91.521
G1 X182.082 Y91.188
G1 X181.080 Y90.186
G1 X181.080 Y89.852
G1 X180.747 Y89.518
G1 X180.413 Y89.185
G1 X180.413 Y88.851
G1 X180.079 Y88.517
G1 X180.079 Y88.183
G1 X179.745 Y87.849
G1 X179.745 Y84.177
G1 X180.079 Y83.843
G1 X180.079 Y81.173
G1 X179.745 Y80.839
G1 X179.745 Y79.837
G1 X180.079 Y79.503
G1 X180.079 Y74.496
G1 X180.413 Y74.162
G1 X180.413 Y70.824
G1 X180.747 Y70.490
G1 X180.747 Y64.481
G1 X181.080 Y64.147
G1 X181.080 Y51.795
G1 X181.414 Y51.461
G1 X181.414 Y48.791
G1 X181.748 Y48.457
G1 X181.748 Y45.786
G1 X182.082 Y45.453
G1 X182.082 Y43.783
G1 X182.416 Y43.450
G1 X182.416 Y42.114
G1 X182.750 Y41.780
G1 X182.750 Y40.445
G1 X183.083 Y40.111
G1 X183.083 Y39.444
G1 X183.417 Y39.110
G1 X183.417 Y38.776
G1 X183.751 Y38.442
G1 X183.751 Y38.108
G1 X184.085 Y37.774
G1 X184.085 Y37.441
G1 X184.753 Y36.773
G1 X185.086 Y36.439
G1 X185.754 Y35.771
G1 X186.088 Y35.438
G1 X186.756 Y34.770
G1 X187.089 Y34.770
G1 X187.423 Y34.436
G1 X188.091 Y34.436
G1 X188.425 Y34.102
G1 X189.760 Y34.102
G1 X190.094 Y33.768
G1 X192.431 Y33.768
G1 X192.765 Y33.435
G1 X196.103 Y33.435
G1 X196.437 Y33.101
G1 X200.777 Y33.101
G1 X201.110 Y33.435
G1 X205.784 Y33.435
G1 X206.118 Y33.768
G1 X208.455 Y33.768
G1 X208.789 Y34.102
G1 X211.125 Y34.102
G1 X211.459 Y34.436
G1 X213.128 Y34.436
G1 X213.796 Y35.104
G1 X213.796 Y37.441
G1 X213.462 Y37.774
G1 X213.462 Y38.442
G1 X213.128 Y38.776
G1 X213.128 Y39.110
G1 X212.794 Y39.444
G1 X212.794 Y39.777
G1 X212.461 Y40.111
G1 X211.125 Y41.447
G1 X210.791 Y41.780
G1 X210.458 Y42.114
G1 X210.124 Y42.448
G1 X209.790 Y42.448
G1 X209.122 Y43.116
G1 X208.789 Y43.450
G1 X208.455 Y43.450
G1 X208.121 Y43.783
G1 X207.787 Y44.117
G1 X207.453 Y44.117
G1 X207.119 Y44.451
G1 X206.786 Y44.451
G1 X206.118 Y45.119
G1 X205.784 Y45.119
G1 X205.450 Y45.453
G1 X205.116 Y45.453
G1 X204.783 Y45.786
G1 X204.449 Y45.786
G1 X204.115 Y46.120
G1 X203.781 Y46.120
G1 X203.447 Y46.454
G1 X203.113 Y46.454
G1 X202.780 Y46.788
G1 X202.446 Y47.122
G1 X201.778 Y47.122
G1 X201.444 Y47.456
G1 X201.110 Y47.456
G1 X200.443 Y48.123
G1 X200.109 Y48.123
G1 X199.107 Y49.125
G1 X198.774 Y49.459
G1 X198.440 Y49.792
G1 X197.104 Y51.128
G1 X197.104 Y51.461
G1 X196.771 Y51.795
G1 X196.437 Y52.129
G1 X196.437 Y52.797
G1 X196.103 Y53.131
G1 X196.103 Y53.464
G1 X195.769 Y53.798
G1 X195.769 Y54.466
G1 X195.435 Y54.800
G1 X195.435 Y56.135
G1 X195.101 Y56.469
G1 X195.101 Y57.804
G1 X194.768 Y58.138
G1 X194.768 Y66.484
G1 X195.101 Y66.818
G1 X195.101 Y68.821
G1 X195.435 Y69.155
G1 X195.435 Y71.158
G1 X195.769 Y71.491
G1 X195.769 Y72.827
G1 X196.103 Y73.161
G1 X196.103 Y74.496
G1 X196.437 Y74.830
G1 X196.437 Y75.831
G1 X196.771 Y76.165
G1 X196.771 Y77.167
G1 X197.104 Y77.500
G1 X197.104 Y78.168
G1 X197.438 Y78.502
G1 X197.438 Y79.503
G1 X197.772 Y79.837
G1 X197.772 Y80.171
G1 X198.106 Y80.505
G1 X198.106 Y81.173
G1 X198.440 Y81.506
G1 X198.440 Y82.174
G1 X198.774 Y82.508
G1 X198.774 Y82.842
G1 X199.107 Y83.176
G1 X199.441 Y83.509
G1 X199.441 Y83.843
G1 X199.775 Y84.177
G1 X199.775 Y84.511
G1 X200.443 Y85.179
G1 X200.777 Y85.512
G1 X201.110 Y85.846
G1 X201.110 Y86.180
G1 X202.112 Y87.182
G1 X202.446 Y87.515
G1 X202.780 Y87.849
G1 X202.780 Y88.183
G1 X203.113 Y88.517
G1 X203.781 Y89.185
G1 X204.115 Y89.518
G1 X204.783 Y90.186
G1 X205.116 Y90.520
G1 X205.784 Y91.188
G1 X206.118 Y91.521
G1 X206.786 Y92.189
G1 X207.119 Y92.523
G1 X207.787 Y93.191
G1 X208.121 Y93.524
G1 X208.789 Y94.192
G1 X209.122 Y94.526
G1 X209.790 Y95.194
G1 X210.124 Y95.527
G1 X210.458 Y95.861
G1 X210.791 Y96.195
G1 X211.793 Y97.197
G1 X212.127 Y97.530
G1 X212.461 Y97.864
G1 X212.794 Y98.198
G1 X213.462 Y98.866
G1 X213.462 Y99.200
G1 X213.796 Y99.533
G1 X214.130 Y99.867
G1 X214.130 Y100.201
G1 X214.464 Y100.535
G1 X214.797 Y100.869
G1 X215.131 Y101.203
G1 X215.131 Y101.536
G1 X216.133 Y102.538
G1 X216.133 Y102.872
G1 X216.800 Y103.539
G1 X216.800 Y103.873
G1 X217.802 Y104.875
G1 X217.802 Y105.209
G1 X218.136 Y105.542
G1 X218.470 Y105.876
G1 X218.470 Y106.210
G1 X218.803 Y106.544
G1 X219.137 Y106.878
G1 X219.471 Y107.211
G1 X219.471 Y107.545
G1 X220.139 Y108.213
G1 X220.139 Y108.547
G1 X220.473 Y108.881
G1 X220.473 Y109.214
G1 X220.806 Y109.548
G1 X221.140 Y109.882
G1 X221.140 Y110.216
G1 X221.474 Y110.550
G1 X221.474 Y110.884
G1 X221.808 Y111.217
G1 X222.142 Y111.551
G1 X222.142 Y111.885
G1 X222.476 Y112.219
G1 X222.476 Y112.553
G1 X222.809 Y112.887
G1 X223.143 Y113.220
G1 X223.143 Y113.554
G1 X223.477 Y113.888
G1 X223.477 Y114.222
G1 X223.811 Y114.556
G1 X223.811 Y114.890
G1 X224.145 Y115.223
G1 X224.145 Y115.557
G1 X224.479 Y115.891
G1 X224.812 Y116.225
G1 X224.812 Y116.559
G1 X225.146 Y116.893
G1 X225.146 Y117.226
G1 X225.814 Y117.894
G1 X225.814 Y118.228
G1 X226.482 Y118.896
G1 X226.482 Y119.229
G1 X226.815 Y119.563
G1 X228.151 Y120.899
G1 X228.485 Y121.232
G1 X228.818 Y121.566
G1 X230.154 Y122.902
G1 X230.488 Y122.902
G1 X230.821 Y123.235
G1 X231.155 Y123.235
G1 X231.489 Y123.569
G1 X231.823 Y123.569
G1 X232.157 Y123.903
G1 X232.824 Y123.903
G1 X233.158 Y124.237
G1 X234.494 Y124.237
G1 X234.827 Y124.571
G1 X239.167 Y124.571
G1 X239.501 Y124.237
G1 X241.504 Y124.237
G1 X241.838 Y123.903
G1 X243.173 Y123.903
G1 X243.507 Y123.569
G1 X244.509 Y123.569
G1 X244.842 Y123.235
G1 X246.178 Y123.235
G1 X246.512 Y122.902
G1 X247.847 Y122.902
G1 X248.181 Y122.568
G1 X249.516 Y122.568
G1 X249.850 Y122.234
G1 X250.518 Y122.234
G1 X250.851 Y121.900
G1 X252.187 Y121.900
G1 X252.521 Y121.566
G1 X253.522 Y121.566
G1 X253.856 Y121.232
G1 X254.857 Y121.232
G1 X255.191 Y120.899
G1 X256.527 Y120.899
G1 X256.860 Y120.565
G1 X257.862 Y120.565
G1 X258.196 Y120.231
G1 X259.197 Y120.231
G1 X259.531 Y119.897
G1 X260.866 Y119.897
G1 X261.200 Y119.563
G1 X262.202 Y119.563
G1 X262.536 Y119.229
G1 X264.205 Y119.229
G1 X264.539 Y118.896
G1 X265.874 Y118.896
G1 X266.208 Y118.562
G1 X267.543 Y118.562
G1 X267.877 Y118.228
G1 X269.880 Y118.228
G1 X270.214 Y117.894
G1 X272.550 Y117.894
G1 X272.884 Y117.560
G1 X278.226 Y117.560
G1 X278.559 Y117.226
G1 X290.577 Y117.226
G1 X290.911 Y116.893
G1 X294.583 Y116.893
G1 X294.917 Y116.559
G1 X298.256 Y116.559
G1 X298.589 Y116.225
G1 X304.598 Y116.225
G1 X304.932 Y115.891
G1 X308.938 Y115.891
G1 X309.272 Y115.557
G1 X310.607 Y115.557
G1 X310.941 Y115.223
G1 X311.275 Y115.223
G1 X311.609 Y114.890
G1 X311.943 Y114.890
G1 X312.277 Y114.556
G1 X312.610 Y114.222
G1 X313.612 Y113.220
G1 X313.946 Y112.887
G1 X314.280 Y112.553
G1 X314.280 Y111.885
G1 X314.613 Y111.551
G1 X314.613 Y111.217
G1 X314.947 Y110.884
G1 X314.947 Y110.216
G1 X315.281 Y109.882
G1 X315.281 Y109.214
G1 X315.615 Y108.881
G1 X315.615 Y108.213
G1 X315.949 Y107.879
G1 X315.949 Y107.211
G1 X316.283 Y106.878
G1 X316.283 Y106.210
G1 X316.616 Y105.876
G1 X316.616 Y104.541
G1 X316.950 Y104.207
G1 X316.950 Y101.536
G1 X317.284 Y101.203
G1 X317.284 Y96.529
G1 X317.618 Y96.195
G1 X317.618 Y89.852
G1 X317.952 Y89.518
G1 X317.952 Y85.179
G1 X318.286 Y84.845
G1 X318.286 Y82.508
G1 X318.619 Y82.174
G1 X318.619 Y79.170
G1 X318.953 Y78.836
G1 X318.953 Y76.165
G1 X319.287 Y75.831
G1 X319.287 Y72.827
G1 X319.621 Y72.493
G1 X319.621 Y68.821
G1 X319.955 Y68.487
G1 X319.955 Y64.481
G1 X320.289 Y64.147
G1 X320.289 Y59.807
G1 X320.622 Y59.473
G1 X320.622 Y57.137
G1 X320.956 Y56.803
G1 X320.956 Y54.800
G1 X321.290 Y54.466
G1 X321.290 Y53.131
G1 X321.624 Y52.797
G1 X321.624 Y51.795
G1 X321.958 Y51.461
G1 X321.958 Y50.794
G1 X322.291 Y50.460
G1 X322.291 Y50.126
G1 X322.625 Y49.792
G1 X322.625 Y49.459
G1 X322.959 Y49.125
G1 X322.959 Y48.791
G1 X323.293 Y48.457
G1 X323.293 Y48.123
G1 X323.627 Y47.789
G1 X323.627 Y47.456
G1 X323.961 Y47.122
G1 X324.294 Y46.788
G1 X324.628 Y46.454
G1 X324.628 Y46.120
G1 X324.962 Y45.786
G1 X324.962 Y45.453
G1 X325.296 Y45.119
G1 X325.296 Y44.785
G1 X325.630 Y44.451
G1 X325.630 Y43.116
G1 X325.964 Y42.782
G1 X325.964 Y37.441
G1 X325.630 Y37.107
G1 X325.630 Y33.768
G1 X325.964 Y33.435
G1 X325.964 Y31.765
G1 X326.297 Y31.432
G1 X326.297 Y30.430
G1 X326.631 Y30.096
G1 X326.631 Y29.429
G1 X326.965 Y29.095
G1 X326.965 Y28.761
G1 X327.967 Y27.759
G1 X327.967 Y27.426
G1 X328.300 Y27.092
G1 X329.636 Y25.756
G1 X329.970 Y25.756
G1 X330.303 Y25.423
G1 X330.637 Y25.423
G1 X330.971 Y25.089
G1 X331.639 Y25.089
G1 X331.973 Y24.755
G1 X332.640 Y24.755
G1 X332.974 Y24.421
G1 X334.977 Y24.421
G1 X335.311 Y24.087
G1 X338.983 Y24.087
G1 X339.317 Y23.753
G1 X363.353 Y23.753
G1 X364.021 Y24.421
G1 X364.021 Y27.426
G1 X363.687 Y27.759
G1 X363.687 Y28.427
G1 X363.353 Y28.761
G1 X363.353 Y29.095
G1 X363.019 Y29.429
G1 X363.019 Y29.762
G1 X362.685 Y30.096
G1 X362.685 Y30.430
G1 X362.351 Y30.764
G1 X362.018 Y31.098
G1 X362.018 Y32.433
G1 X362.351 Y32.767
G1 X369.028 Y32.767
G1 X369.362 Y32.433
G1 X375.371 Y32.433
G1 X375.705 Y32.099
G1 X380.044 Y32.099
G1 X380.378 Y32.433
G1 X381.046 Y32.433
G1 X381.380 Y32.767
G1 X382.047 Y32.767
G1 X382.381 Y33.101
G1 X382.715 Y33.101
G1 X383.049 Y33.435
G1 X383.383 Y33.768
G1 X383.383 Y35.104
G1 X383.049 Y35.438
G1 X383.049 Y36.105
G1 X382.715 Y36.439
G1 X382.715 Y36.773
G1 X382.047 Y37.441
G1 X382.047 Y37.774
G1 X381.714 Y38.108
G1 X381.714 Y38.442
G1 X380.712 Y39.444
G1 X380.712 Y39.777
G1 X380.044 Y40.445
G1 X379.711 Y40.779
G1 X379.043 Y41.447
G1 X378.709 Y41.780
G1 X378.041 Y42.448
G1 X377.708 Y42.782
G1 X377.040 Y43.450
G1 X376.706 Y43.783
G1 X376.372 Y44.117
G1 X376.039 Y44.117
G1 X375.705 Y44.451
G1 X375.037 Y44.451
G1 X374.703 Y44.785
G1 X374.369 Y44.785
G1 X374.036 Y45.119
G1 X373.368 Y45.119
G1 X373.034 Y45.453
G1 X372.366 Y45.453
G1 X372.033 Y45.786
G1 X371.699 Y45.786
G1 X371.365 Y46.120
G1 X370.697 Y46.120
G1 X370.363 Y46.454
G1 X370.030 Y46.788
G1 X369.362 Y47.456
G1 X369.362 Y47.789
G1 X369.028 Y48.123
G1 X369.028 Y49.792
G1 X368.694 Y50.126
G1 X368.694 Y51.461
G1 X368.360 Y51.795
G1 X368.360 Y53.131
G1 X368.027 Y53.464
G1 X368.027 Y55.467
G1 X367.693 Y55.801
G1 X367.693 Y57.470
G1 X367.359 Y57.804
G1 X367.359 Y59.473
G1 X367.025 Y59.807
G1 X367.025 Y61.810
G1 X366.691 Y62.144
G1 X366.691 Y64.147
G1 X366.357 Y64.481
G1 X366.357 Y67.152
G1 X366.024 Y67.485
G1 X366.024 Y70.490
G1 X365.690 Y70.824
G1 X365.690 Y74.830
G1 X365.356 Y75.164
G1 X365.356 Y88.183
G1 X365.690 Y88.517
G1 X365.690 Y92.857
G1 X366.024 Y93.191
G1 X366.024 Y95.861
G1 X366.357 Y96.195
G1 X366.357 Y99.200
G1 X366.691 Y99.533
G1 X366.691 Y101.870
G1 X367.025 Y102.204
G1 X367.025 Y103.873
G1 X367.359 Y104.207
G1 X367.359 Y105.876
G1 X367.693 Y106.210
G1 X367.693 Y107.545
G1 X368.027 Y107.879
G1 X368.027 Y109.548
G1 X368.360 Y109.882
G1 X368.360 Y111.217
G1 X368.694 Y111.551
G1 X368.694 Y112.887
G1 X369.028 Y113.220
G1 X369.028 Y114.556
G1 X369.362 Y114.890
G1 X369.362 Y115.557
G1 X369.696 Y115.891
G1 X369.696 Y117.226
G1 X370.030 Y117.560
G1 X370.030 Y118.562
G1 X370.363 Y118.896
G1 X370.363 Y119.897
G1 X370.697 Y120.231
G1 X370.697 Y121.232
G1 X371.031 Y121.566
G1 X371.031 Y122.234
G1 X371.365 Y122.568
G1 X371.365 Y123.569
G1 X371.699 Y123.903
G1 X371.699 Y124.571
G1 X372.033 Y124.905
G1 X372.033 Y125.906
G1 X372.366 Y126.240
G1 X372.366 Y126.908
G1 X372.700 Y127.241
G1 X372.700 Y127.909
G1 X373.034 Y128.243
G1 X373.034 Y128.911
G1 X373.368 Y129.244
G1 X373.368 Y129.912
G1 X373.702 Y130.246
G1 X373.702 Y131.247
G1 X374.036 Y131.581
G1 X374.036 Y131.915
G1 X374.369 Y132.249
G1 X374.369 Y133.250
G1 X374.703 Y133.584
G1 X374.703 Y133.918
G1 X375.037 Y134.252
G1 X375.037 Y134.920
G1 X375.371 Y135.253
G1 X375.371 Y135.587
G1 X375.705 Y135.921
G1 X375.705 Y136.589
G1 X376.039 Y136.923
G1 X376.039 Y137.590
G1 X376.372 Y137.924
G1 X376.372 Y138.258
G1 X376.706 Y138.592
G1 X376.706 Y138.926
G1 X377.040 Y139.259
G1 X377.040 Y139.927
G1 X377.374 Y140.261
G1 X377.374 Y140.595
G1 X377.708 Y140.929
G1 X377.708 Y141.596
G1 X378.041 Y141.930
G1 X378.041 Y142.264
G1 X378.375 Y142.598
G1 X378.375 Y142.932
G1 X378.709 Y143.265
G1 X378.709 Y143.933
G1 X379.043 Y144.267
G1 X379.043 Y144.601
G1 X379.377 Y144.935
G1 X379.377 Y145.268
G1 X379.711 Y145.602
G1 X379.711 Y146.270
G1 X380.044 Y146.604
G1 X380.044 Y146.938
G1 X380.378 Y147.271
G1 X380.378 Y147.605
G1 X380.712 Y147.939
G1 X380.712 Y148.273
G1 X381.046 Y148.607
G1 X381.046 Y149.274
G1 X381.380 Y149.608
G1 X381.380 Y149.942
G1 X381.714 Y150.276
G1 X381.714 Y150.944
G1 X382.047 Y151.277
G1 X382.047 Y151.611
G1 X382.381 Y151.945
G1 X382.381 Y152.279
G1 X382.715 Y152.613
G1 X382.715 Y153.280
G1 X383.049 Y153.614
G1 X383.049 Y153.948
G1 X383.383 Y154.282
G1 X383.383 Y154.950
G1 X383.717 Y155.283
G1 X383.717 Y155.617
G1 X384.050 Y155.951
G1 X384.050 Y156.619
G1 X384.384 Y156.953
G1 X384.384 Y157.620
G1 X384.718 Y157.954
G1 X384.718 Y158.622
G1 X385.052 Y158.956
G1 X385.052 Y159.623
G1 X385.386 Y159.957
G1 X385.386 Y160.291
G1 X385.720 Y160.625
G1 X385.720 Y161.626
G1 X386.053 Y161.960
G1 X386.053 Y162.628
G1 X386.387 Y162.961
G1 X386.387 Y163.963
G1 X386.721 Y164.297
G1 X386.721 Y165.298
G1 X387.055 Y165.632
G1 X387.055 Y166.634
G1 X387.389 Y166.967
G1 X387.389 Y167.969
G1 X387.723 Y168.303
G1 X387.723 Y169.638
G1 X388.056 Y169.972
G1 X388.056 Y171.641
G1 X388.390 Y171.975
G1 X388.390 Y176.649
G1 X388.724 Y176.982
G1 X388.724 Y191.337
G1 X389.058 Y191.671
G1 X389.058 Y193.674
G1 X389.392 Y194.008
G1 X389.392 Y195.343
G1 X389.726 Y195.677
G1 X389.726 Y196.345
G1 X390.059 Y196.679
G1 X390.059 Y197.680
G1 X390.393 Y198.014
G1 X390.393 Y198.682
G1 X390.727 Y199.015
G1 X390.727 Y199.349
G1 X391.061 Y199.683
G1 X391.061 Y200.351
G1 X391.395 Y200.685
G1 X391.395 Y201.018
G1 X391.729 Y201.352
G1 X391.729 Y202.020
G1 X392.062 Y202.354
G1 X392.062 Y202.688
G1 X392.396 Y203.021
G1 X392.396 Y203.355
G1 X392.730 Y203.689
G1 X392.730 Y204.023
G1 X393.064 Y204.357
G1 X393.064 Y204.691
G1 X393.398 Y205.024
G1 X393.398 Y205.692
G1 X393.732 Y206.026
G1 X393.732 Y206.360
G1 X394.065 Y206.694
G1 X394.065 Y207.027
G1 X394.399 Y207.361
G1 X394.399 Y208.029
G1 X394.733 Y208.363
G1 X394.733 Y208.697
G1 X395.067 Y209.030
G1 X395.067 Y209.364
G1 X395.401 Y209.698
G1 X395.401 Y210.366
G1 X395.735 Y210.700
G1 X395.735 Y211.033
G1 X396.068 Y211.367
G1 X396.068 Y211.701
G1 X396.402 Y212.035
G1 X396.402 Y212.703
G1 X396.736 Y213.036
G1 X396.736 Y213.370
G1 X397.070 Y213.704
G1 X397.070 Y214.038
G1 X397.404 Y214.372
G1 X397.404 Y215.039
G1 X397.738 Y215.373
G1 X397.738 Y215.707
G1 X398.071 Y216.041
G1 X398.071 Y216.709
G1 X398.405 Y217.042
G1 X398.405 Y217.376
G1 X398.739 Y217.710
G1 X398.739 Y218.378
G1 X399.073 Y218.711
G1 X399.073 Y219.045
G1 X399.407 Y219.379
G1 X399.407 Y220.047
G1 X399.741 Y220.381
G1 X399.741 Y220.714
G1 X400.074 Y221.048
G1 X400.074 Y221.716
G1 X400.408 Y222.050
G1 X400.408 Y222.717
G1 X400.742 Y223.051
G1 X400.742 Y223.719
G1 X401.076 Y224.053
G1 X401.076 Y224.720
G1 X401.410 Y225.054
G1 X401.410 Y226.056
G1 X401.744 Y226.390
G1 X401.744 Y227.391
G1 X402.077 Y227.725
G1 X402.077 Y228.393
G1 X402.411 Y228.726
G1 X402.411 Y229.728
G1 X402.745 Y230.062
G1 X402.745 Y231.063
G1 X403.079 Y231.397
G1 X403.079 Y232.732
G1 X403.413 Y233.066
G1 X403.413 Y234.735
G1 X403.747 Y235.069
G1 X403.747 Y236.405
G1 X404.080 Y236.738
G1 X404.080 Y238.074
G1 X404.414 Y238.408
G1 X404.414 Y239.743
G1 X404.748 Y240.077
G1 X404.748 Y241.078
G1 X405.082 Y241.412
G1 X405.082 Y241.746
G1 X405.750 Y242.414
G1 X406.751 Y242.414
G1 X407.085 Y242.747
G1 X408.754 Y242.747
G1 X409.088 Y242.414
G1 X428.784 Y242.414
G1 X429.118 Y242.747
G1 X435.127 Y242.747
G1 X435.461 Y243.081
G1 X437.797 Y243.081
G1 X438.131 Y243.415
G1 X439.800 Y243.415
G1 X440.134 Y243.749
G1 X441.803 Y243.749
G1 X442.137 Y244.083
G1 X443.139 Y244.083
G1 X443.473 Y244.417
G1 X444.474 Y244.417
G1 X444.808 Y244.750
G1 X445.476 Y244.750
G1 X445.809 Y245.084
G1 X446.477 Y245.084
G1 X446.811 Y245.418
G1 X447.145 Y245.418
G1 X447.479 Y245.752
G1 X447.812 Y245.752
G1 X448.146 Y246.086
G1 X448.480 Y246.086
G1 X448.814 Y246.420
G1 X449.482 Y246.420
G1 X450.149 Y247.087
G1 X450.483 Y247.087
G1 X450.817 Y247.421
G1 X451.151 Y247.421
G1 X451.485 Y247.755
G1 X451.818 Y247.755
G1 X452.486 Y248.423
G1 X452.820 Y248.756
G1 X453.154 Y248.756
G1 X453.488 Y249.090
G1 X453.821 Y249.424
G1 X454.823 Y250.426
G1 X455.157 Y250.759
G1 X455.491 Y251.093
G1 X455.824 Y251.427
G1 X456.826 Y252.429
G1 X457.160 Y252.762
G1 X457.494 Y253.096
G1 X457.494 Y253.430
G1 X457.827 Y253.764
G1 X458.161 Y254.098
G1 X458.161 Y254.432
G1 X458.495 Y254.765
G1 X458.495 Y255.099
G1 X458.829 Y255.433
G1 X458.829 Y255.767
G1 X459.163 Y256.101
G1 X459.163 Y256.768
G1 X459.497 Y257.102
G1 X459.497 Y257.770
G1 X459.830 Y258.104
G1 X459.830 Y259.105
G1 X460.164 Y259.439
G1 X460.164 Y261.108
G1 X460.498 Y261.442
G1 X460.498 Y262.444
G1 X460.832 Y262.777
G1 X460.832 Y266.116
G1 X460.498 Y266.450
G1 X460.498 Y267.117
G1 X460.164 Y267.451
G1 X460.164 Y268.119
G1 X459.830 Y268.453
G1 X459.830 Y268.786
G1 X459.497 Y269.120
G1 X459.497 Y269.454
G1 X458.495 Y270.456
G1 X458.161 Y270.789
G1 X457.827 Y271.123
G1 X457.494 Y271.457
G1 X456.492 Y272.459
G1 X456.158 Y272.792
G1 X455.824 Y272.792
G1 X455.491 Y273.126
G1 X455.157 Y273.126
G1 X454.823 Y273.460
G1 X454.155 Y273.460
G1 X453.821 Y273.794
G1 X453.488 Y273.794
G1 X453.154 Y274.128
G1 X452.486 Y274.128
G1 X452.152 Y274.461
G1 X451.485 Y274.461
G1 X451.151 Y274.795
G1 X450.483 Y274.795
G1 X450.149 Y275.129
G1 X449.148 Y275.129
G1 X448.814 Y275.463
G1 X448.146 Y275.463
G1 X447.812 Y275.797
G1 X446.811 Y275.797
G1 X446.477 Y276.131
G1 X445.809 Y276.131
G1 X445.476 Y276.464
G1 X444.808 Y276.464
G1 X444.474 Y276.798
G1 X443.806 Y276.798
G1 X443.473 Y277.132
G1 X443.139 Y277.132
G1 X442.805 Y277.466
G1 X442.137 Y277.466
G1 X441.803 Y277.800
G1 X441.470 Y277.800
G1 X441.136 Y278.134
G1 X440.802 Y278.134
G1 X440.468 Y278.467
G1 X440.134 Y278.801
G1 X439.800 Y278.801
G1 X439.467 Y279.135
G1 X439.133 Y279.469
G1 X438.799 Y279.469
G1 X438.131 Y280.137
G1 X437.797 Y280.470
G1 X437.464 Y280.804
G1 X436.128 Y282.140
G1 X435.794 Y282.473
G1 X435.461 Y282.807
G1 X434.793 Y283.475
G1 X434.793 Y283.809
G1 X434.459 Y284.143
G1 X434.459 Y284.476
G1 X434.125 Y284.810
G1 X434.125 Y285.144
G1 X433.791 Y285.478
G1 X433.792 Y285.812
G1 X433.791 Y286.146
G1 X433.458 Y286.479
G1 X433.458 Y287.147
G1 X433.124 Y287.481
G1 X433.124 Y288.149
G1 X432.790 Y288.482
G1 X432.790 Y289.150
G1 X432.456 Y289.484
G1 X432.456 Y289.818
G1 X432.122 Y290.152
G1 X432.122 Y290.819
G1 X431.789 Y291.153
G1 X431.789 Y291.487
G1 X431.455 Y291.821
G1 X431.455 Y292.155
G1 X431.121 Y292.488
G1 X430.119 Y293.490
G1 X429.786 Y293.824
G1 X429.452 Y294.158
G1 X429.118 Y294.491
G1 X428.116 Y295.493
G1 X427.783 Y295.827
G1 X427.449 Y296.161
G1 X427.115 Y296.494
G1 X426.781 Y296.494
G1 X426.113 Y297.162
G1 X425.780 Y297.162
G1 X425.446 Y297.496
G1 X425.112 Y297.496
G1 X424.444 Y298.164
G1 X424.110 Y298.164
G1 X423.777 Y298.497
G1 X423.443 Y298.497
G1 X423.109 Y298.831
G1 X422.775 Y298.831
G1 X422.441 Y299.165
G1 X422.107 Y299.165
G1 X421.774 Y299.499
G1 X421.440 Y299.499
G1 X421.106 Y299.833
G1 X420.772 Y299.833
G1 X420.438 Y300.167
G1 X419.771 Y300.167
G1 X419.437 Y300.500
G1 X419.103 Y300.500
G1 X418.769 Y300.834
G1 X418.435 Y300.834
G1 X418.101 Y301.168
G1 X417.434 Y301.168
G1 X417.100 Y301.502
G1 X416.766 Y301.502
G1 X416.432 Y301.836
G1 X415.765 Y301.836
G1 X415.431 Y302.170
G1 X414.763 Y302.170
G1 X414.429 Y302.503
G1 X413.762 Y302.503
G1 X413.428 Y302.837
G1 X412.760 Y302.837
G1 X412.426 Y303.171
G1 X411.759 Y303.171
G1 X411.425 Y303.505
G1 X410.423 Y303.505
G1 X410.089 Y303.839
G1 X409.088 Y303.839
G1 X408.754 Y304.173
G1 X407.753 Y304.173
G1 X407.419 Y304.506
G1 X406.417 Y304.506
G1 X406.083 Y304.840
G1 X404.414 Y304.840
G1 X404.080 Y305.174
G1 X402.411 Y305.174
G1 X402.077 Y305.508
G1 X400.742 Y305.508
G1 X400.408 Y305.842
G1 X392.062 Y305.842
G1 X391.729 Y305.508
G1 X390.727 Y305.508
G1 X390.393 Y305.174
G1 X389.058 Y305.174
G1 X388.724 Y304.840
G1 X387.723 Y304.840
G1 X387.389 Y304.506
G1 X386.387 Y304.506
G1 X386.053 Y304.173
G1 X385.386 Y304.173
G1 X385.052 Y303.839
G1 X384.384 Y303.839
G1 X384.050 Y303.505
G1 X383.717 Y303.505
G1 X383.383 Y303.171
G1 X383.049 Y303.171
G1 X382.715 Y302.837
G1 X382.381 Y302.837
G1 X382.047 Y302.503
G1 X381.714 Y302.503
G1 X381.380 Y302.170
G1 X381.046 Y301.836
G1 X380.712 Y301.836
G1 X380.044 Y301.168
G1 X379.711 Y301.168
G1 X379.043 Y300.500
G1 X378.709 Y300.167
G1 X378.041 Y299.499
G1 X377.708 Y299.165
G1 X377.040 Y298.497
G1 X376.706 Y298.164
G1 X376.372 Y297.830
G1 X376.039 Y297.496
G1 X375.037 Y296.494
G1 X375.037 Y296.161
G1 X374.369 Y295.493
G1 X374.369 Y295.159
G1 X374.036 Y294.825
G1 X373.702 Y294.491
G1 X373.702 Y294.158
G1 X372.700 Y293.156
G1 X372.700 Y292.822
G1 X371.699 Y291.821
G1 X371.699 Y291.487
G1 X370.697 Y290.485
G1 X370.363 Y290.152
G1 X370.030 Y289.818
G1 X368.694 Y288.482
G1 X368.360 Y288.149
G1 X368.027 Y287.815
G1 X366.691 Y286.479
G1 X366.357 Y286.146
G1 X366.024 Y285.812
G1 X364.688 Y284.476
G1 X364.354 Y284.143
G1 X364.021 Y283.809
G1 X362.685 Y282.473
G1 X362.351 Y282.140
G1 X362.018 Y281.806
G1 X360.682 Y280.470
G1 X360.348 Y280.137
G1 X360.015 Y279.803
G1 X358.679 Y278.467
G1 X358.345 Y278.134
G1 X358.012 Y277.800
G1 X356.676 Y276.464
G1 X356.342 Y276.131
G1 X356.009 Y275.797
G1 X355.341 Y275.129
G1 X355.341 Y274.795
G1 X355.007 Y274.461
G1 X354.673 Y274.128
G1 X354.339 Y273.794
G1 X354.006 Y273.460
G1 X353.338 Y272.792
G1 X353.338 Y272.459
G1 X352.336 Y271.457
G1 X352.003 Y271.123
G1 X351.669 Y270.789
G1 X351.669 Y270.456
G1 X350.333 Y269.120
G1 X350.333 Y268.786
G1 X349.332 Y267.785
G1 X349.332 Y267.451
G1 X348.664 Y266.783
G1 X348.330 Y266.450
G1 X347.997 Y266.116
G1 X347.997 Y265.782
G1 X347.329 Y265.114
G1 X347.329 Y264.780
G1 X346.995 Y264.447
G1 X346.327 Y263.779
G1 X346.327 Y263.445
G1 X345.994 Y263.111
G1 X345.660 Y262.777
G1 X345.660 Y262.444
G1 X344.658 Y261.442
G1 X344.658 Y261.108
G1 X343.991 Y260.441
G1 X343.991 Y260.107
G1 X342.989 Y259.105
G1 X342.989 Y258.771
G1 X342.655 Y258.438
G1 X342.321 Y258.104
G1 X341.988 Y257.770
G1 X341.988 Y257.436
G1 X341.320 Y256.768
G1 X340.986 Y256.435
G1 X340.986 Y256.101
G1 X340.318 Y255.433
G1 X339.985 Y255.099
G1 X339.985 Y254.765
G1 X339.651 Y254.432
G1 X338.983 Y253.764
G1 X338.983 Y253.430
G1 X337.314 Y251.761
G1 X337.314 Y251.427
G1 X336.646 Y250.759
G1 X336.312 Y250.426
G1 X335.979 Y250.092
G1 X335.311 Y249.424
G1 X335.311 Y249.090
G1 X334.977 Y248.756
G1 X334.643 Y248.423
G1 X334.309 Y248.089
G1 X333.976 Y247.755
G1 X332.974 Y246.753
G1 X332.640 Y246.420
G1 X332.306 Y246.086
G1 X331.973 Y245.752
G1 X330.971 Y244.750
G1 X330.637 Y244.417
G1 X330.303 Y244.083
G1 X329.970 Y244.083
G1 X328.634 Y242.747
G1 X328.300 Y242.747
G1 X327.633 Y242.080
G1 X327.299 Y242.080
G1 X326.631 Y241.412
G1 X326.297 Y241.412
G1 X325.964 Y241.078
G1 X325.630 Y240.744
G1 X325.296 Y240.744
G1 X324.962 Y240.411
G1 X324.628 Y240.411
G1 X324.294 Y240.077
G1 X323.961 Y240.077
G1 X323.627 Y239.743
G1 X323.293 Y239.743
G1 X322.959 Y239.409
G1 X322.625 Y239.409
G1 X322.291 Y239.075
G1 X321.958 Y238.741
G1 X321.624 Y238.741
G1 X321.290 Y238.408
G1 X320.956 Y238.408
G1 X320.622 Y238.074
G1 X320.289 Y238.074
G1 X319.955 Y237.740
G1 X319.287 Y237.740
G1 X318.953 Y237.406
G1 X318.619 Y237.406
G1 X318.286 Y237.072
G1 X317.952 Y237.072
G1 X317.618 Y236.738
G1 X317.284 Y236.738
G1 X316.950 Y236.405
G1 X316.283 Y236.405
G1 X315.949 Y236.071
G1 X315.615 Y236.071
G1 X315.281 Y235.737
G1 X314.613 Y235.737
G1 X314.280 Y235.403
G1 X313.946 Y235.403
G1 X313.612 Y235.069
G1 X312.944 Y235.069
G1 X312.610 Y234.735
G1 X312.277 Y234.735
G1 X311.943 Y234.402
G1 X311.275 Y234.402
G1 X310.941 Y234.068
G1 X310.274 Y234.068
G1 X309.940 Y233.734
G1 X309.606 Y233.734
G1 X309.272 Y233.400
G1 X308.604 Y233.400
G1 X308.271 Y233.066
G1 X307.603 Y233.066
G1 X307.269 Y232.732
G1 X306.935 Y232.732
G1 X306.601 Y232.399
G1 X305.934 Y232.399
G1 X305.600 Y232.065
G1 X304.932 Y232.065
G1 X304.598 Y231.731
G1 X303.931 Y231.731
G1 X303.597 Y231.397
G1 X303.263 Y231.397
G1 X302.929 Y231.063
G1 X302.262 Y231.063
G1 X301.928 Y230.729
G1 X301.260 Y230.729
G1 X300.926 Y230.396
G1 X300.592 Y230.396
G1 X300.259 Y230.062
G1 X299.591 Y230.062
G1 X299.257 Y229.728
G1 X298.923 Y229.728
G1 X298.589 Y229.394
G1 X297.922 Y229.394
G1 X297.588 Y229.060
G1 X296.920 Y229.060
G1 X296.586 Y228.726
G1 X296.253 Y228.726
G1 X295.919 Y228.393
G1 X295.585 Y228.393
G1 X295.251 Y228.059
G1 X294.583 Y228.059
G1 X294.250 Y227.725
G1 X293.916 Y227.725
G1 X293.582 Y227.391
G1 X293.248 Y227.391
G1 X292.914 Y227.057
G1 X292.247 Y227.057
G1 X291.913 Y226.723
G1 X291.579 Y226.723
G1 X291.245 Y226.390
G1 X290.577 Y226.390
G1 X290.244 Y226.056
G1 X289.910 Y226.056
G1 X289.576 Y225.722
G1 X288.908 Y225.722
G1 X288.574 Y225.388
G1 X288.241 Y225.388
G1 X287.907 Y225.054
G1 X287.239 Y225.054
G1 X286.905 Y224.720
G1 X286.571 Y224.720
G1 X286.238 Y224.387
G1 X285.570 Y224.387
G1 X285.236 Y224.053
G1 X284.568 Y224.053
G1 X284.235 Y223.719
G1 X283.567 Y223.719
G1 X283.233 Y223.385
G1 X282.565 Y223.385
G1 X282.232 Y223.051
G1 X281.564 Y223.051
G1 X281.230 Y222.717
G1 X280.562 Y222.717
G1 X280.229 Y222.384
G1 X279.227 Y222.384
G1 X278.893 Y222.050
G1 X277.892 Y222.050
G1 X277.558 Y221.716
G1 X276.556 Y221.716
G1 X276.223 Y221.382
G1 X274.553 Y221.382
G1 X274.220 Y221.048
G1 X272.550 Y221.048
G1 X272.217 Y220.714
G1 X270.547 Y220.714
G1 X270.214 Y220.381
G1 X268.211 Y220.381
G1 X267.877 Y220.047
G1 X265.874 Y220.047
G1 X265.540 Y219.713
G1 X262.536 Y219.713
G1 X262.202 Y219.379
G1 X258.196 Y219.379
G1 X257.862 Y219.045
G1 X253.188 Y219.045
G1 X252.854 Y218.711
G1 X247.513 Y218.711
G1 X247.179 Y218.378
G1 X234.827 Y218.378
G1 X234.494 Y218.044
G1 X224.479 Y218.044
G1 X224.145 Y217.710
G1 X216.133 Y217.710
G1 X215.799 Y217.376
G1 X207.787 Y217.376
G1 X207.453 Y217.042
G1 X205.116 Y217.042
G1 X204.783 Y216.709
G1 X201.110 Y216.709
G1 X200.777 Y216.375
G1 X198.774 Y216.375
G1 X198.440 Y216.041
G1 X196.437 Y216.041
G1 X196.103 Y215.707
G1 X194.768 Y215.707
G1 X194.434 Y215.373
G1 X193.098 Y215.373
G1 X192.765 Y215.039
G1 X191.763 Y215.039
G1 X191.429 Y214.706
G1 X190.094 Y214.706
G1 X189.760 Y214.372
G1 X188.759 Y214.372
G1 X188.425 Y214.038
G1 X187.423 Y214.038
G1 X187.089 Y213.704
G1 X186.088 Y213.704
G1 X185.754 Y213.370
G1 X184.753 Y213.370
G1 X184.419 Y213.036
G1 X183.417 Y213.036
G1 X183.083 Y212.703
G1 X181.748 Y212.703
G1 X181.414 Y212.369
G1 X180.079 Y212.369
G1 X179.745 Y212.035
G1 X178.744 Y212.035
G1 X178.410 Y211.701
G1 X176.407 Y211.701
G1 X176.073 Y211.367
G1 X174.070 Y211.367
G1 X173.736 Y211.033
G1 X168.061 Y211.033
G1 X167.727 Y211.367
G1 X159.715 Y211.367
G1 X159.381 Y211.701
G1 X148.031 Y211.701
G1 X147.697 Y212.035
G1 X139.351 Y212.035
G1 X139.018 Y212.369
G1 X112.979 Y212.369
G1 X112.645 Y212.703
G1 X97.622 Y212.703
G1 X97.289 Y213.036
G1 X90.946 Y213.036
G1 X90.612 Y213.370
G1 X76.591 Y213.370
G1 X76.257 Y213.036
G1 X74.588 Y213.036
G1 X74.254 Y212.703
G1 X73.253 Y212.703
G1 X72.919 Y212.369
G1 X71.917 Y212.369
G1 X71.583 Y212.035
G1 X70.916 Y212.035
G1 X70.582 Y211.701
G1 X69.914 Y211.701
G1 X69.580 Y211.367
G1 X69.247 Y211.367
G1 X68.913 Y211.033
G1 X68.579 Y211.033
G1 X68.245 Y210.700
G1 X67.911 Y210.700
G1 X67.577 Y210.366
G1 X67.244 Y210.032
G1 X66.910 Y210.032
G1 X65.908 Y209.030
G1 X65.574 Y208.697
G1 X65.574 Y208.029
G1 X66.576 Y207.027
G1 X67.244 Y207.027
G1 X67.577 Y206.694
G1 X67.911 Y206.694
G1 X68.245 Y206.360
G1 X68.913 Y206.360
G1 X69.247 Y206.026
G1 X69.914 Y206.026
G1 X70.248 Y205.692
G1 X70.916 Y205.692
G1 X71.250 Y205.358
G1 X71.917 Y205.358
G1 X72.251 Y205.024
G1 X73.253 Y205.024
G1 X73.586 Y204.691
G1 X74.588 Y204.691
G1 X74.922 Y204.357
G1 X75.923 Y204.357
G1 X76.257 Y204.023
G1 X77.592 Y204.023
G1 X77.926 Y203.689
G1 X79.262 Y203.689
G1 X79.595 Y203.355
G1 X80.931 Y203.355
G1 X81.265 Y203.021
G1 X82.934 Y203.021
G1 X83.268 Y202.688
G1 X84.937 Y202.688
G1 X85.271 Y202.354
G1 X86.940 Y202.354
G1 X87.274 Y202.020
G1 X88.943 Y202.020
G1 X89.277 Y201.686
G1 X90.946 Y201.686
G1 X91.280 Y201.352
G1 X92.949 Y201.352
G1 X93.283 Y201.018
G1 X94.952 Y201.018
G1 X95.286 Y200.685
G1 X97.289 Y200.685
G1 X97.622 Y200.351
G1 X99.625 Y200.351
G1 X99.959 Y200.017
G1 X101.628 Y200.017
G1 X101.962 Y199.683
G1 X104.299 Y199.683
G1 X104.633 Y199.349
G1 X107.303 Y199.349
G1 X107.637 Y199.015
G1 X131.006 Y199.015
G1 X131.339 Y198.682
G1 X135.345 Y198.682
G1 X135.679 Y198.348
G1 X138.350 Y198.348
G1 X138.684 Y198.014
G1 X140.687 Y198.014
G1 X141.021 Y197.680
G1 X142.356 Y197.680
G1 X142.690 Y197.346
G1 X144.025 Y197.346
G1 X144.359 Y197.012
G1 X145.694 Y197.012
G1 X146.028 Y196.679
G1 X147.030 Y196.679
G1 X147.363 Y196.345
G1 X148.365 Y196.345
G1 X148.699 Y196.011
G1 X149.700 Y196.011
G1 X150.034 Y195.677
G1 X150.702 Y195.677
G1 X151.036 Y195.343
G1 X151.369 Y195.343
G1 X151.703 Y195.009
G1 X152.371 Y195.009
G1 X152.705 Y194.676
G1 X153.039 Y194.676
G1 X153.372 Y194.342
G1 X153.706 Y194.342
G1 X154.374 Y193.674
G1 X154.708 Y193.674
G1 X155.041 Y193.340
G1 X155.375 Y193.006
G1 X155.709 Y192.673
G1 X156.711 Y191.671
G1 X156.711 Y189.000
G1 X156.377 Y188.667
G1 X156.377 Y187.999
G1 X156.043 Y187.665
G1 X156.043 Y186.997
G1 X155.709 Y186.664
G1 X155.709 Y185.996
G1 X155.375 Y185.662
G1 X155.375 Y185.328
G1 X155.041 Y184.994
G1 X155.041 Y184.661
G1 X154.708 Y184.327
G1 X154.708 Y183.993
G1 X154.040 Y183.325
G1 X154.040 Y182.991
G1 X153.706 Y182.658
G1 X153.706 Y182.324
G1 X153.372 Y181.990
G1 X153.039 Y181.656
G1 X153.039 Y181.322
G1 X152.705 Y180.988
G1 X152.371 Y180.655
G1 X152.371 Y180.321
G1 X152.037 Y179.987
G1 X152.037 Y179.653
G1 X151.369 Y178.985
G1 X151.369 Y178.652
G1 X151.036 Y178.318
G1 X151.036 Y177.984
G1 X150.702 Y177.650
G1 X150.702 Y177.316
G1 X150.368 Y176.982
G1 X150.368 Y176.649
G1 X149.700 Y175.981
G1 X149.700 Y175.647
G1 X149.366 Y175.313
G1 X149.366 Y174.646
G1 X149.033 Y174.312
G1 X149.033 Y173.978
G1 X148.699 Y173.644
G1 X148.699 Y172.976
G1 X148.365 Y172.643
G1 X148.365 Y172.309
G1 X148.031 Y171.975
G1 X148.031 Y171.307
G1 X147.697 Y170.973
G1 X147.697 Y170.306
G1 X147.363 Y169.972
G1 X147.363 Y168.970
G1 X147.030 Y168.637
G1 X147.030 Y167.969
G1 X146.696 Y167.635
G1 X146.696 Y166.967
G1 X146.362 Y166.634
G1 X146.362 Y165.632
G1 X146.028 Y165.298
G1 X146.028 Y164.297
G1 X145.694 Y163.963
G1 X145.694 Y162.961
G1 X145.360 Y162.628
G1 X145.360 Y161.626
G1 X145.027 Y161.292
G1 X145.027 Y160.291
G1 X144.693 Y159.957
G1 X144.693 Y158.622
G1 X144.359 Y158.288
G1 X144.359 Y157.286
G1 X144.025 Y156.953
G1 X144.025 Y155.283
G1 X143.691 Y154.950
G1 X143.691 Y153.948
G1 X143.357 Y153.614
G1 X143.357 Y151.277
G1 X143.024 Y150.944
G1 X143.024 Y148.941
G1 X142.690 Y148.607
G1 X142.690 Y146.604
G1 X142.356 Y146.270
G1 X142.356 Y144.267
G1 X142.022 Y143.933
G1 X142.022 Y141.930
G1 X141.688 Y141.596
G1 X141.688 Y139.593
G1 X141.354 Y139.259
G1 X141.354 Y137.256
G1 X141.021 Y136.923
G1 X141.021 Y135.253
G1 X140.687 Y134.920
G1 X140.687 Y133.250
G1 X140.353 Y132.917
G1 X140.353 Y131.915
G1 X140.019 Y131.581
G1 X140.019 Y130.580
G1 X139.685 Y130.246
G1 X139.685 Y128.911
G1 X139.351 Y128.577
G1 X139.351 Y127.909
G1 X139.018 Y127.575
G1 X139.018 Y126.574
G1 X138.684 Y126.240
G1 X138.684 Y125.572
G1 X138.350 Y125.238
G1 X138.350 Y124.237
G1 X138.016 Y123.903
G1 X138.016 Y122.902
G1 X137.682 Y122.568
G1 X137.682 Y121.900
G1 X137.348 Y121.566
G1 X137.348 Y120.565
G1 X137.015 Y120.231
G1 X137.015 Y119.563
G1 X136.681 Y119.229
G1 X136.681 Y118.228
G1 X136.347 Y117.894
G1 X136.347 Y116.559
G1 X136.013 Y116.225
G1 X136.013 Y115.223
G1 X135.679 Y114.890
G1 X135.679 Y112.887
G1 X135.345 Y112.553
G1 X135.345 Y108.547
G1 X135.012 Y108.213
G1 X135.012 Y103.539
G1 X134.678 Y103.206
G1 X134.678 Y100.869
G1 X134.344 Y100.535
G1 X134.344 Y99.200
G1 X134.010 Y98.866
G1 X134.010 Y98.198
G1 X133.676 Y97.864
G1 X133.676 Y97.197
G1 X133.342 Y96.863
G1 X133.342 Y96.195
G1 X133.009 Y95.861
G1 X133.009 Y95.527
G1 X132.675 Y95.194
G1 X132.675 Y94.860
G1 X132.007 Y94.192
G1 X132.007 Y93.858
G1 X131.673 Y93.524
G1 X131.673 Y93.191
G1 X131.339 Y92.857
G1 X131.006 Y92.523
G1 X130.338 Y91.855
G1 X130.338 Y91.521
G1 X130.004 Y91.188
G1 X129.336 Y90.520
G1 X129.003 Y90.186
G1 X128.335 Y89.518
G1 X128.001 Y89.185
G1 X127.333 Y88.517
G1 X127.000 Y88.183
G1 X126.332 Y87.515
G1 X125.998 Y87.182
G1 X125.330 Y86.514
G1 X124.997 Y86.180
G1 X124.329 Y85.512
G1 X123.995 Y85.179
G1 X123.327 Y84.511
G1 X122.994 Y84.177
G1 X122.326 Y83.509
G1 X121.992 Y83.176
G1 X121.658 Y82.842
G1 X121.658 Y82.508
G1 X121.324 Y82.174
G1 X121.324 Y81.840
G1 X120.991 Y81.506
G1 X120.991 Y81.173
G1 X120.657 Y80.839
G1 X120.657 Y80.171
G1 X120.323 Y79.837
G1 X120.323 Y79.503
G1 X119.989 Y79.170
G1 X119.989 Y78.502
G1 X119.655 Y78.168
G1 X119.655 Y77.167
G1 X119.321 Y76.833
G1 X119.321 Y75.831
G1 X118.988 Y75.497
G1 X118.988 Y74.162
G1 X118.654 Y73.828
G1 X118.654 Y71.158
G1 X118.320 Y70.824
G1 X118.320 Y53.798
G1 X118.654 Y53.464
G1 X118.654 Y49.459
G1 X118.988 Y49.125
G1 X118.988 Y46.120
G1 X119.321 Y45.786
G1 X119.321 Y43.783
G1 X119.655 Y43.450
G1 X119.655 Y41.113
G1 X119.989 Y40.779
G1 X119.989 Y39.110
G1 X120.323 Y38.776
G1 X120.323 Y37.107
G1 X120.657 Y36.773
G1 X120.657 Y35.771
G1 X120.991 Y35.438
G1 X120.991 Y34.436
G1 X121.324 Y34.102
G1 X121.324 Y33.101
G1 X121.658 Y32.767
G1 X121.658 Y32.099
G1 X121.992 Y31.765
G1 X121.992 Y31.098
G1 X122.326 Y30.764
G1 X122.326 Y30.430
G1 X122.660 Y30.096
G1 X122.660 Y29.429
G1 X122.994 Y29.095
G1 X122.994 Y28.761
G1 X123.327 Y28.427
G1 X123.327 Y28.093
G1 X123.661 Y27.759
G1 X123.661 Y27.426
G1 X123.995 Y27.092
G1 X123.995 Y26.758
G1 X124.329 Y26.424
G1 X124.329 Y26.090
G1 X124.663 Y25.756
G1 X124.663 Y25.423
G1 X124.997 Y25.089
G1 X125.330 Y24.755
G1 X126.332 Y23.753
G1 X126.666 Y23.420
G1 X127.000 Y23.086
G1 X130.672 Y23.086
G1 X131.006 Y22.752
G1 X141.688 Y22.752
G1 X131.006 Y22.752
G1 X130.672 Y23.086
G1 X127.000 Y23.086
G1 X126.666 Y23.420
G1 X126.332 Y23.753
G1 X125.330 Y24.755
G1 X124.997 Y25.089
G1 X124.663 Y25.423
G1 X124.663 Y25.756
G1 X124.329 Y26.090
G1 X124.329 Y26.424
G1 X123.995 Y26.758
G1 X123.995 Y27.092
G1 X123.661 Y27.426
G1 X123.661 Y27.759
G1 X123.327 Y28.093
G1 X123.327 Y28.427
G1 X122.994 Y28.761
G1 X122.994 Y29.095
G1 X122.660 Y29.429
G1 X122.660 Y30.096
G1 X122.326 Y30.430
G1 X122.326 Y30.764
G1 X121.992 Y31.098
G1 X121.992 Y31.765
G1 X121.658 Y32.099
G1 X121.658 Y32.767
G1 X121.324 Y33.101
G1 X121.324 Y34.102
G1 X120.991 Y34.436
G1 X120.991 Y35.438
G1 X120.657 Y35.771
G1 X120.657 Y36.773
G1 X120.323 Y37.107
G1 X120.323 Y38.776
G1 X119.989 Y39.110
G1 X119.989 Y40.779
G1 X119.655 Y41.113
G1 X119.655 Y43.450
G1 X119.321 Y43.783
G1 X119.321 Y45.786
G1 X118.988 Y46.120
G1 X118.988 Y49.125
G1 X118.654 Y49.459
G1 X118.654 Y53.464
G1 X118.320 Y53.798
G1 X118.320 Y70.824
G1 X118.654 Y71.158
G1 X118.654 Y73.828
G1 X118.988 Y74.162
G1 X118.988 Y75.497
G1 X119.321 Y75.831
G1 X119.321 Y76.833
G1 X119.655 Y77.167
G1 X119.655 Y78.168
G1 X119.989 Y78.502
G1 X119.989 Y79.170
G1 X120.323 Y79.503
G1 X120.323 Y79.837
G1 X120.657 Y80.171
G1 X120.657 Y80.839
G1 X120.991 Y81.173
G1 X120.991 Y81.506
G1 X121.324 Y81.840
G1 X121.324 Y82.174
G1 X121.658 Y82.508
G1 X121.658 Y82.842
G1 X121.992 Y83.176
G1 X122.326 Y83.509
G1 X122.994 Y84.177
G1 X123.327 Y84.511
G1 X123.995 Y85.179
G1 X124.329 Y85.512
G1 X124.997 Y86.180
G1 X125.330 Y86.514
G1 X125.998 Y87.182
G1 X126.332 Y87.515
G1 X127.000 Y88.183
G1 X127.333 Y88.517
G1 X128.001 Y89.185
G1 X128.335 Y89.518
G1 X129.003 Y90.186
G1 X129.336 Y90.520
G1 X130.004 Y91.188
G1 X130.338 Y91.521
G1 X130.338 Y91.855
G1 X131.006 Y92.523
G1 X131.339 Y92.857
G1 X131.673 Y93.191
G1 X131.673 Y93.524
G1 X132.007 Y93.858
G1 X132.007 Y94.192
G1 X132.675 Y94.860
G1 X132.675 Y95.194
G1 X133.009 Y95.527
G1 X133.009 Y95.861
G1 X133.342 Y96.195
G1 X133.342 Y96.863
G1 X133.676 Y97.197
G1 X133.676 Y97.864
G1 X134.010 Y98.198
G1 X134.010 Y98.866
G1 X134.344 Y99.200
G1 X134.344 Y100.535
G1 X134.678 Y100.869
G1 X134.678 Y103.206
G1 X135.012 Y103.539
G1 X135.012 Y108.213
G1 X135.345 Y108.547
G1 X135.345 Y112.553
G1 X135.679 Y112.887
G1 X135.679 Y114.890
G1 X136.013 Y115.223
G1 X136.013 Y116.225
G1 X136.347 Y116.559
G1 X136.347 Y117.894
G1 X136.681 Y118.228
G1 X136.681 Y119.229
G1 X137.015 Y119.563
G1 X137.015 Y120.231
G1 X137.348 Y120.565
G1 X137.348 Y121.566
G1 X137.682 Y121.900
G1 X137.682 Y122.568
G1 X138.016 Y122.902
G1 X138.016 Y123.903
G1 X138.350 Y124.237
G1 X138.350 Y125.238
G1 X138.684 Y125.572
G1 X138.684 Y126.240
G1 X139.018 Y126.574
G1 X139.018 Y127.575
G1 X139.351 Y127.909
G1 X139.351 Y128.577
G1 X139.685 Y128.911
G1 X139.685 Y130.246
G1 X140.019 Y130.580
G1 X140.019 Y131.581
G1 X140.353 Y131.915
G1 X140.353 Y132.917
G1 X140.687 Y133.250
G1 X140.687 Y134.920
G1 X141.021 Y135.253
G1 X141.021 Y136.923
G1 X141.354 Y137.256
G1 X141.354 Y139.259
G1 X141.688 Y139.593
G1 X141.688 Y141.596
G1 X142.022 Y141.930
G1 X142.022 Y143.933
G1 X142.356 Y144.267
G1 X142.356 Y146.270
G1 X142.690 Y146.604
G1 X142.690 Y148.607
G1 X143.024 Y148.941
G1 X143.024 Y150.944
G1 X143.357 Y151.277
G1 X143.357 Y153.614
G1 X143.691 Y153.948
G1 X143.691 Y154.950
G1 X144.025 Y155.283
G1 X144.025 Y156.953
G1 X144.359 Y157.286
G1 X144.359 Y158.288
G1 X144.693 Y158.622
G1 X144.693 Y159.957
G1 X145.027 Y160.291
G1 X145.027 Y161.292
G1 X145.360 Y161.626
G1 X145.360 Y162.628
G1 X145.694 Y162.961
G1 X145.694 Y163.963
G1 X146.028 Y164.297
G1 X146.028 Y165.298
G1 X146.362 Y165.632
G1 X146.362 Y166.634
G1 X146.696 Y166.967
G1 X146.696 Y167.635
G1 X147.030 Y167.969
G1 X147.030 Y168.637
G1 X147.363 Y168.970
G1 X147.363 Y169.972
G1 X147.697 Y170.306
G1 X147.697 Y170.973
G1 X148.031 Y171.307
G1 X148.031 Y171.975
G1 X148.365 Y172.309
G1 X148.365 Y172.643
G1 X148.699 Y172.976
G1 X148.699 Y173.644
G1 X149.033 Y173.978
G1 X149.033 Y174.312
G1 X149.366 Y174.646
G1 X149.366 Y175.313
G1 X149.700 Y175.647
G1 X149.700 Y175.981
G1 X150.368 Y176.649
G1 X150.368 Y176.982
G1 X150.702 Y177.316
G1 X150.702 Y177.650
G1 X151.036 Y177.984
G1 X151.036 Y178.318
G1 X151.369 Y178.652
G1 X151.369 Y178.985
G1 X152.037 Y179.653
G1 X152.037 Y179.987
G1 X152.371 Y180.321
G1 X152.371 Y180.655
G1 X152.705 Y180.988
G1 X153.039 Y181.322
G1 X153.039 Y181.656
G1 X153.372 Y181.990
G1 X153.706 Y182.324
G1 X153.706 Y182.658
G1 X154.040 Y182.991
G1 X154.040 Y183.325
G1 X154.708 Y183.993
G1 X154.708 Y184.327
G1 X155.041 Y184.661
G1 X155.041 Y184.994
G1 X155.375 Y185.328
G1 X155.375 Y185.662
G1 X155.709 Y185.996
G1 X155.709 Y186.664
G1 X156.043 Y186.997
G1 X156.043 Y187.665
G1 X156.377 Y187.999
G1 X156.377 Y188.667
G1 X156.711 Y189.000
G1 X156.711 Y191.671
G1 X155.709 Y192.673
G1 X155.375 Y193.006
G1 X155.041 Y193.340
G1 X154.708 Y193.674
G1 X154.374 Y193.674
G1 X153.706 Y194.342
G1 X153.372 Y194.342
G1 X153.039 Y194.676
G1 X152.705 Y194.676
G1 X152.371 Y195.009
G1 X151.703 Y195.009
G1 X151.369 Y195.343
G1 X151.036 Y195.343
G1 X150.702 Y195.677
G1 X150.034 Y195.677
G1 X149.700 Y196.011
G1 X148.699 Y196.011
G1 X148.365 Y196.345
G1 X147.363 Y196.345
G1 X147.030 Y196.679
G1 X146.028 Y196.679
G1 X145.694 Y197.012
G1 X144.359 Y197.012
G1 X144.025 Y197.346
G1 X142.690 Y197.346
G1 X142.356 Y197.680
G1 X141.021 Y197.680
G1 X140.687 Y198.014
G1 X138.684 Y198.014
G1 X138.350 Y198.348
G1 X135.679 Y198.348
G1 X135.345 Y198.682
G1 X131.339 Y198.682
G1 X131.006 Y199.015
G1 X107.637 Y199.015
G1 X107.303 Y199.349
G1 X104.633 Y199.349
G1 X104.299 Y199.683
G1 X101.962 Y199.683
G1 X101.628 Y200.017
G1 X99.959 Y200.017
G1 X99.625 Y200.351
G1 X97.622 Y200.351
G1 X97.289 Y200.685
G1 X95.286 Y200.685
G1 X94.952 Y201.018
G1 X93.283 Y201.018
G1 X92.949 Y201.352
G1 X91.280 Y201.352
G1 X90.946 Y201.686
G1 X89.277 Y201.686
G1 X88.943 Y202.020
G1 X87.274 Y202.020
G1 X86.940 Y202.354
G1 X85.271 Y202.354
G1 X84.937 Y202.688
G1 X83.268 Y202.688
G1 X82.934 Y203.021
G1 X81.265 Y203.021
G1 X80.931 Y203.355
G1 X79.595 Y203.355
G1 X79.262 Y203.689
G1 X77.926 Y203.689
G1 X77.592 Y204.023
G1 X76.257 Y204.023
G1 X75.923 Y204.357
G1 X74.922 Y204.357
G1 X74.588 Y204.691
G1 X73.586 Y204.691
G1 X73.253 Y205.024
G1 X72.251 Y205.024
G1 X71.917 Y205.358
G1 X71.250 Y205.358
G1 X70.916 Y205.692
G1 X70.248 Y205.692
G1 X69.914 Y206.026
G1 X69.247 Y206.026
G1 X68.913 Y206.360
G1 X68.245 Y206.360
G1 X67.911 Y206.694
G1 X67.577 Y206.694
G1 X67.244 Y207.027
G1 X66.576 Y207.027
G1 X65.574 Y208.029
G1 X65.574 Y208.697
G1 X65.908 Y209.030
G1 X66.910 Y210.032
G1 X67.244 Y210.032
G1 X67.577 Y210.366
G1 X67.911 Y210.700
G1 X68.245 Y210.700
G1 X68.579 Y211.033
G1 X68.913 Y211.033
G1 X69.247 Y211.367
G1 X69.580 Y211.367
G1 X69.914 Y211.701
G1 X70.582 Y211.701
G1 X70.916 Y212.035
G1 X71.583 Y212.035
G1 X71.917 Y212.369
G1 X72.919 Y212.369
G1 X73.253 Y212.703
G1 X74.254 Y212.703
G1 X74.588 Y213.036
G1 X76.257 Y213.036
G1 X76.591 Y213.370
G1 X90.612 Y213.370
G1 X90.946 Y213.036
G1 X97.289 Y213.036
G1 X97.622 Y212.703
G1 X112.645 Y212.703
G1 X112.979 Y212.369
G1 X139.018 Y212.369
G1 X139.351 Y212.035
G1 X147.697 Y212.035
G1 X148.031 Y211.701
G1 X159.381 Y211.701
G1 X159.715 Y211.367
G1 X167.727 Y211.367
G1 X168.061 Y211.033
G1 X173.736 Y211.033
G1 X174.070 Y211.367
G1 X176.073 Y211.367
G1 X176.407 Y211.701
G1 X178.410 Y211.701
G1 X178.744 Y212.035
G1 X179.745 Y212.035
G1 X180.079 Y212.369
G1 X181.414 Y212.369
G1 X181.748 Y212.703
G1 X183.083 Y212.703
G1 X183.417 Y213.036
G1 X184.419 Y213.036
G1 X184.753 Y213.370
G1 X185.754 Y213.370
G1 X186.088 Y213.704
G1 X187.089 Y213.704
G1 X187.423 Y214.038
G1 X188.425 Y214.038
G1 X188.759 Y214.372
G1 X189.760 Y214.372
G1 X190.094 Y214.706
G1 X191.429 Y214.706
G1 X191.763 Y215.039
G1 X192.765 Y215.039
G1 X193.098 Y215.373
G1 X194.434 Y215.373
G1 X194.768 Y215.707
G1 X196.103 Y215.707
G1 X196.437 Y216.041
G1 X198.440 Y216.041
G1 X198.774 Y216.375
G1 X200.777 Y216.375
G1 X201.110 Y216.709
G1 X204.783 Y216.709
G1 X205.116 Y217.042
G1 X207.453 Y217.042
G1 X207.787 Y217.376
G1 X215.799 Y217.376
G1 X216.133 Y217.710
G1 X224.145 Y217.710
G1 X224.479 Y218.044
G1 X234.494 Y218.044
G1 X234.827 Y218.378
G1 X247.179 Y218.378
G1 X247.513 Y218.711
G1 X252.854 Y218.711
G1 X253.188 Y219.045
G1 X257.862 Y219.045
G1 X258.196 Y219.379
G1 X262.202 Y219.379
G1 X262.536 Y219.713
G1 X265.540 Y219.713
G1 X265.874 Y220.047
G1 X267.877 Y220.047
G1 X268.211 Y220.381
G1 X270.214 Y220.381
G1 X270.547 Y220.714
G1 X272.217 Y220.714
G1 X272.550 Y221.048
G1 X274.220 Y221.048
G1 X274.553 Y221.382
G1 X276.223 Y221.382
G1 X276.556 Y221.716
G1 X277.558 Y221.716
G1 X277.892 Y222.050
G1 X278.893 Y222.050
G1 X279.227 Y222.384
G1 X280.229 Y222.384
G1 X280.562 Y222.717
G1 X281.230 Y222.717
G1 X281.564 Y223.051
G1 X282.232 Y223.051
G1 X282.565 Y223.385
G1 X283.233 Y223.385
G1 X283.567 Y223.719
G1 X284.235 Y223.719
G1 X284.568 Y224.053
G1 X285.236 Y224.053
G1 X285.570 Y224.387
G1 X286.238 Y224.387
G1 X286.571 Y224.720
G1 X286.905 Y224.720
G1 X287.239 Y225.054
G1 X287.907 Y225.054
G1 X288.241 Y225.388
G1 X288.574 Y225.388
G1 X288.908 Y225.722
G1 X289.576 Y225.722
G1 X289.910 Y226.056
G1 X290.244 Y226.056
G1 X290.577 Y226.390
G1 X291.245 Y226.390
G1 X291.579 Y226.723
G1 X291.913 Y226.723
G1 X292.247 Y227.057
G1 X292.914 Y227.057
G1 X293.248 Y227.391
G1 X293.582 Y227.391
G1 X293.916 Y227.725
G1 X294.250 Y227.725
G1 X294.583 Y228.059
G1 X295.251 Y228.059
G1 X295.585 Y228.393
G1 X295.919 Y228.393
G1 X296.253 Y228.726
G1 X296.586 Y228.726
G1 X296.920 Y229.060
G1 X297.588 Y229.060
G1 X297.922 Y229.394
G1 X298.589 Y229.394
G1 X298.923 Y229.728
G1 X299.257 Y229.728
G1 X299.591 Y230.062
G1 X300.259 Y230.062
G1 X300.592 Y230.396
G1 X300.926 Y230.396
G1 X301.260 Y230.729
G1 X301.928 Y230.729
G1 X302.262 Y231.063
G1 X302.929 Y231.063
G1 X303.263 Y231.397
G1 X303.597 Y231.397
G1 X303.931 Y231.731
G1 X304.598 Y231.731
G1 X304.932 Y232.065
G1 X305.600 Y232.065
G1 X305.934 Y232.399
G1 X306.601 Y232.399
G1 X306.935 Y232.732
G1 X307.269 Y232.732
G1 X307.603 Y233.066
G1 X308.271 Y233.066
G1 X308.604 Y233.400
G1 X309.272 Y233.400
G1 X309.606 Y233.734
G1 X309.940 Y233.734
G1 X310.274 Y234.068
G1 X310.941 Y234.068
G1 X311.275 Y234.402
G1 X311.943 Y234.402
G1 X312.277 Y234.735
G1 X312.610 Y234.735
G1 X312.944 Y235.069
G1 X313.612 Y235.069
G1 X313.946 Y235.403
G1 X314.280 Y235.403
G1 X314.613 Y235.737
G1 X315.281 Y235.737
G1 X315.615 Y236.071
G1 X315.949 Y236.071
G1 X316.283 Y236.405
G1 X316.950 Y236.405
G1 X317.284 Y236.738
G1 X317.618 Y236.738
G1 X317.952 Y237.072
G1 X318.286 Y237.072
G1 X318.619 Y237.406
G1 X318.953 Y237.406
G1 X319.287 Y237.740
G1 X319.955 Y237.740
G1 X320.289 Y238.074
G1 X320.622 Y238.074
G1 X320.956 Y238.408
G1 X321.290 Y238.408
G1 X321.624 Y238.741
G1 X321.958 Y238.741
G1 X322.291 Y239.075
G1 X322.625 Y239.409
G1 X322.959 Y239.409
G1 X323.293 Y239.743
G1 X323.627 Y239.743
G1 X323.961 Y240.077
G1 X324.294 Y240.077
G1 X324.628 Y240.411
G1 X324.962 Y240.411
G1 X325.296 Y240.744
G1 X325.630 Y240.744
G1 X325.964 Y241.078
G1 X326.297 Y241.412
G1 X326.631 Y241.412
G1 X327.299 Y242.080
G1 X327.633 Y242.080
G1 X328.300 Y242.747
G1 X328.634 Y242.747
G1 X329.970 Y244.083
G1 X330.303 Y244.083
G1 X330.637 Y244.417
G1 X330.971 Y244.750
G1 X331.973 Y245.752
G1 X332.306 Y246.086
G1 X332.640 Y246.420
G1 X332.974 Y246.753
G1 X333.976 Y247.755
G1 X334.309 Y248.089
G1 X334.643 Y248.423
G1 X334.977 Y248.756
G1 X335.311 Y249.090
G1 X335.311 Y249.424
G1 X335.979 Y250.092
G1 X336.312 Y250.426
G1 X336.646 Y250.759
G1 X337.314 Y251.427
G1 X337.314 Y251.761
G1 X338.983 Y253.430
G1 X338.983 Y253.764
G1 X339.651 Y254.432
G1 X339.985 Y254.765
G1 X339.985 Y255.099
G1 X340.318 Y255.433
G1 X340.986 Y256.101
G1 X340.986 Y256.435
G1 X341.320 Y256.768
G1 X341.988 Y257.436
G1 X341.988 Y257.770
G1 X342.321 Y258.104
G1 X342.655 Y258.438
G1 X342.989 Y258.771
G1 X342.989 Y259.105
G1 X343.991 Y260.107
G1 X343.991 Y260.441
G1 X344.658 Y261.108
G1 X344.658 Y261.442
G1 X345.660 Y262.444
G1 X345.660 Y262.777
G1 X345.994 Y263.111
G1 X346.327 Y263.445
G1 X346.327 Y263.779
G1 X346.995 Y264.447
G1 X347.329 Y264.780
G1 X347.329 Y265.114
G1 X347.997 Y265.782
G1 X347.997 Y266.116
G1 X348.330 Y266.450
G1 X348.664 Y266.783
G1 X349.332 Y267.451
G1 X349.332 Y267.785
G1 X350.333 Y268.786
G1 X350.333 Y269.120
G1 X351.669 Y270.456
G1 X351.669 Y270.789
G1 X352.003 Y271.123
G1 X352.336 Y271.457
G1 X353.338 Y272.459
G1 X353.338 Y272.792
G1 X354.006 Y273.460
G1 X354.339 Y273.794
G1 X354.673 Y274.128
G1 X355.007 Y274.461
G1 X355.341 Y274.795
G1 X355.341 Y275.129
G1 X356.009 Y275.797
G1 X356.342 Y276.131
G1 X356.676 Y276.464
G1 X358.012 Y277.800
G1 X358.345 Y278.134
G1 X358.679 Y278.467
G1 X360.015 Y279.803
G1 X360.348 Y280.137
G1 X360.682 Y280.470
G1 X362.018 Y281.806
G1 X362.351 Y282.140
G1 X362.685 Y282.473
G1 X364.021 Y283.809
G1 X364.354 Y284.143
G1 X364.688 Y284.476
G1 X366.024 Y285.812
G1 X366.357 Y286.146
G1 X366.691 Y286.479
G1 X368.027 Y287.815
G1 X368.360 Y288.149
G1 X368.694 Y288.482
G1 X370.030 Y289.818
G1 X370.363 Y290.152
G1 X370.697 Y290.485
G1 X371.699 Y291.487
G1 X371.699 Y291.821
G1 X372.700 Y292.822
G1 X372.700 Y293.156
G1 X373.702 Y294.158
G1 X373.702 Y294.491
G1 X374.036 Y294.825
G1 X374.369 Y295.159
G1 X374.369 Y295.493
G1 X375.037 Y296.161
G1 X375.037 Y296.494
G1 X376.039 Y297.496
G1 X376.372 Y297.830
G1 X376.706 Y298.164
G1 X377.040 Y298.497
G1 X377.708 Y299.165
G1 X378.041 Y299.499
G1 X378.709 Y300.167
G1 X379.043 Y300.500
G1 X379.711 Y301.168
G1 X380.044 Y301.168
G1 X380.712 Y301.836
G1 X381.046 Y301.836
G1 X381.380 Y302.170
G1 X381.714 Y302.503
G1 X382.047 Y302.503
G1 X382.381 Y302.837
G1 X382.715 Y302.837
G1 X383.049 Y303.171
G1 X383.383 Y303.171
G1 X383.717 Y303.505
G1 X384.050 Y303.505
G1 X384.384 Y303.839
G1 X385.052 Y303.839
G1 X385.386 Y304.173
G1 X386.053 Y304.173
G1 X386.387 Y304.506
G1 X387.389 Y304.506
G1 X387.723 Y304.840
G1 X388.724 Y304.840
G1 X389.058 Y305.174
G1 X390.393 Y305.174
G1 X390.727 Y305.508
G1 X391.729 Y305.508
G1 X392.062 Y305.842
G1 X400.408 Y305.842
G1 X400.742 Y305.508
G1 X402.077 Y305.508
G1 X402.411 Y305.174
G1 X404.080 Y305.174
G1 X404.414 Y304.840
G1 X406.083 Y304.840
G1 X406.417 Y304.506
G1 X407.419 Y304.506
G1 X407.753 Y304.173
G1 X408.754 Y304.173
G1 X409.088 Y303.839
G1 X410.089 Y303.839
G1 X410.423 Y303.505
G1 X411.425 Y303.505
G1 X411.759 Y303.171
G1 X412.426 Y303.171
G1 X412.760 Y302.837
G1 X413.428 Y302.837
G1 X413.762 Y302.503
G1 X414.429 Y302.503
G1 X414.763 Y302.170
G1 X415.431 Y302.170
G1 X415.765 Y301.836
G1 X416.432 Y301.836
G1 X416.766 Y301.502
G1 X417.100 Y301.502
G1 X417.434 Y301.168
G1 X418.101 Y301.168
G1 X418.435 Y300.834
G1 X418.769 Y300.834
G1 X419.103 Y300.500
G1 X419.437 Y300.500
G1 X419.771 Y300.167
G1 X420.438 Y300.167
G1 X420.772 Y299.833
G1 X421.106 Y299.833
G1 X421.440 Y299.499
G1 X421.774 Y299.499
G1 X422.107 Y299.165
G1 X422.441 Y299.165
G1 X422.775 Y298.831
G1 X423.109 Y298.831
G1 X423.443 Y298.497
G1 X423.777 Y298.497
G1 X424.110 Y298.164
G1 X424.444 Y298.164
G1 X425.112 Y297.496
G1 X425.446 Y297.496
G1 X425.780 Y297.162
G1 X426.113 Y297.162
G1 X426.781 Y296.494
G1 X427.115 Y296.494
G1 X427.449 Y296.161
G1 X427.783 Y295.827
G1 X428.116 Y295.493
G1 X429.118 Y294.491
G1 X429.452 Y294.158
G1 X429.786 Y293.824
G1 X430.119 Y293.490
G1 X431.121 Y292.488
G1 X431.455 Y292.155
G1 X431.455 Y291.821
G1 X431.789 Y291.487
G1 X431.789 Y291.153
G1 X432.122 Y290.819
G1 X432.122 Y290.152
G1 X432.456 Y289.818
G1 X432.456 Y289.484
G1 X432.790 Y289.150
G1 X432.790 Y288.482
G1 X433.124 Y288.149
G1 X433.124 Y287.481
G1 X433.458 Y287.147
G1 X433.458 Y286.479
G1 X433.791 Y286.146
G1 X433.792 Y285.812
G1 X433.791 Y285.478
G1 X434.125 Y285.144
G1 X434.125 Y284.810
G1 X434.459 Y284.476
G1 X434.459 Y284.143
G1 X434.793 Y283.809
G1 X434.793 Y283.475
G1 X435.461 Y282.807
G1 X435.794 Y282.473
G1 X436.128 Y282.140
G1 X437.464 Y280.804
G1 X437.797 Y280.470
G1 X438.131 Y280.137
G1 X438.799 Y279.469
G1 X439.133 Y279.469
G1 X439.467 Y279.135
G1 X439.800 Y278.801
G1 X440.134 Y278.801
G1 X440.468 Y278.467
G1 X440.802 Y278.134
G1 X441.136 Y278.134
G1 X441.470 Y277.800
G1 X441.803 Y277.800
G1 X442.137 Y277.466
G1 X442.805 Y277.466
G1 X443.139 Y277.132
G1 X443.473 Y277.132
G1 X443.806 Y276.798
G1 X444.474 Y276.798
G1 X444.808 Y276.464
G1 X445.476 Y276.464
G1 X445.809 Y276.131
G1 X446.477 Y276.131
G1 X446.811 Y275.797
G1 X447.812 Y275.797
G1 X448.146 Y275.463
G1 X448.814 Y275.463
G1 X449.148 Y275.129
G1 X450.149 Y275.129
G1 X450.483 Y274.795
G1 X451.151 Y274.795
G1 X451.485 Y274.461
G1 X452.152 Y274.461
G1 X452.486 Y274.128
G1 X453.154 Y274.128
G1 X453.488 Y273.794
G1 X453.821 Y273.794
G1 X454.155 Y273.460
G1 X454.823 Y273.460
G1 X455.157 Y273.126
G1 X455.491 Y273.126
G1 X455.824 Y272.792
G1 X456.158 Y272.792
G1 X456.492 Y272.459
G1 X457.494 Y271.457
G1 X457.827 Y271.123
G1 X458.161 Y270.789
G1 X458.495 Y270.456
G1 X459.497 Y269.454
G1 X459.497 Y269.120
G1 X459.830 Y268.786
G1 X459.830 Y268.453
G1 X460.164 Y268.119
G1 X460.164 Y267.451
G1 X460.498 Y267.117
G1 X460.498 Y266.450
G1 X460.832 Y266.116
G1 X460.832 Y262.777
G1 X460.498 Y262.444
G1 X460.498 Y261.442
G1 X460.164 Y261.108
G1 X460.164 Y259.439
G1 X459.830 Y259.105
G1 X459.830 Y258.104
G1 X459.497 Y257.770
G1 X459.497 Y257.102
G1 X459.163 Y256.768
G1 X459.163 Y256.101
G1 X458.829 Y255.767
G1 X458.829 Y255.433
G1 X458.495 Y255.099
G1 X458.495 Y254.765
G1 X458.161 Y254.432
G1 X458.161 Y254.098
G1 X457.827 Y253.764
G1 X457.494 Y253.430
G1 X457.494 Y253.096
G1 X457.160 Y252.762
G1 X456.826 Y252.429
G1 X455.824 Y251.427
G1 X455.491 Y251.093
G1 X455.157 Y250.759
G1 X454.823 Y250.426
G1 X453.821 Y249.424
G1 X453.488 Y249.090
G1 X453.154 Y248.756
G1 X452.820 Y248.756
G1 X452.486 Y248.423
G1 X451.818 Y247.755
G1 X451.485 Y247.755
G1 X451.151 Y247.421
G1 X450.817 Y247.421
G1 X450.483 Y247.087
G1 X450.149 Y247.087
G1 X449.482 Y246.420
G1 X448.814 Y246.420
G1 X448.480 Y246.086
G1 X448.146 Y246.086
G1 X447.812 Y245.752
G1 X447.479 Y245.752
G1 X447.145 Y245.418
G1 X446.811 Y245.418
G1 X446.477 Y245.084
G1 X445.809 Y245.084
G1 X445.476 Y244.750
G1 X444.808 Y244.750
G1 X444.474 Y244.417
G1 X443.473 Y244.417
G1 X443.139 Y244.083
G1 X442.137 Y244.083
G1 X441.803 Y243.749
G1 X440.134 Y243.749
G1 X439.800 Y243.415
G1 X438.131 Y243.415
G1 X437.797 Y243.081
G1 X435.461 Y243.081
G1 X435.127 Y242.747
G1 X429.118 Y242.747
G1 X428.784 Y242.414
G1 X409.088 Y242.414
G1 X408.754 Y242.747
G1 X407.085 Y242.747
G1 X406.751 Y242.414
G1 X405.750 Y242.414
G1 X405.082 Y241.746
G1 X405.082 Y241.412
G1 X404.748 Y241.078
G1 X404.748 Y240.077
G1 X404.414 Y239.743
G1 X404.414 Y238.408
G1 X404.080 Y238.074
G1 X404.080 Y236.738
G1 X403.747 Y236.405
G1 X403.747 Y235.069
G1 X403.413 Y234.735
G1 X403.413 Y233.066
G1 X403.079 Y232.732
G1 X403.079 Y231.397
G1 X402.745 Y231.063
G1 X402.745 Y230.062
G1 X402.411 Y229.728
G1 X402.411 Y228.726
G1 X402.077 Y228.393
G1 X402.077 Y227.725
G1 X401.744 Y227.391
G1 X401.744 Y226.390
G1 X401.410 Y226.056
G1 X401.410 Y225.054
G1 X401.076 Y224.720
G1 X401.076 Y224.053
G1 X400.742 Y223.719
G1 X400.742 Y223.051
G1 X400.408 Y222.717
G1 X400.408 Y222.050
G1 X400.074 Y221.716
G1 X400.074 Y221.048
G1 X399.741 Y220.714
G1 X399.741 Y220.381
G1 X399.407 Y220.047
G1 X399.407 Y219.379
G1 X399.073 Y219.045
G1 X399.073 Y218.711
G1 X398.739 Y218.378
G1 X398.739 Y217.710
G1 X398.405 Y217.376
G1 X398.405 Y217.042
G1 X398.071 Y216.709
G1 X398.071 Y216.041
G1 X397.738 Y215.707
G1 X397.738 Y215.373
G1 X397.404 Y215.039
G1 X397.404 Y214.372
G1 X397.070 Y214.038
G1 X397.070 Y213.704
G1 X396.736 Y213.370
G1 X396.736 Y213.036
G1 X396.402 Y212.703
G1 X396.402 Y212.035
G1 X396.068 Y211.701
G1 X396.068 Y211.367
G1 X395.735 Y211.033
G1 X395.735 Y210.700
G1 X395.401 Y210.366
G1 X395.401 Y209.698
G1 X395.067 Y209.364
G1 X395.067 Y209.030
G1 X394.733 Y208.697
G1 X394.733 Y208.363
G1 X394.399 Y208.029
G1 X394.399 Y207.361
G1 X394.065 Y207.027
G1 X394.065 Y206.694
G1 X393.732 Y206.360
G1 X393.732 Y206.026
G1 X393.398 Y205.692
G1 X393.398 Y205.024
G1 X393.064 Y204.691
G1 X393.064 Y204.357
G1 X392.730 Y204.023
G1 X392.730 Y203.689
G1 X392.396 Y203.355
G1 X392.396 Y203.021
G1 X392.062 Y202.688
G1 X392.062 Y202.354
G1 X391.729 Y202.020
G1 X391.729 Y201.352
G1 X391.395 Y201.018
G1 X391.395 Y200.685
G1 X391.061 Y200.351
G1 X391.061 Y199.683
G1 X390.727 Y199.349
G1 X390.727 Y199.015
G1 X390.393 Y198.682
G1 X390.393 Y198.014
G1 X390.059 Y197.680
G1 X390.059 Y196.679
G1 X389.726 Y196.345
G1 X389.726 Y195.677
G1 X389.392 Y195.343
G1 X389.392 Y194.008
G1 X389.058 Y193.674
G1 X389.058 Y191.671
G1 X388.724 Y191.337
G1 X388.724 Y176.982
G1 X388.390 Y176.649
G1 X388.390 Y171.975
G1 X388.056 Y171.641
G1 X388.056 Y169.972
G1 X387.723 Y169.638
G1 X387.723 Y168.303
G1 X387.389 Y167.969
G1 X387.389 Y166.967
G1 X387.055 Y166.634
G1 X387.055 Y165.632
G1 X386.721 Y165.298
G1 X386.721 Y164.297
G1 X386.387 Y163.963
G1 X386.387 Y162.961
G1 X386.053 Y162.628
G1 X386.053 Y161.960
G1 X385.720 Y161.626
G1 X385.720 Y160.625
G1 X385.386 Y160.291
G1 X385.386 Y159.957
G1 X385.052 Y159.623
G1 X385.052 Y158.956
G1 X384.718 Y158.622
G1 X384.718 Y157.954
G1 X384.384 Y157.620
G1 X384.384 Y156.953
G1 X384.050 Y156.619
G1 X384.050 Y155.951
G1 X383.717 Y155.617
G1 X383.717 Y155.283
G1 X383.383 Y154.950
G1 X383.383 Y154.282
G1 X383.049 Y153.948
G1 X383.049 Y153.614
G1 X382.715 Y153.280
G1 X382.715 Y152.613
G1 X382.381 Y152.279
G1 X382.381 Y151.945
G1 X382.047 Y151.611
G1 X382.047 Y151.277
G1 X381.714 Y150.944
G1 X381.714 Y150.276
G1 X381.380 Y149.942
G1 X381.380 Y149.608
G1 X381.046 Y149.274
G1 X381.046 Y148.607
G1 X380.712 Y148.273
G1 X380.712 Y147.939
G1 X380.378 Y147.605
G1 X380.378 Y147.271
G1 X380.044 Y146.938
G1 X380.044 Y146.604
G1 X379.711 Y146.270
G1 X379.711 Y145.602
G1 X379.377 Y145.268
G1 X379.377 Y144.935
G1 X379.043 Y144.601
G1 X379.043 Y144.267
G1 X378.709 Y143.933
G1 X378.709 Y143.265
G1 X378.375 Y142.932
G1 X378.375 Y142.598
G1 X378.041 Y142.264
G1 X378.041 Y141.930
G1 X377.708 Y141.596
G1 X377.708 Y140.929
G1 X377.374 Y140.595
G1 X377.374 Y140.261
G1 X377.040 Y139.927
G1 X377.040 Y139.259
G1 X376.706 Y138.926
G1 X376.706 Y138.592
G1 X376.372 Y138.258
G1 X376.372 Y137.924
G1 X376.039 Y137.590
G1 X376.039 Y136.923
G1 X375.705 Y136.589
G1 X375.705 Y135.921
G1 X375.371 Y135.587
G1 X375.371 Y135.253
G1 X375.037 Y134.920
G1 X375.037 Y134.252
G1 X374.703 Y133.918
G1 X374.703 Y133.584
G1 X374.369 Y133.250
G1 X374.369 Y132.249
G1 X374.036 Y131.915
G1 X374.036 Y131.581
G1 X373.702 Y131.247
G1 X373.702 Y130.246
G1 X373.368 Y129.912
G1 X373.368 Y129.244
G1 X373.034 Y128.911
G1 X373.034 Y128.243
G1 X372.700 Y127.909
G1 X372.700 Y127.241
G1 X372.366 Y126.908
G1 X372.366 Y126.240
G1 X372.033 Y125.906
G1 X372.033 Y124.905
G1 X371.699 Y124.571
G1 X371.699 Y123.903
G1 X371.365 Y123.569
G1 X371.365 Y122.568
G1 X371.031 Y122.234
G1 X371.031 Y121.566
G1 X370.697 Y121.232
G1 X370.697 Y120.231
G1 X370.363 Y119.897
G1 X370.363 Y118.896
G1 X370.030 Y118.562
G1 X370.030 Y117.560
G1 X369.696 Y117.226
G1 X369.696 Y115.891
G1 X369.362 Y115.557
G1 X369.362 Y114.890
G1 X369.028 Y114.556
G1 X369.028 Y113.220
G1 X368.694 Y112.887
G1 X368.694 Y111.551
G1 X368.360 Y111.217
G1 X368.360 Y109.882
G1 X368.027 Y109.548
G1 X368.027 Y107.879
G1 X367.693 Y107.545
G1 X367.693 Y106.210
G1 X367.359 Y105.876
G1 X367.359 Y104.207
G1 X367.025 Y103.873
G1 X367.025 Y102.204
G1 X366.691 Y101.870
G1 X366.691 Y99.533
G1 X366.357 Y99.200
G1 X366.357 Y96.195
G1 X366.024 Y95.861
G1 X366.024 Y93.191
G1 X365.690 Y92.857
G1 X365.690 Y88.517
G1 X365.356 Y88.183
G1 X365.356 Y75.164
G1 X365.690 Y74.830
G1 X365.690 Y70.824
G1 X366.024 Y70.490
G1 X366.024 Y67.485
G1 X366.357 Y67.152
G1 X366.357 Y64.481
G1 X366.691 Y64.147
G1 X366.691 Y62.144
G1 X367.025 Y61.810
G1 X367.025 Y59.807
G1 X367.359 Y59.473
G1 X367.359 Y57.804
G1 X367.693 Y57.470
G1 X367.693 Y55.801
G1 X368.027 Y55.467
G1 X368.027 Y53.464
G1 X368.360 Y53.131
G1 X368.360 Y51.795
G1 X368.694 Y51.461
G1 X368.694 Y50.126
G1 X369.028 Y49.792
G1 X369.028 Y48.123
G1 X369.362 Y47.789
G1 X369.362 Y47.456
G1 X370.030 Y46.788
G1 X370.363 Y46.454
G1 X370.697 Y46.120
G1 X371.365 Y46.120
G1 X371.699 Y45.786
G1 X372.033 Y45.786
G1 X372.366 Y45.453
G1 X373.034 Y45.453
G1 X373.368 Y45.119
G1 X374.036 Y45.119
G1 X374.369 Y44.785
G1 X374.703 Y44.785
G1 X375.037 Y44.451
G1 X375.705 Y44.451
G1 X376.039 Y44.117
G1 X376.372 Y44.117
G1 X376.706 Y43.783
G1 X377.040 Y43.450
G1 X377.708 Y42.782
G1 X378.041 Y42.448
G1 X378.709 Y41.780
G1 X379.043 Y41.447
G1 X379.711 Y40.779
G1 X380.044 Y40.445
G1 X380.712 Y39.777
G1 X380.712 Y39.444
G1 X381.714 Y38.442
G1 X381.714 Y38.108
G1 X382.047 Y37.774
G1 X382.047 Y37.441
G1 X382.715 Y36.773
G1 X382.715 Y36.439
G1 X383.049 Y36.105
G1 X383.049 Y35.438
G1 X383.383 Y35.104
G1 X383.383 Y33.768
G1 X383.049 Y33.435
G1 X382.715 Y33.101
G1 X382.381 Y33.101
G1 X382.047 Y32.767
G1 X381.380 Y32.767
G1 X381.046 Y32.433
G1 X380.378 Y32.433
G1 X380.044 Y32.099
G1 X375.705 Y32.099
G1 X375.371 Y32.433
G1 X369.362 Y32.433
G1 X369.028 Y32.767
G1 X362.351 Y32.767
G1 X362.018 Y32.433
G1 X361.684 Y32.433
G1 X361.684 Y32.099
G1 X361.684 Y32.433
G1 X361.350 Y32.433
G1 X360.682 Y33.101
G1 X360.348 Y33.101
G1 X360.015 Y33.435
G1 X359.681 Y33.768
G1 X359.347 Y33.768
G1 X358.679 Y34.436
G1 X358.345 Y34.436
G1 X358.012 Y34.770
G1 X357.678 Y34.770
G1 X357.010 Y35.438
G1 X356.342 Y35.438
G1 X355.675 Y36.105
G1 X355.341 Y36.105
G1 X355.007 Y36.439
G1 X354.673 Y36.439
G1 X354.339 Y36.773
G1 X353.672 Y36.773
G1 X353.338 Y37.107
G1 X352.670 Y37.107
G1 X352.336 Y37.441
G1 X352.003 Y37.441
G1 X351.669 Y37.774
G1 X351.335 Y38.108
G1 X351.001 Y38.108
G1 X350.667 Y38.442
G1 X350.667 Y39.110
G1 X351.001 Y39.444
G1 X351.335 Y39.777
G1 X351.335 Y43.450
G1 X351.001 Y43.783
G1 X351.001 Y46.788
G1 X350.667 Y47.122
G1 X350.667 Y49.792
G1 X350.333 Y50.126
G1 X350.333 Y52.129
G1 X350.000 Y52.463
G1 X350.000 Y54.132
G1 X349.666 Y54.466
G1 X349.666 Y55.801
G1 X349.332 Y56.135
G1 X349.332 Y57.804
G1 X348.998 Y58.138
G1 X348.998 Y59.807
G1 X348.664 Y60.141
G1 X348.664 Y61.810
G1 X348.330 Y62.144
G1 X348.330 Y63.813
G1 X347.997 Y64.147
G1 X347.997 Y65.816
G1 X347.663 Y66.150
G1 X347.663 Y68.153
G1 X347.329 Y68.487
G1 X347.329 Y72.159
G1 X346.995 Y72.493
G1 X346.995 Y79.170
G1 X346.661 Y79.503
G1 X346.661 Y90.520
G1 X346.327 Y90.854
G1 X346.327 Y93.858
G1 X345.994 Y94.192
G1 X345.994 Y95.861
G1 X345.660 Y96.195
G1 X345.660 Y97.197
G1 X345.326 Y97.530
G1 X345.326 Y98.532
G1 X344.992 Y98.866
G1 X344.992 Y99.867
G1 X344.658 Y100.201
G1 X344.658 Y100.869
G1 X344.324 Y101.203
G1 X343.323 Y101.203
G1 X342.655 Y100.535
G1 X342.655 Y99.867
G1 X342.321 Y99.533
G1 X342.321 Y98.866
G1 X341.988 Y98.532
G1 X341.988 Y97.197
G1 X341.654 Y96.863
G1 X341.654 Y94.860
G1 X341.320 Y94.526
G1 X341.320 Y92.857
G1 X340.986 Y92.523
G1 X340.986 Y90.854
G1 X340.652 Y90.520
G1 X340.652 Y88.183
G1 X340.318 Y87.849
G1 X340.318 Y84.845
G1 X339.985 Y84.511
G1 X339.985 Y70.156
G1 X339.651 Y69.822
G1 X339.651 Y59.140
G1 X339.985 Y58.806
G1 X339.985 Y55.801
G1 X340.318 Y55.467
G1 X340.318 Y53.798
G1 X340.652 Y53.464
G1 X340.652 Y52.129
G1 X340.986 Y51.795
G1 X340.986 Y50.460
G1 X341.320 Y50.126
G1 X341.320 Y49.459
G1 X341.654 Y49.125
G1 X341.654 Y48.457
G1 X341.988 Y48.123
G1 X341.988 Y47.456
G1 X342.321 Y47.122
G1 X342.321 Y46.788
G1 X342.655 Y46.454
G1 X342.655 Y46.120
G1 X342.989 Y45.786
G1 X342.989 Y45.453
G1 X343.323 Y45.119
G1 X343.323 Y44.785
G1 X343.657 Y44.451
G1 X343.657 Y44.117
G1 X343.991 Y43.783
G1 X343.991 Y43.450
G1 X344.324 Y43.116
G1 X345.660 Y41.780
G1 X345.660 Y41.447
G1 X345.994 Y41.113
G1 X346.327 Y40.779
G1 X346.995 Y40.111
G1 X347.329 Y40.111
G1 X347.663 Y39.777
G1 X347.997 Y39.444
G1 X348.330 Y39.444
G1 X348.664 Y39.110
G1 X350.000 Y39.110
G1 X350.333 Y38.776
G1 X350.000 Y39.110
G1 X348.664 Y39.110
G1 X348.330 Y39.444
G1 X347.997 Y39.444
G1 X347.663 Y39.777
G1 X347.329 Y40.111
G1 X346.995 Y40.111
G1 X346.327 Y40.779
G1 X345.994 Y41.113
G1 X345.660 Y41.447
G1 X345.660 Y41.780
G1 X344.324 Y43.116
G1 X343.991 Y43.450
G1 X343.991 Y43.783
G1 X343.657 Y44.117
G1 X343.657 Y44.451
G1 X343.323 Y44.785
G1 X343.323 Y45.119
G1 X342.989 Y45.453
G1 X342.989 Y45.786
G1 X342.655 Y46.120
G1 X342.655 Y46.454
G1 X342.321 Y46.788
G1 X342.321 Y47.122
G1 X341.988 Y47.456
G1 X341.988 Y48.123
G1 X341.654 Y48.457
G1 X341.654 Y49.125
G1 X341.320 Y49.459
G1 X341.320 Y50.126
G1 X340.986 Y50.460
G1 X340.986 Y51.795
G1 X340.652 Y52.129
G1 X340.652 Y53.464
G1 X340.318 Y53.798
G1 X340.318 Y55.467
G1 X339.985 Y55.801
G1 X339.985 Y58.806
G1 X339.651 Y59.140
G1 X339.651 Y69.822
G1 X339.985 Y70.156
G1 X339.985 Y84.511
G1 X340.318 Y84.845
G1 X340.318 Y87.849
G1 X340.652 Y88.183
G1 X340.652 Y90.520
G1 X340.986 Y90.854
G1 X340.986 Y92.523
G1 X341.320 Y92.857
G1 X341.320 Y94.526
G1 X341.654 Y94.860
G1 X341.654 Y96.863
G1 X341.988 Y97.197
G1 X341.988 Y98.532
G1 X342.321 Y98.866
G1 X342.321 Y99.533
G1 X342.655 Y99.867
G1 X342.655 Y100.535
G1 X343.323 Y101.203
G1 X344.324 Y101.203
G1 X344.658 Y100.869
G1 X344.658 Y100.201
G1 X344.992 Y99.867
G1 X344.992 Y98.866
G1 X345.326 Y98.532
G1 X345.326 Y97.530
G1 X345.660 Y97.197
G1 X345.660 Y96.195
G1 X345.994 Y95.861
G1 X345.994 Y94.192
G1 X346.327 Y93.858
G1 X346.327 Y90.854
G1 X346.661 Y90.520
G1 X346.661 Y79.503
G1 X346.995 Y79.170
G1 X346.995 Y72.493
G1 X347.329 Y72.159
G1 X347.329 Y68.487
G1 X347.663 Y68.153
G1 X347.663 Y66.150
G1 X347.997 Y65.816
G1 X347.997 Y64.147
G1 X348.330 Y63.813
G1 X348.330 Y62.144
G1 X348.664 Y61.810
G1 X348.664 Y60.141
G1 X348.998 Y59.807
G1 X348.998 Y58.138
G1 X349.332 Y57.804
G1 X349.332 Y56.135
G1 X349.666 Y55.801
G1 X349.666 Y54.466
G1 X350.000 Y54.132
G1 X350.000 Y52.463
G1 X350.333 Y52.129
G1 X350.333 Y50.126
G1 X350.667 Y49.792
G1 X350.667 Y47.122
G1 X351.001 Y46.788
G1 X351.001 Y43.783
G1 X351.335 Y43.450
G1 X351.335 Y39.777
G1 X351.001 Y39.444
G1 X350.667 Y39.110
G1 X350.333 Y39.110
G1 X350.667 Y39.110
G1 X350.667 Y38.776
G1 X350.333 Y38.776
G1 X350.667 Y38.776
G1 X350.667 Y38.442
G1 X351.001 Y38.108
G1 X351.335 Y38.108
G1 X351.669 Y37.774
G1 X352.003 Y37.441
G1 X352.336 Y37.441
G1 X352.670 Y37.107
G1 X353.338 Y37.107
G1 X353.672 Y36.773
G1 X354.339 Y36.773
G1 X354.673 Y36.439
G1 X355.007 Y36.439
G1 X355.341 Y36.105
G1 X355.675 Y36.105
G1 X356.342 Y35.438
G1 X357.010 Y35.438
G1 X357.678 Y34.770
G1 X358.012 Y34.770
G1 X358.345 Y34.436
G1 X358.679 Y34.436
G1 X359.347 Y33.768
G1 X359.681 Y33.768
G1 X360.015 Y33.435
G1 X360.348 Y33.101
G1 X360.682 Y33.101
G1 X361.350 Y32.433
G1 X362.018 Y32.433
G1 X362.018 Y32.099
G1 X361.684 Y32.099
G1 X362.018 Y32.099
G1 X362.018 Y31.098
G1 X362.351 Y30.764
G1 X362.685 Y30.430
G1 X362.685 Y30.096
G1 X363.019 Y29.762
G1 X363.019 Y29.429
G1 X363.353 Y29.095
G1 X363.353 Y28.761
G1 X363.687 Y28.427
G1 X363.687 Y27.759
G1 X364.021 Y27.426
G1 X364.021 Y24.421
