;
; File name: 'Turtle'
; File type: gcode
;
; BEGIN PRE
G1F2000
; END PRE

G1 X402.486 Y104.851
G1 X402.339 Y104.998
G1 X402.193 Y104.998
G1 X402.046 Y105.144
G1 X401.900 Y105.291
G1 X401.461 Y105.730
G1 X401.314 Y105.876
G1 X401.314 Y109.097
G1 X401.168 Y109.244
G1 X401.168 Y111.586
G1 X401.022 Y111.732
G1 X401.022 Y112.904
G1 X400.875 Y113.050
G1 X400.875 Y114.221
G1 X400.729 Y114.368
G1 X400.729 Y115.100
G1 X400.582 Y115.246
G1 X400.582 Y115.832
G1 X400.436 Y115.978
G1 X400.436 Y117.149
G1 X400.290 Y117.296
G1 X400.290 Y118.321
G1 X400.143 Y118.467
G1 X400.143 Y118.906
G1 X399.997 Y119.053
G1 X399.997 Y119.199
G1 X399.850 Y119.345
G1 X399.850 Y119.492
G1 X399.704 Y119.638
G1 X399.704 Y119.785
G1 X399.558 Y119.931
G1 X399.558 Y120.370
G1 X399.411 Y120.517
G1 X399.411 Y122.127
G1 X399.265 Y122.274
G1 X399.265 Y123.152
G1 X399.118 Y123.298
G1 X399.118 Y124.177
G1 X398.972 Y124.323
G1 X398.972 Y125.494
G1 X398.825 Y125.641
G1 X398.825 Y125.934
G1 X398.826 Y126.080
G1 X398.826 Y126.226
G1 X398.825 Y126.373
G1 X398.825 Y126.666
G1 X398.826 Y126.812
G1 X398.679 Y126.958
G1 X398.679 Y128.862
G1 X398.533 Y129.008
G1 X398.240 Y129.008
G1 X398.093 Y128.862
G1 X397.801 Y128.862
G1 X397.654 Y128.715
G1 X396.044 Y128.715
G1 X395.897 Y128.569
G1 X395.458 Y128.569
G1 X395.458 Y128.276
G1 X395.312 Y128.130
G1 X395.312 Y127.837
G1 X394.726 Y127.251
G1 X394.726 Y127.105
G1 X394.580 Y126.958
G1 X394.433 Y126.812
G1 X394.287 Y126.666
G1 X394.141 Y126.519
G1 X393.994 Y126.373
G1 X393.848 Y126.226
G1 X393.701 Y126.080
G1 X393.555 Y126.226
G1 X393.116 Y126.226
G1 X392.969 Y126.373
G1 X392.677 Y126.373
G1 X392.530 Y126.519
G1 X392.384 Y126.519
G1 X390.627 Y128.276
G1 X390.627 Y128.423
G1 X390.480 Y128.569
G1 X390.334 Y128.715
G1 X390.188 Y128.862
G1 X390.188 Y129.008
G1 X390.041 Y129.155
G1 X390.041 Y129.301
G1 X389.895 Y129.447
G1 X389.895 Y129.594
G1 X389.748 Y129.740
G1 X389.748 Y129.887
G1 X389.602 Y130.033
G1 X389.602 Y130.619
G1 X389.456 Y130.765
G1 X389.456 Y131.058
G1 X389.309 Y131.204
G1 X389.309 Y132.375
G1 X389.163 Y132.522
G1 X389.163 Y133.839
G1 X389.309 Y133.986
G1 X389.309 Y136.621
G1 X389.456 Y136.768
G1 X389.456 Y137.646
G1 X389.602 Y137.792
G1 X389.602 Y138.378
G1 X389.163 Y138.817
G1 X389.163 Y138.964
G1 X389.016 Y139.110
G1 X388.870 Y139.256
G1 X388.724 Y139.403
G1 X388.577 Y139.549
G1 X388.431 Y139.696
G1 X388.284 Y139.842
G1 X388.284 Y139.988
G1 X388.138 Y140.135
G1 X387.845 Y140.428
G1 X387.845 Y140.574
G1 X387.699 Y140.720
G1 X387.699 Y140.867
G1 X387.552 Y141.013
G1 X387.406 Y141.160
G1 X387.406 Y141.306
G1 X387.260 Y141.452
G1 X387.260 Y141.599
G1 X387.113 Y141.745
G1 X387.113 Y142.038
G1 X386.967 Y142.184
G1 X386.967 Y142.477
G1 X386.820 Y142.624
G1 X386.820 Y143.063
G1 X386.674 Y143.209
G1 X386.674 Y143.941
G1 X386.820 Y144.088
G1 X386.967 Y144.234
G1 X386.967 Y144.673
G1 X387.113 Y144.820
G1 X387.113 Y146.284
G1 X387.260 Y146.430
G1 X387.260 Y147.016
G1 X387.406 Y147.162
G1 X387.406 Y147.601
G1 X387.552 Y147.748
G1 X387.552 Y147.894
G1 X387.406 Y148.041
G1 X387.260 Y148.187
G1 X387.113 Y148.333
G1 X387.113 Y148.626
G1 X386.967 Y148.773
G1 X386.967 Y148.919
G1 X386.820 Y149.065
G1 X386.674 Y149.212
G1 X386.528 Y149.358
G1 X386.528 Y149.505
G1 X386.381 Y149.651
G1 X386.235 Y149.797
G1 X386.235 Y149.944
G1 X386.088 Y150.090
G1 X386.088 Y150.237
G1 X385.942 Y150.383
G1 X385.942 Y150.530
G1 X385.796 Y150.676
G1 X385.649 Y150.822
G1 X385.649 Y151.115
G1 X385.503 Y151.262
G1 X385.503 Y151.554
G1 X385.356 Y151.701
G1 X385.356 Y152.140
G1 X385.210 Y152.286
G1 X385.210 Y152.726
G1 X385.064 Y152.872
G1 X385.064 Y153.018
G1 X384.917 Y153.165
G1 X384.917 Y154.482
G1 X384.771 Y154.629
G1 X384.771 Y157.118
G1 X384.624 Y157.264
G1 X384.624 Y157.557
G1 X384.478 Y157.703
G1 X384.478 Y157.996
G1 X384.332 Y158.143
G1 X384.185 Y158.289
G1 X384.185 Y158.435
G1 X384.039 Y158.582
G1 X384.039 Y158.728
G1 X383.746 Y159.021
G1 X383.746 Y159.167
G1 X383.599 Y159.314
G1 X383.599 Y159.460
G1 X383.453 Y159.607
G1 X383.307 Y159.753
G1 X383.307 Y160.046
G1 X383.160 Y160.192
G1 X383.160 Y163.120
G1 X383.307 Y163.267
G1 X383.307 Y165.609
G1 X383.453 Y165.756
G1 X383.453 Y166.195
G1 X383.599 Y166.341
G1 X383.599 Y166.488
G1 X383.453 Y166.634
G1 X383.307 Y166.634
G1 X383.160 Y166.780
G1 X382.867 Y166.780
G1 X382.721 Y166.927
G1 X382.575 Y167.073
G1 X382.428 Y167.073
G1 X382.282 Y167.220
G1 X382.135 Y167.220
G1 X381.843 Y167.512
G1 X381.696 Y167.512
G1 X381.550 Y167.659
G1 X381.403 Y167.659
G1 X381.257 Y167.805
G1 X381.111 Y167.952
G1 X380.964 Y168.098
G1 X380.525 Y168.537
G1 X380.379 Y168.684
G1 X380.232 Y168.830
G1 X380.086 Y168.976
G1 X380.086 Y169.123
G1 X379.939 Y169.269
G1 X379.793 Y169.416
G1 X379.793 Y169.562
G1 X379.500 Y169.855
G1 X379.500 Y170.001
G1 X379.354 Y170.148
G1 X379.207 Y170.294
G1 X379.207 Y170.440
G1 X379.061 Y170.587
G1 X379.061 Y170.733
G1 X378.915 Y170.880
G1 X378.915 Y171.026
G1 X378.768 Y171.172
G1 X378.768 Y171.319
G1 X378.622 Y171.465
G1 X378.622 Y171.758
G1 X378.475 Y171.904
G1 X378.475 Y172.197
G1 X378.329 Y172.344
G1 X378.329 Y174.101
G1 X378.183 Y174.247
G1 X378.183 Y175.857
G1 X376.865 Y175.857
G1 X376.719 Y176.004
G1 X375.694 Y176.004
G1 X375.547 Y176.150
G1 X375.254 Y176.150
G1 X375.108 Y176.297
G1 X374.962 Y176.297
G1 X374.815 Y176.443
G1 X374.376 Y176.882
G1 X374.230 Y177.029
G1 X374.083 Y177.175
G1 X373.937 Y177.321
G1 X373.937 Y177.468
G1 X373.790 Y177.614
G1 X373.790 Y177.761
G1 X373.644 Y177.907
G1 X373.644 Y178.493
G1 X373.498 Y178.639
G1 X373.498 Y181.567
G1 X373.351 Y181.567
G1 X373.205 Y181.714
G1 X373.058 Y181.714
G1 X372.912 Y181.860
G1 X372.619 Y181.860
G1 X372.473 Y182.006
G1 X372.326 Y182.006
G1 X372.180 Y182.153
G1 X372.034 Y182.153
G1 X371.887 Y182.299
G1 X371.741 Y182.446
G1 X371.594 Y182.592
G1 X371.448 Y182.738
G1 X371.302 Y182.885
G1 X371.155 Y183.031
G1 X371.009 Y183.178
G1 X370.862 Y183.324
G1 X370.716 Y183.470
G1 X370.570 Y183.617
G1 X370.570 Y183.763
G1 X370.423 Y183.910
G1 X370.423 Y184.056
G1 X370.130 Y184.349
G1 X370.130 Y184.495
G1 X369.984 Y184.642
G1 X369.984 Y184.788
G1 X369.838 Y184.934
G1 X369.838 Y185.081
G1 X369.691 Y185.227
G1 X369.691 Y186.106
G1 X369.545 Y186.252
G1 X369.545 Y186.838
G1 X369.398 Y186.984
G1 X369.398 Y187.716
G1 X369.545 Y187.862
G1 X369.545 Y188.595
G1 X369.691 Y188.741
G1 X369.691 Y189.327
G1 X369.838 Y189.473
G1 X369.838 Y189.766
G1 X369.984 Y189.912
G1 X370.130 Y190.059
G1 X370.130 Y190.351
G1 X370.277 Y190.498
G1 X370.277 Y190.644
G1 X370.423 Y190.791
G1 X370.423 Y190.937
G1 X370.570 Y191.083
G1 X370.716 Y191.230
G1 X371.155 Y191.669
G1 X371.302 Y191.815
G1 X371.448 Y191.962
G1 X371.741 Y192.255
G1 X371.741 Y192.987
G1 X371.594 Y193.133
G1 X371.594 Y193.426
G1 X371.448 Y193.572
G1 X371.448 Y193.865
G1 X370.130 Y195.183
G1 X369.984 Y195.183
G1 X369.838 Y195.329
G1 X369.691 Y195.329
G1 X369.545 Y195.475
G1 X369.252 Y195.475
G1 X369.106 Y195.622
G1 X368.813 Y195.622
G1 X368.520 Y195.329
G1 X368.373 Y195.183
G1 X368.227 Y195.036
G1 X368.081 Y194.890
G1 X368.081 Y194.743
G1 X367.934 Y194.597
G1 X367.934 Y194.451
G1 X367.788 Y194.304
G1 X367.641 Y194.158
G1 X367.641 Y194.011
G1 X367.202 Y193.572
G1 X367.202 Y193.426
G1 X367.056 Y193.279
G1 X366.909 Y193.133
G1 X366.763 Y192.987
G1 X366.617 Y192.840
G1 X366.470 Y192.694
G1 X366.324 Y192.547
G1 X366.177 Y192.401
G1 X366.031 Y192.255
G1 X365.885 Y192.108
G1 X365.738 Y191.962
G1 X365.592 Y191.815
G1 X365.445 Y191.669
G1 X365.299 Y191.669
G1 X365.153 Y191.523
G1 X365.006 Y191.523
G1 X364.860 Y191.376
G1 X364.274 Y191.376
G1 X364.128 Y191.230
G1 X362.810 Y191.230
G1 X362.664 Y191.376
G1 X362.225 Y191.376
G1 X362.078 Y191.523
G1 X361.932 Y191.523
G1 X361.785 Y191.669
G1 X361.639 Y191.815
G1 X361.493 Y191.815
G1 X360.907 Y192.401
G1 X360.760 Y192.547
G1 X360.614 Y192.694
G1 X360.614 Y192.840
G1 X360.468 Y192.987
G1 X360.321 Y193.133
G1 X360.028 Y193.426
G1 X360.028 Y193.572
G1 X359.882 Y193.719
G1 X359.736 Y193.865
G1 X359.589 Y194.011
G1 X359.589 Y194.304
G1 X359.443 Y194.451
G1 X359.443 Y194.597
G1 X359.296 Y194.743
G1 X359.296 Y194.890
G1 X359.150 Y195.036
G1 X359.150 Y195.622
G1 X359.004 Y195.768
G1 X359.004 Y196.647
G1 X358.857 Y196.793
G1 X358.857 Y197.379
G1 X359.004 Y197.525
G1 X359.004 Y198.404
G1 X359.150 Y198.550
G1 X359.150 Y198.696
G1 X359.296 Y198.843
G1 X359.296 Y198.989
G1 X359.443 Y199.136
G1 X359.443 Y199.428
G1 X359.589 Y199.575
G1 X359.736 Y199.721
G1 X359.882 Y199.868
G1 X360.028 Y200.014
G1 X360.175 Y200.160
G1 X360.321 Y200.307
G1 X360.468 Y200.453
G1 X360.614 Y200.600
G1 X360.760 Y200.600
G1 X360.907 Y200.746
G1 X361.053 Y200.892
G1 X361.200 Y200.892
G1 X361.346 Y201.039
G1 X361.493 Y201.185
G1 X361.639 Y201.185
G1 X361.785 Y201.332
G1 X361.932 Y201.332
G1 X362.078 Y201.478
G1 X362.225 Y201.478
G1 X362.371 Y201.624
G1 X362.664 Y201.624
G1 X362.810 Y201.771
G1 X363.249 Y201.771
G1 X363.396 Y201.917
G1 X363.542 Y202.064
G1 X363.542 Y202.649
G1 X363.396 Y202.796
G1 X363.396 Y203.088
G1 X363.249 Y203.235
G1 X363.249 Y203.381
G1 X363.103 Y203.528
G1 X363.103 Y203.674
G1 X362.957 Y203.821
G1 X362.810 Y203.967
G1 X362.371 Y204.406
G1 X362.225 Y204.553
G1 X362.078 Y204.553
G1 X361.932 Y204.699
G1 X361.785 Y204.845
G1 X361.493 Y204.845
G1 X361.346 Y204.992
G1 X361.053 Y204.992
G1 X360.907 Y205.138
G1 X360.468 Y205.138
G1 X360.321 Y204.992
G1 X360.175 Y204.845
G1 X360.028 Y204.699
G1 X359.882 Y204.699
G1 X359.736 Y204.553
G1 X359.589 Y204.553
G1 X359.443 Y204.406
G1 X359.296 Y204.260
G1 X359.150 Y204.113
G1 X359.004 Y203.967
G1 X358.857 Y203.967
G1 X358.418 Y203.528
G1 X358.272 Y203.528
G1 X357.979 Y203.235
G1 X357.686 Y203.235
G1 X357.540 Y203.088
G1 X357.393 Y202.942
G1 X357.100 Y202.942
G1 X356.954 Y202.796
G1 X356.515 Y202.796
G1 X356.368 Y202.649
G1 X354.758 Y202.649
G1 X354.612 Y202.796
G1 X354.465 Y202.796
G1 X354.319 Y202.942
G1 X354.026 Y202.942
G1 X353.880 Y203.088
G1 X353.733 Y203.088
G1 X353.587 Y203.235
G1 X353.440 Y203.235
G1 X353.001 Y203.674
G1 X352.855 Y203.821
G1 X352.708 Y203.967
G1 X352.708 Y204.113
G1 X352.562 Y204.260
G1 X352.562 Y204.406
G1 X352.269 Y204.699
G1 X352.269 Y204.845
G1 X352.123 Y204.992
G1 X352.123 Y205.431
G1 X351.976 Y205.577
G1 X351.976 Y206.017
G1 X351.830 Y206.163
G1 X351.830 Y209.091
G1 X351.976 Y209.237
G1 X351.976 Y209.677
G1 X352.123 Y209.823
G1 X352.123 Y209.969
G1 X352.269 Y210.116
G1 X352.269 Y210.262
G1 X352.415 Y210.409
G1 X352.562 Y210.555
G1 X352.562 Y210.701
G1 X352.708 Y210.848
G1 X352.708 Y210.994
G1 X353.001 Y211.287
G1 X353.001 Y211.434
G1 X353.147 Y211.580
G1 X353.294 Y211.726
G1 X353.440 Y211.873
G1 X353.587 Y212.019
G1 X353.587 Y212.458
G1 X353.440 Y212.605
G1 X353.440 Y212.898
G1 X353.294 Y213.044
G1 X353.294 Y213.190
G1 X353.001 Y213.483
G1 X352.855 Y213.630
G1 X352.708 Y213.776
G1 X352.562 Y213.776
G1 X352.415 Y213.922
G1 X352.269 Y214.069
G1 X352.123 Y214.069
G1 X351.976 Y214.215
G1 X351.830 Y214.362
G1 X351.683 Y214.362
G1 X351.537 Y214.508
G1 X351.391 Y214.508
G1 X351.244 Y214.654
G1 X350.805 Y214.654
G1 X350.659 Y214.801
G1 X350.219 Y214.801
G1 X350.073 Y214.947
G1 X349.341 Y214.947
G1 X349.195 Y214.801
G1 X349.195 Y214.362
G1 X349.048 Y214.215
G1 X349.048 Y213.483
G1 X348.902 Y213.337
G1 X348.902 Y212.898
G1 X348.755 Y212.751
G1 X348.755 Y212.458
G1 X348.609 Y212.312
G1 X348.609 Y212.166
G1 X348.463 Y212.019
G1 X348.463 Y211.873
G1 X348.316 Y211.726
G1 X348.316 Y211.580
G1 X348.023 Y211.287
G1 X348.023 Y210.994
G1 X347.877 Y210.848
G1 X347.731 Y210.701
G1 X347.584 Y210.555
G1 X347.145 Y210.116
G1 X346.999 Y210.116
G1 X346.852 Y209.969
G1 X346.267 Y209.969
G1 X346.120 Y209.823
G1 X344.949 Y209.823
G1 X344.802 Y209.969
G1 X344.363 Y209.969
G1 X344.217 Y210.116
G1 X344.070 Y210.262
G1 X343.924 Y210.409
G1 X343.778 Y210.555
G1 X343.631 Y210.701
G1 X343.631 Y210.848
G1 X343.338 Y211.141
G1 X343.338 Y211.287
G1 X343.192 Y211.434
G1 X343.046 Y211.580
G1 X343.046 Y211.726
G1 X342.899 Y211.873
G1 X342.899 Y212.166
G1 X342.753 Y212.312
G1 X342.753 Y212.751
G1 X342.606 Y212.898
G1 X342.606 Y213.630
G1 X342.460 Y213.776
G1 X342.460 Y216.850
G1 X342.606 Y216.997
G1 X342.606 Y217.729
G1 X342.460 Y217.875
G1 X341.142 Y217.875
G1 X340.996 Y217.729
G1 X339.825 Y217.729
G1 X339.678 Y217.582
G1 X338.800 Y217.582
G1 X338.654 Y217.436
G1 X337.629 Y217.436
G1 X337.482 Y217.290
G1 X337.043 Y217.290
G1 X336.897 Y217.143
G1 X336.750 Y216.997
G1 X336.604 Y216.850
G1 X336.604 Y216.704
G1 X336.457 Y216.558
G1 X335.433 Y216.558
G1 X335.286 Y216.411
G1 X333.969 Y216.411
G1 X333.822 Y216.265
G1 X333.237 Y216.265
G1 X333.090 Y216.118
G1 X332.651 Y216.118
G1 X332.505 Y215.972
G1 X332.065 Y215.972
G1 X331.919 Y215.826
G1 X331.187 Y215.826
G1 X331.041 Y215.972
G1 X330.894 Y215.972
G1 X330.748 Y216.118
G1 X330.601 Y216.118
G1 X330.455 Y216.265
G1 X330.308 Y216.411
G1 X330.162 Y216.558
G1 X330.016 Y216.704
G1 X329.869 Y216.850
G1 X329.723 Y216.997
G1 X329.576 Y217.143
G1 X329.430 Y217.290
G1 X329.430 Y217.436
G1 X329.137 Y217.729
G1 X329.137 Y217.875
G1 X328.991 Y218.022
G1 X328.844 Y218.168
G1 X328.698 Y218.315
G1 X328.552 Y218.461
G1 X328.552 Y218.607
G1 X328.112 Y219.047
G1 X328.112 Y219.193
G1 X327.966 Y219.339
G1 X327.820 Y219.486
G1 X327.673 Y219.632
G1 X327.673 Y219.779
G1 X327.527 Y219.925
G1 X327.380 Y220.071
G1 X327.380 Y220.218
G1 X327.234 Y220.364
G1 X327.088 Y220.511
G1 X326.941 Y220.657
G1 X326.795 Y220.803
G1 X326.795 Y221.096
G1 X326.356 Y221.535
G1 X326.356 Y221.682
G1 X326.209 Y221.828
G1 X326.063 Y221.975
G1 X326.063 Y222.121
G1 X325.916 Y222.267
G1 X325.916 Y222.414
G1 X325.770 Y222.560
G1 X325.624 Y222.707
G1 X325.624 Y222.853
G1 X325.477 Y222.999
G1 X325.331 Y223.146
G1 X325.184 Y223.292
G1 X325.184 Y223.439
G1 X324.892 Y223.731
G1 X324.892 Y223.878
G1 X324.745 Y223.878
G1 X324.745 Y224.171
G1 X324.599 Y224.317
G1 X324.599 Y224.756
G1 X324.452 Y224.903
G1 X324.452 Y225.342
G1 X324.306 Y225.488
G1 X324.306 Y225.635
G1 X324.013 Y225.928
G1 X324.013 Y226.074
G1 X323.720 Y226.367
G1 X323.720 Y226.513
G1 X323.574 Y226.660
G1 X323.428 Y226.806
G1 X323.281 Y226.952
G1 X323.135 Y227.099
G1 X322.988 Y227.245
G1 X322.842 Y227.392
G1 X322.695 Y227.538
G1 X322.549 Y227.684
G1 X322.403 Y227.831
G1 X322.256 Y227.977
G1 X322.110 Y228.124
G1 X321.963 Y228.270
G1 X321.817 Y228.416
G1 X321.671 Y228.563
G1 X321.524 Y228.563
G1 X320.939 Y229.148
G1 X320.792 Y229.148
G1 X320.646 Y229.295
G1 X320.499 Y229.295
G1 X320.353 Y229.441
G1 X320.207 Y229.588
G1 X320.060 Y229.734
G1 X319.914 Y229.734
G1 X319.767 Y229.880
G1 X319.621 Y230.027
G1 X319.475 Y230.027
G1 X319.328 Y230.173
G1 X319.182 Y230.320
G1 X319.035 Y230.320
G1 X318.743 Y230.612
G1 X318.596 Y230.612
G1 X318.450 Y230.759
G1 X318.303 Y230.905
G1 X318.157 Y230.905
G1 X318.011 Y231.052
G1 X317.718 Y231.052
G1 X317.571 Y231.198
G1 X317.425 Y231.344
G1 X317.279 Y231.344
G1 X317.132 Y231.491
G1 X316.986 Y231.491
G1 X316.839 Y231.637
G1 X316.693 Y231.637
G1 X316.547 Y231.784
G1 X316.400 Y231.784
G1 X316.254 Y231.930
G1 X316.107 Y231.930
G1 X315.961 Y232.076
G1 X315.815 Y232.076
G1 X315.668 Y232.223
G1 X315.522 Y232.223
G1 X315.375 Y232.369
G1 X315.229 Y232.369
G1 X315.082 Y232.516
G1 X314.936 Y232.516
G1 X314.790 Y232.662
G1 X314.643 Y232.662
G1 X314.497 Y232.808
G1 X314.350 Y232.808
G1 X314.204 Y232.955
G1 X314.058 Y233.101
G1 X313.911 Y233.101
G1 X313.765 Y233.248
G1 X313.618 Y233.248
G1 X313.472 Y233.394
G1 X313.326 Y233.394
G1 X313.179 Y233.541
G1 X313.033 Y233.541
G1 X312.886 Y233.687
G1 X312.594 Y233.687
G1 X312.447 Y233.833
G1 X312.301 Y233.980
G1 X312.154 Y233.980
G1 X312.008 Y234.126
G1 X311.862 Y234.126
G1 X311.569 Y234.419
G1 X311.422 Y234.565
G1 X311.276 Y234.565
G1 X311.130 Y234.712
G1 X310.983 Y234.712
G1 X310.398 Y235.297
G1 X310.251 Y235.297
G1 X310.105 Y235.444
G1 X309.958 Y235.590
G1 X309.812 Y235.590
G1 X309.666 Y235.737
G1 X309.226 Y235.737
G1 X309.080 Y235.883
G1 X308.787 Y235.883
G1 X308.641 Y236.029
G1 X308.494 Y236.029
G1 X307.762 Y235.297
G1 X307.616 Y235.297
G1 X307.469 Y235.151
G1 X307.323 Y235.005
G1 X307.177 Y234.858
G1 X307.030 Y234.712
G1 X307.030 Y234.565
G1 X306.884 Y234.419
G1 X306.737 Y234.273
G1 X306.591 Y234.126
G1 X306.591 Y233.980
G1 X306.445 Y233.833
G1 X306.298 Y233.687
G1 X306.152 Y233.541
G1 X306.152 Y233.394
G1 X306.005 Y233.248
G1 X305.859 Y233.101
G1 X305.566 Y232.808
G1 X305.566 Y232.662
G1 X305.273 Y232.369
G1 X305.273 Y232.223
G1 X305.127 Y232.076
G1 X304.981 Y231.930
G1 X304.981 Y231.784
G1 X304.541 Y231.344
G1 X304.541 Y231.198
G1 X304.395 Y231.052
G1 X304.249 Y230.905
G1 X304.102 Y230.759
G1 X303.956 Y230.612
G1 X303.809 Y230.466
G1 X303.663 Y230.320
G1 X303.809 Y230.466
G1 X303.956 Y230.612
G1 X304.102 Y230.759
G1 X304.249 Y230.905
G1 X304.395 Y231.052
G1 X304.541 Y231.198
G1 X304.541 Y231.344
G1 X304.981 Y231.784
G1 X304.981 Y231.930
G1 X305.127 Y232.076
G1 X305.273 Y232.223
G1 X305.273 Y232.369
G1 X305.566 Y232.662
G1 X305.566 Y232.808
G1 X305.859 Y233.101
G1 X306.005 Y233.248
G1 X306.152 Y233.394
G1 X306.152 Y233.541
G1 X306.298 Y233.687
G1 X306.445 Y233.833
G1 X306.591 Y233.980
G1 X306.591 Y234.126
G1 X306.737 Y234.273
G1 X306.884 Y234.419
G1 X307.030 Y234.565
G1 X307.030 Y234.712
G1 X307.177 Y234.858
G1 X307.323 Y235.005
G1 X307.469 Y235.151
G1 X307.616 Y235.297
G1 X307.762 Y235.297
G1 X308.494 Y236.029
G1 X308.494 Y236.176
G1 X308.348 Y236.322
G1 X308.348 Y236.615
G1 X308.201 Y236.761
G1 X308.201 Y236.908
G1 X308.055 Y237.054
G1 X308.055 Y237.201
G1 X307.909 Y237.347
G1 X307.909 Y237.493
G1 X307.177 Y238.225
G1 X307.030 Y238.225
G1 X306.884 Y238.372
G1 X306.737 Y238.372
G1 X306.591 Y238.518
G1 X306.445 Y238.665
G1 X306.298 Y238.665
G1 X306.152 Y238.811
G1 X306.005 Y238.957
G1 X305.859 Y238.957
G1 X305.713 Y239.104
G1 X305.566 Y239.104
G1 X305.273 Y239.397
G1 X305.127 Y239.397
G1 X304.981 Y239.543
G1 X304.834 Y239.543
G1 X304.688 Y239.689
G1 X304.541 Y239.689
G1 X304.395 Y239.836
G1 X304.249 Y239.836
G1 X304.102 Y239.982
G1 X303.956 Y240.129
G1 X303.809 Y240.129
G1 X303.663 Y240.275
G1 X303.517 Y240.275
G1 X303.370 Y240.421
G1 X303.224 Y240.421
G1 X303.077 Y240.568
G1 X302.931 Y240.568
G1 X302.785 Y240.714
G1 X302.638 Y240.714
G1 X302.492 Y240.861
G1 X302.345 Y240.861
G1 X302.199 Y241.007
G1 X302.053 Y241.007
G1 X301.906 Y241.154
G1 X301.760 Y241.154
G1 X301.613 Y241.300
G1 X301.467 Y241.300
G1 X301.321 Y241.446
G1 X301.174 Y241.446
G1 X301.028 Y241.593
G1 X300.881 Y241.739
G1 X300.735 Y241.739
G1 X300.588 Y241.886
G1 X300.442 Y241.886
G1 X300.296 Y242.032
G1 X300.149 Y242.032
G1 X300.003 Y242.178
G1 X299.564 Y242.178
G1 X299.417 Y242.325
G1 X299.271 Y242.325
G1 X299.124 Y242.471
G1 X298.978 Y242.471
G1 X298.832 Y242.618
G1 X298.685 Y242.618
G1 X298.539 Y242.764
G1 X298.392 Y242.764
G1 X298.246 Y242.910
G1 X297.953 Y242.910
G1 X297.807 Y243.057
G1 X297.368 Y243.057
G1 X297.221 Y243.203
G1 X296.782 Y243.203
G1 X296.636 Y243.350
G1 X295.904 Y243.350
G1 X295.757 Y243.496
G1 X294.440 Y243.496
G1 X294.293 Y243.350
G1 X293.708 Y243.350
G1 X293.415 Y243.057
G1 X293.122 Y243.057
G1 X292.975 Y242.910
G1 X292.829 Y242.910
G1 X292.683 Y242.764
G1 X292.536 Y242.764
G1 X292.243 Y242.471
G1 X292.097 Y242.471
G1 X291.951 Y242.325
G1 X291.804 Y242.325
G1 X291.658 Y242.178
G1 X291.511 Y242.032
G1 X291.219 Y242.032
G1 X291.072 Y241.886
G1 X290.926 Y241.886
G1 X290.779 Y241.739
G1 X290.340 Y241.739
G1 X290.779 Y241.739
G1 X290.926 Y241.886
G1 X291.072 Y241.886
G1 X291.219 Y242.032
G1 X291.511 Y242.032
G1 X291.658 Y242.178
G1 X291.804 Y242.325
G1 X291.951 Y242.325
G1 X292.097 Y242.471
G1 X292.243 Y242.471
G1 X292.536 Y242.764
G1 X292.683 Y242.764
G1 X292.829 Y242.910
G1 X292.975 Y242.910
G1 X293.122 Y243.057
G1 X293.415 Y243.057
G1 X293.708 Y243.350
G1 X294.293 Y243.350
G1 X294.440 Y243.496
G1 X295.757 Y243.496
G1 X295.904 Y243.350
G1 X296.636 Y243.350
G1 X296.782 Y243.203
G1 X297.221 Y243.203
G1 X297.368 Y243.057
G1 X297.807 Y243.057
G1 X297.953 Y242.910
G1 X298.246 Y242.910
G1 X298.392 Y242.764
G1 X298.539 Y242.764
G1 X298.685 Y242.618
G1 X298.832 Y242.618
G1 X298.978 Y242.471
G1 X299.124 Y242.471
G1 X299.271 Y242.325
G1 X299.417 Y242.325
G1 X299.564 Y242.178
G1 X300.003 Y242.178
G1 X300.149 Y242.032
G1 X300.296 Y242.032
G1 X300.442 Y241.886
G1 X300.588 Y241.886
G1 X300.735 Y241.739
G1 X300.881 Y241.739
G1 X301.028 Y241.593
G1 X301.174 Y241.446
G1 X301.321 Y241.446
G1 X301.467 Y241.300
G1 X301.613 Y241.300
G1 X301.760 Y241.154
G1 X301.906 Y241.154
G1 X302.053 Y241.007
G1 X302.199 Y241.007
G1 X302.345 Y240.861
G1 X302.492 Y240.861
G1 X302.638 Y240.714
G1 X302.785 Y240.714
G1 X302.931 Y240.568
G1 X303.077 Y240.568
G1 X303.224 Y240.421
G1 X303.370 Y240.421
G1 X303.517 Y240.275
G1 X303.663 Y240.275
G1 X303.809 Y240.129
G1 X303.956 Y240.129
G1 X304.102 Y239.982
G1 X304.249 Y239.836
G1 X304.395 Y239.836
G1 X304.541 Y239.689
G1 X304.688 Y239.689
G1 X304.834 Y239.543
G1 X304.981 Y239.543
G1 X305.127 Y239.397
G1 X305.273 Y239.397
G1 X305.566 Y239.104
G1 X305.713 Y239.104
G1 X305.859 Y238.957
G1 X306.005 Y238.957
G1 X306.152 Y238.811
G1 X306.298 Y238.665
G1 X306.445 Y238.665
G1 X306.591 Y238.518
G1 X306.737 Y238.372
G1 X306.884 Y238.372
G1 X307.030 Y238.225
G1 X307.177 Y238.225
G1 X307.909 Y237.493
G1 X307.909 Y237.347
G1 X308.055 Y237.201
G1 X308.055 Y237.054
G1 X308.201 Y236.908
G1 X308.201 Y236.761
G1 X308.348 Y236.615
G1 X308.348 Y236.322
G1 X308.494 Y236.176
G1 X308.494 Y236.029
G1 X308.641 Y236.029
G1 X308.787 Y235.883
G1 X309.080 Y235.883
G1 X309.226 Y235.737
G1 X309.666 Y235.737
G1 X309.812 Y235.590
G1 X309.958 Y235.590
G1 X310.105 Y235.444
G1 X310.251 Y235.297
G1 X310.398 Y235.297
G1 X310.983 Y234.712
G1 X311.130 Y234.712
G1 X311.276 Y234.565
G1 X311.422 Y234.565
G1 X311.569 Y234.419
G1 X311.862 Y234.126
G1 X312.008 Y234.126
G1 X312.154 Y233.980
G1 X312.301 Y233.980
G1 X312.447 Y233.833
G1 X312.594 Y233.687
G1 X312.886 Y233.687
G1 X313.033 Y233.541
G1 X313.179 Y233.541
G1 X313.326 Y233.394
G1 X313.472 Y233.394
G1 X313.618 Y233.248
G1 X313.765 Y233.248
G1 X313.911 Y233.101
G1 X314.058 Y233.101
G1 X314.204 Y232.955
G1 X314.350 Y232.808
G1 X314.497 Y232.808
G1 X314.643 Y232.662
G1 X314.790 Y232.662
G1 X314.936 Y232.516
G1 X315.082 Y232.516
G1 X315.229 Y232.369
G1 X315.375 Y232.369
G1 X315.522 Y232.223
G1 X315.668 Y232.223
G1 X315.815 Y232.076
G1 X315.961 Y232.076
G1 X316.107 Y231.930
G1 X316.254 Y231.930
G1 X316.400 Y231.784
G1 X316.547 Y231.784
G1 X316.693 Y231.637
G1 X316.839 Y231.637
G1 X316.986 Y231.491
G1 X317.132 Y231.491
G1 X317.279 Y231.344
G1 X317.425 Y231.344
G1 X317.571 Y231.198
G1 X317.718 Y231.052
G1 X318.011 Y231.052
G1 X318.157 Y230.905
G1 X318.303 Y230.905
G1 X318.450 Y230.759
G1 X318.596 Y230.612
G1 X318.743 Y230.612
G1 X319.035 Y230.320
G1 X319.182 Y230.320
G1 X319.328 Y230.173
G1 X319.475 Y230.027
G1 X319.621 Y230.027
G1 X319.767 Y229.880
G1 X319.914 Y229.734
G1 X320.060 Y229.734
G1 X320.207 Y229.588
G1 X320.353 Y229.441
G1 X320.499 Y229.295
G1 X320.646 Y229.295
G1 X320.792 Y229.148
G1 X320.939 Y229.148
G1 X321.524 Y228.563
G1 X321.671 Y228.563
G1 X321.817 Y228.416
G1 X321.963 Y228.270
G1 X322.110 Y228.124
G1 X322.256 Y227.977
G1 X322.403 Y227.831
G1 X322.549 Y227.684
G1 X322.695 Y227.538
G1 X322.842 Y227.392
G1 X322.988 Y227.245
G1 X323.135 Y227.099
G1 X323.281 Y226.952
G1 X323.428 Y226.806
G1 X323.574 Y226.660
G1 X323.720 Y226.513
G1 X323.720 Y226.367
G1 X324.013 Y226.074
G1 X324.013 Y225.928
G1 X324.306 Y225.635
G1 X324.306 Y225.488
G1 X324.452 Y225.342
G1 X324.452 Y224.903
G1 X324.599 Y224.756
G1 X324.599 Y224.317
G1 X324.745 Y224.171
G1 X324.745 Y223.878
G1 X324.599 Y223.731
G1 X324.452 Y223.585
G1 X324.160 Y223.585
G1 X324.013 Y223.439
G1 X322.988 Y223.439
G1 X322.842 Y223.292
G1 X322.549 Y223.292
G1 X322.403 Y223.146
G1 X322.256 Y223.146
G1 X322.110 Y222.999
G1 X321.817 Y222.999
G1 X321.671 Y222.853
G1 X321.378 Y222.853
G1 X321.231 Y222.707
G1 X320.939 Y222.707
G1 X320.792 Y222.560
G1 X320.646 Y222.560
G1 X320.499 Y222.414
G1 X320.207 Y222.414
G1 X320.060 Y222.267
G1 X319.767 Y222.267
G1 X319.621 Y222.121
G1 X319.182 Y222.121
G1 X319.035 Y221.975
G1 X318.889 Y221.975
G1 X318.743 Y221.828
G1 X318.450 Y221.828
G1 X318.303 Y221.682
G1 X318.011 Y221.682
G1 X317.864 Y221.535
G1 X317.718 Y221.535
G1 X317.571 Y221.389
G1 X317.425 Y221.389
G1 X317.279 Y221.243
G1 X316.986 Y221.243
G1 X316.839 Y221.096
G1 X316.693 Y221.096
G1 X316.547 Y220.950
G1 X316.254 Y220.950
G1 X316.107 Y220.803
G1 X315.522 Y220.803
G1 X315.375 Y220.657
G1 X315.082 Y220.657
G1 X314.936 Y220.511
G1 X314.790 Y220.364
G1 X314.643 Y220.218
G1 X314.790 Y220.364
G1 X314.936 Y220.511
G1 X315.082 Y220.657
G1 X315.375 Y220.657
G1 X315.522 Y220.803
G1 X316.107 Y220.803
G1 X316.254 Y220.950
G1 X316.547 Y220.950
G1 X316.693 Y221.096
G1 X316.839 Y221.096
G1 X316.986 Y221.243
G1 X317.279 Y221.243
G1 X317.425 Y221.389
G1 X317.571 Y221.389
G1 X317.718 Y221.535
G1 X317.864 Y221.535
G1 X318.011 Y221.682
G1 X318.303 Y221.682
G1 X318.450 Y221.828
G1 X318.743 Y221.828
G1 X318.889 Y221.975
G1 X319.035 Y221.975
G1 X319.182 Y222.121
G1 X319.621 Y222.121
G1 X319.767 Y222.267
G1 X320.060 Y222.267
G1 X320.207 Y222.414
G1 X320.499 Y222.414
G1 X320.646 Y222.560
G1 X320.792 Y222.560
G1 X320.939 Y222.707
G1 X321.231 Y222.707
G1 X321.378 Y222.853
G1 X321.671 Y222.853
G1 X321.817 Y222.999
G1 X322.110 Y222.999
G1 X322.256 Y223.146
G1 X322.403 Y223.146
G1 X322.549 Y223.292
G1 X322.842 Y223.292
G1 X322.988 Y223.439
G1 X324.013 Y223.439
G1 X324.160 Y223.585
G1 X324.452 Y223.585
G1 X324.599 Y223.731
G1 X324.745 Y223.878
G1 X324.892 Y223.878
G1 X324.892 Y223.731
G1 X325.184 Y223.439
G1 X325.184 Y223.292
G1 X325.331 Y223.146
G1 X325.477 Y222.999
G1 X325.624 Y222.853
G1 X325.624 Y222.707
G1 X325.770 Y222.560
G1 X325.916 Y222.414
G1 X325.916 Y222.267
G1 X326.063 Y222.121
G1 X326.063 Y221.975
G1 X326.209 Y221.828
G1 X326.356 Y221.682
G1 X326.356 Y221.535
G1 X326.795 Y221.096
G1 X326.795 Y220.803
G1 X326.941 Y220.657
G1 X327.088 Y220.511
G1 X327.234 Y220.364
G1 X327.380 Y220.218
G1 X327.380 Y220.071
G1 X327.527 Y219.925
G1 X327.673 Y219.779
G1 X327.673 Y219.632
G1 X327.820 Y219.486
G1 X327.966 Y219.339
G1 X328.112 Y219.193
G1 X328.112 Y219.047
G1 X328.552 Y218.607
G1 X328.552 Y218.461
G1 X328.698 Y218.315
G1 X328.844 Y218.168
G1 X328.991 Y218.022
G1 X329.137 Y217.875
G1 X329.137 Y217.729
G1 X329.430 Y217.436
G1 X329.430 Y217.290
G1 X329.576 Y217.143
G1 X329.723 Y216.997
G1 X329.869 Y216.850
G1 X330.016 Y216.704
G1 X330.162 Y216.558
G1 X330.308 Y216.411
G1 X330.455 Y216.265
G1 X330.601 Y216.118
G1 X330.748 Y216.118
G1 X330.894 Y215.972
G1 X331.041 Y215.972
G1 X331.187 Y215.826
G1 X331.626 Y215.826
G1 X331.626 Y215.679
G1 X331.626 Y215.826
G1 X331.919 Y215.826
G1 X332.065 Y215.972
G1 X332.505 Y215.972
G1 X332.651 Y216.118
G1 X333.090 Y216.118
G1 X333.237 Y216.265
G1 X333.822 Y216.265
G1 X333.969 Y216.411
G1 X335.286 Y216.411
G1 X335.433 Y216.558
G1 X336.604 Y216.558
G1 X336.457 Y216.558
G1 X336.604 Y216.704
G1 X336.604 Y216.265
G1 X336.750 Y216.118
G1 X336.750 Y215.972
G1 X336.897 Y215.826
G1 X336.897 Y215.386
G1 X337.043 Y215.240
G1 X337.043 Y215.094
G1 X337.189 Y214.947
G1 X337.189 Y214.801
G1 X337.336 Y214.654
G1 X337.336 Y214.508
G1 X337.482 Y214.362
G1 X337.482 Y214.215
G1 X337.629 Y214.069
G1 X337.629 Y213.922
G1 X337.775 Y213.776
G1 X337.775 Y213.630
G1 X337.921 Y213.483
G1 X337.921 Y213.190
G1 X338.068 Y213.044
G1 X338.068 Y212.898
G1 X338.214 Y212.751
G1 X338.214 Y212.458
G1 X338.361 Y212.312
G1 X338.361 Y212.166
G1 X338.507 Y212.019
G1 X338.507 Y211.726
G1 X338.654 Y211.580
G1 X338.654 Y211.434
G1 X338.800 Y211.287
G1 X338.946 Y211.141
G1 X338.946 Y210.848
G1 X339.093 Y210.701
G1 X339.093 Y210.555
G1 X339.239 Y210.409
G1 X339.239 Y210.262
G1 X339.386 Y210.116
G1 X339.386 Y209.969
G1 X339.532 Y209.823
G1 X339.532 Y209.677
G1 X339.678 Y209.530
G1 X339.678 Y209.384
G1 X339.825 Y209.237
G1 X339.825 Y208.945
G1 X339.971 Y208.798
G1 X339.971 Y208.505
G1 X340.118 Y208.359
G1 X340.118 Y208.066
G1 X340.264 Y207.920
G1 X340.264 Y207.773
G1 X340.410 Y207.627
G1 X340.410 Y207.334
G1 X340.557 Y207.188
G1 X340.557 Y206.895
G1 X340.703 Y206.749
G1 X340.703 Y206.309
G1 X340.850 Y206.163
G1 X340.850 Y204.260
G1 X340.703 Y204.113
G1 X340.703 Y203.674
G1 X340.557 Y203.528
G1 X340.557 Y203.381
G1 X340.410 Y203.235
G1 X340.410 Y203.088
G1 X339.971 Y202.649
G1 X339.971 Y202.503
G1 X339.825 Y202.356
G1 X339.825 Y202.210
G1 X339.678 Y202.064
G1 X339.532 Y201.917
G1 X339.386 Y201.771
G1 X339.239 Y201.771
G1 X339.093 Y201.624
G1 X338.946 Y201.624
G1 X338.654 Y201.332
G1 X338.946 Y201.624
G1 X339.093 Y201.624
G1 X339.239 Y201.771
G1 X339.386 Y201.771
G1 X339.532 Y201.917
G1 X339.678 Y202.064
G1 X339.825 Y202.210
G1 X339.825 Y202.356
G1 X339.971 Y202.503
G1 X339.971 Y202.649
G1 X340.410 Y203.088
G1 X340.410 Y203.235
G1 X340.557 Y203.381
G1 X340.557 Y203.528
G1 X340.703 Y203.674
G1 X340.703 Y204.113
G1 X340.850 Y204.260
G1 X340.850 Y206.163
G1 X340.703 Y206.309
G1 X340.703 Y206.749
G1 X340.557 Y206.895
G1 X340.557 Y207.188
G1 X340.410 Y207.334
G1 X340.410 Y207.627
G1 X340.264 Y207.773
G1 X340.264 Y207.920
G1 X340.118 Y208.066
G1 X340.118 Y208.359
G1 X339.971 Y208.505
G1 X339.971 Y208.798
G1 X339.825 Y208.945
G1 X339.825 Y209.237
G1 X339.678 Y209.384
G1 X339.678 Y209.530
G1 X339.532 Y209.677
G1 X339.532 Y209.823
G1 X339.386 Y209.969
G1 X339.386 Y210.116
G1 X339.239 Y210.262
G1 X339.239 Y210.409
G1 X339.093 Y210.555
G1 X339.093 Y210.701
G1 X338.946 Y210.848
G1 X338.946 Y211.141
G1 X338.800 Y211.287
G1 X338.654 Y211.434
G1 X338.654 Y211.580
G1 X338.507 Y211.726
G1 X338.507 Y212.019
G1 X338.361 Y212.166
G1 X338.361 Y212.312
G1 X338.214 Y212.458
G1 X338.214 Y212.751
G1 X338.068 Y212.898
G1 X338.068 Y213.044
G1 X337.921 Y213.190
G1 X337.921 Y213.483
G1 X337.775 Y213.630
G1 X337.775 Y213.776
G1 X337.629 Y213.922
G1 X337.629 Y214.069
G1 X337.482 Y214.215
G1 X337.482 Y214.362
G1 X337.336 Y214.508
G1 X337.336 Y214.654
G1 X337.189 Y214.801
G1 X337.189 Y214.947
G1 X337.043 Y215.094
G1 X337.043 Y215.240
G1 X336.897 Y215.386
G1 X336.897 Y215.826
G1 X336.750 Y215.972
G1 X336.750 Y216.118
G1 X336.604 Y216.265
G1 X336.604 Y216.850
G1 X336.750 Y216.997
G1 X336.897 Y217.143
G1 X337.043 Y217.290
G1 X337.482 Y217.290
G1 X337.629 Y217.436
G1 X338.654 Y217.436
G1 X338.800 Y217.582
G1 X339.678 Y217.582
G1 X339.825 Y217.729
G1 X340.996 Y217.729
G1 X341.142 Y217.875
G1 X342.460 Y217.875
G1 X342.606 Y217.729
G1 X342.606 Y216.997
G1 X342.460 Y216.850
G1 X342.460 Y213.776
G1 X342.606 Y213.630
G1 X342.606 Y212.898
G1 X342.753 Y212.751
G1 X342.753 Y212.312
G1 X342.899 Y212.166
G1 X342.899 Y211.873
G1 X343.046 Y211.726
G1 X343.046 Y211.580
G1 X343.192 Y211.434
G1 X343.338 Y211.287
G1 X343.338 Y211.141
G1 X343.631 Y210.848
G1 X343.631 Y210.701
G1 X343.778 Y210.555
G1 X343.924 Y210.409
G1 X344.070 Y210.262
G1 X344.217 Y210.116
G1 X344.363 Y209.969
G1 X344.802 Y209.969
G1 X344.949 Y209.823
G1 X346.120 Y209.823
G1 X346.267 Y209.969
G1 X346.852 Y209.969
G1 X346.999 Y210.116
G1 X347.145 Y210.116
G1 X347.584 Y210.555
G1 X347.731 Y210.701
G1 X347.877 Y210.848
G1 X348.023 Y210.994
G1 X348.023 Y211.287
G1 X348.316 Y211.580
G1 X348.316 Y211.726
G1 X348.463 Y211.873
G1 X348.463 Y212.019
G1 X348.609 Y212.166
G1 X348.609 Y212.312
G1 X348.755 Y212.458
G1 X348.755 Y212.751
G1 X348.902 Y212.898
G1 X348.902 Y213.337
G1 X349.048 Y213.483
G1 X349.048 Y214.215
G1 X349.195 Y214.362
G1 X349.195 Y214.801
G1 X349.341 Y214.947
G1 X349.341 Y215.094
G1 X349.195 Y215.240
G1 X349.195 Y215.386
G1 X348.170 Y216.411
G1 X348.023 Y216.411
G1 X347.877 Y216.558
G1 X347.731 Y216.558
G1 X347.584 Y216.704
G1 X347.438 Y216.850
G1 X347.145 Y216.850
G1 X346.999 Y216.997
G1 X346.852 Y216.997
G1 X346.706 Y217.143
G1 X346.413 Y217.143
G1 X346.267 Y217.290
G1 X345.974 Y217.290
G1 X345.827 Y217.436
G1 X345.534 Y217.436
G1 X345.388 Y217.582
G1 X344.510 Y217.582
G1 X344.363 Y217.729
G1 X342.606 Y217.729
G1 X344.363 Y217.729
G1 X344.510 Y217.582
G1 X345.388 Y217.582
G1 X345.534 Y217.436
G1 X345.827 Y217.436
G1 X345.974 Y217.290
G1 X346.267 Y217.290
G1 X346.413 Y217.143
G1 X346.706 Y217.143
G1 X346.852 Y216.997
G1 X346.999 Y216.997
G1 X347.145 Y216.850
G1 X347.438 Y216.850
G1 X347.584 Y216.704
G1 X347.731 Y216.558
G1 X347.877 Y216.558
G1 X348.023 Y216.411
G1 X348.170 Y216.411
G1 X349.195 Y215.386
G1 X349.195 Y215.240
G1 X349.341 Y215.094
G1 X349.341 Y214.947
G1 X350.073 Y214.947
G1 X350.219 Y214.801
G1 X350.659 Y214.801
G1 X350.805 Y214.654
G1 X351.244 Y214.654
G1 X351.391 Y214.508
G1 X351.537 Y214.508
G1 X351.683 Y214.362
G1 X351.830 Y214.362
G1 X351.976 Y214.215
G1 X352.123 Y214.069
G1 X352.269 Y214.069
G1 X352.415 Y213.922
G1 X352.562 Y213.776
G1 X352.708 Y213.776
G1 X352.855 Y213.630
G1 X353.001 Y213.483
G1 X353.294 Y213.190
G1 X353.294 Y213.044
G1 X353.440 Y212.898
G1 X353.440 Y212.605
G1 X353.587 Y212.458
G1 X353.587 Y212.019
G1 X353.440 Y211.873
G1 X353.294 Y211.726
G1 X353.147 Y211.580
G1 X353.001 Y211.434
G1 X353.001 Y211.287
G1 X352.708 Y210.994
G1 X352.708 Y210.848
G1 X352.562 Y210.701
G1 X352.562 Y210.555
G1 X352.415 Y210.409
G1 X352.269 Y210.262
G1 X352.269 Y210.116
G1 X352.123 Y209.969
G1 X352.123 Y209.823
G1 X351.976 Y209.677
G1 X351.976 Y209.237
G1 X351.830 Y209.091
G1 X351.830 Y206.163
G1 X351.976 Y206.017
G1 X351.976 Y205.577
G1 X352.123 Y205.431
G1 X352.123 Y204.992
G1 X352.269 Y204.845
G1 X352.269 Y204.699
G1 X352.562 Y204.406
G1 X352.562 Y204.260
G1 X352.708 Y204.113
G1 X352.708 Y203.967
G1 X352.855 Y203.821
G1 X353.001 Y203.674
G1 X353.440 Y203.235
G1 X353.587 Y203.235
G1 X353.733 Y203.088
G1 X353.880 Y203.088
G1 X354.026 Y202.942
G1 X354.319 Y202.942
G1 X354.465 Y202.796
G1 X354.612 Y202.796
G1 X354.758 Y202.649
G1 X356.368 Y202.649
G1 X356.515 Y202.796
G1 X356.954 Y202.796
G1 X357.100 Y202.942
G1 X357.393 Y202.942
G1 X357.540 Y203.088
G1 X357.686 Y203.235
G1 X357.979 Y203.235
G1 X358.272 Y203.528
G1 X358.418 Y203.528
G1 X358.857 Y203.967
G1 X359.004 Y203.967
G1 X359.150 Y204.113
G1 X359.296 Y204.260
G1 X359.443 Y204.406
G1 X359.589 Y204.553
G1 X359.736 Y204.553
G1 X359.882 Y204.699
G1 X360.028 Y204.699
G1 X360.175 Y204.845
G1 X360.321 Y204.992
G1 X360.468 Y205.138
G1 X360.614 Y205.138
G1 X360.614 Y205.431
G1 X360.468 Y205.577
G1 X360.468 Y205.870
G1 X360.321 Y206.017
G1 X360.321 Y206.309
G1 X360.175 Y206.456
G1 X360.175 Y206.749
G1 X360.028 Y206.895
G1 X359.882 Y207.041
G1 X359.736 Y207.188
G1 X359.736 Y207.334
G1 X359.443 Y207.627
G1 X359.296 Y207.773
G1 X359.150 Y207.920
G1 X358.711 Y208.359
G1 X358.564 Y208.505
G1 X358.418 Y208.652
G1 X357.979 Y209.091
G1 X357.832 Y209.237
G1 X357.686 Y209.384
G1 X357.247 Y209.823
G1 X357.100 Y209.969
G1 X356.954 Y210.116
G1 X356.515 Y210.555
G1 X356.368 Y210.701
G1 X356.222 Y210.848
G1 X356.076 Y210.994
G1 X355.929 Y210.994
G1 X355.783 Y211.141
G1 X355.636 Y211.287
G1 X355.490 Y211.434
G1 X355.344 Y211.580
G1 X355.197 Y211.580
G1 X355.051 Y211.726
G1 X354.612 Y211.726
G1 X354.465 Y211.873
G1 X354.172 Y211.873
G1 X354.026 Y212.019
G1 X353.587 Y212.019
G1 X354.026 Y212.019
G1 X354.172 Y211.873
G1 X354.465 Y211.873
G1 X354.612 Y211.726
G1 X355.051 Y211.726
G1 X355.197 Y211.580
G1 X355.344 Y211.580
G1 X355.490 Y211.434
G1 X355.636 Y211.287
G1 X355.783 Y211.141
G1 X355.929 Y210.994
G1 X356.076 Y210.994
G1 X356.222 Y210.848
G1 X356.368 Y210.701
G1 X356.515 Y210.555
G1 X356.954 Y210.116
G1 X357.100 Y209.969
G1 X357.247 Y209.823
G1 X357.686 Y209.384
G1 X357.832 Y209.237
G1 X357.979 Y209.091
G1 X358.418 Y208.652
G1 X358.564 Y208.505
G1 X358.711 Y208.359
G1 X359.150 Y207.920
G1 X359.296 Y207.773
G1 X359.443 Y207.627
G1 X359.736 Y207.334
G1 X359.736 Y207.188
G1 X359.882 Y207.041
G1 X360.028 Y206.895
G1 X360.175 Y206.749
G1 X360.175 Y206.456
G1 X360.321 Y206.309
G1 X360.321 Y206.017
G1 X360.468 Y205.870
G1 X360.468 Y205.577
G1 X360.614 Y205.431
G1 X360.614 Y205.138
G1 X360.907 Y205.138
G1 X361.053 Y204.992
G1 X361.346 Y204.992
G1 X361.493 Y204.845
G1 X361.785 Y204.845
G1 X361.932 Y204.699
G1 X362.078 Y204.553
G1 X362.225 Y204.553
G1 X362.371 Y204.406
G1 X362.810 Y203.967
G1 X362.957 Y203.821
G1 X363.103 Y203.674
G1 X363.103 Y203.528
G1 X363.249 Y203.381
G1 X363.249 Y203.235
G1 X363.396 Y203.088
G1 X363.396 Y202.796
G1 X363.542 Y202.649
G1 X363.542 Y202.064
G1 X363.396 Y201.917
G1 X363.249 Y201.771
G1 X362.810 Y201.771
G1 X362.664 Y201.624
G1 X362.371 Y201.624
G1 X362.225 Y201.478
G1 X362.078 Y201.478
G1 X361.932 Y201.332
G1 X361.785 Y201.332
G1 X361.639 Y201.185
G1 X361.493 Y201.185
G1 X361.346 Y201.039
G1 X361.200 Y200.892
G1 X361.053 Y200.892
G1 X360.907 Y200.746
G1 X360.760 Y200.600
G1 X360.614 Y200.600
G1 X360.468 Y200.453
G1 X360.321 Y200.307
G1 X360.175 Y200.160
G1 X360.028 Y200.014
G1 X359.882 Y199.868
G1 X359.736 Y199.721
G1 X359.589 Y199.575
G1 X359.443 Y199.428
G1 X359.443 Y199.136
G1 X359.296 Y198.989
G1 X359.296 Y198.843
G1 X359.150 Y198.696
G1 X359.150 Y198.550
G1 X359.004 Y198.404
G1 X359.004 Y197.525
G1 X358.857 Y197.379
G1 X358.857 Y196.793
G1 X359.004 Y196.647
G1 X359.004 Y195.768
G1 X359.150 Y195.622
G1 X359.150 Y195.036
G1 X359.296 Y194.890
G1 X359.296 Y194.743
G1 X359.443 Y194.597
G1 X359.443 Y194.451
G1 X359.589 Y194.304
G1 X359.589 Y194.011
G1 X359.736 Y193.865
G1 X359.882 Y193.719
G1 X360.028 Y193.572
G1 X360.028 Y193.426
G1 X360.321 Y193.133
G1 X360.468 Y192.987
G1 X360.614 Y192.840
G1 X360.614 Y192.694
G1 X360.760 Y192.547
G1 X360.907 Y192.401
G1 X361.493 Y191.815
G1 X361.639 Y191.815
G1 X361.785 Y191.669
G1 X361.932 Y191.523
G1 X362.078 Y191.523
G1 X362.225 Y191.376
G1 X362.664 Y191.376
G1 X362.810 Y191.230
G1 X364.128 Y191.230
G1 X364.274 Y191.376
G1 X364.860 Y191.376
G1 X365.006 Y191.523
G1 X365.153 Y191.523
G1 X365.299 Y191.669
G1 X365.445 Y191.669
G1 X365.592 Y191.815
G1 X365.738 Y191.962
G1 X365.885 Y192.108
G1 X366.031 Y192.255
G1 X366.177 Y192.401
G1 X366.324 Y192.547
G1 X366.470 Y192.694
G1 X366.617 Y192.840
G1 X366.763 Y192.987
G1 X366.909 Y193.133
G1 X367.056 Y193.279
G1 X367.202 Y193.426
G1 X367.202 Y193.572
G1 X367.641 Y194.011
G1 X367.641 Y194.158
G1 X367.788 Y194.304
G1 X367.934 Y194.451
G1 X367.934 Y194.597
G1 X368.081 Y194.743
G1 X368.081 Y194.890
G1 X368.227 Y195.036
G1 X368.373 Y195.183
G1 X368.520 Y195.329
G1 X368.813 Y195.622
G1 X368.813 Y195.768
G1 X368.666 Y195.915
G1 X368.666 Y196.208
G1 X368.520 Y196.354
G1 X368.520 Y196.793
G1 X368.373 Y196.940
G1 X368.373 Y197.232
G1 X368.227 Y197.379
G1 X368.227 Y197.525
G1 X368.081 Y197.672
G1 X368.081 Y197.818
G1 X367.934 Y197.964
G1 X367.788 Y198.111
G1 X367.641 Y198.257
G1 X367.641 Y198.404
G1 X366.324 Y199.721
G1 X366.324 Y199.868
G1 X366.177 Y200.014
G1 X366.031 Y200.160
G1 X365.885 Y200.307
G1 X365.738 Y200.453
G1 X365.592 Y200.600
G1 X365.592 Y200.746
G1 X365.445 Y200.892
G1 X365.299 Y201.039
G1 X364.860 Y201.478
G1 X364.713 Y201.624
G1 X364.567 Y201.771
G1 X364.421 Y201.917
G1 X364.128 Y201.917
G1 X363.981 Y202.064
G1 X363.542 Y202.064
G1 X363.981 Y202.064
G1 X364.128 Y201.917
G1 X364.421 Y201.917
G1 X364.567 Y201.771
G1 X364.713 Y201.624
G1 X364.860 Y201.478
G1 X365.299 Y201.039
G1 X365.445 Y200.892
G1 X365.592 Y200.746
G1 X365.592 Y200.600
G1 X365.738 Y200.453
G1 X365.885 Y200.307
G1 X366.031 Y200.160
G1 X366.177 Y200.014
G1 X366.324 Y199.868
G1 X366.324 Y199.721
G1 X367.641 Y198.404
G1 X367.641 Y198.257
G1 X367.788 Y198.111
G1 X367.934 Y197.964
G1 X368.081 Y197.818
G1 X368.081 Y197.672
G1 X368.227 Y197.525
G1 X368.227 Y197.379
G1 X368.373 Y197.232
G1 X368.373 Y196.940
G1 X368.520 Y196.793
G1 X368.520 Y196.354
G1 X368.666 Y196.208
G1 X368.666 Y195.915
G1 X368.813 Y195.768
G1 X368.813 Y195.622
G1 X369.106 Y195.622
G1 X369.252 Y195.475
G1 X369.545 Y195.475
G1 X369.691 Y195.329
G1 X369.838 Y195.329
G1 X369.984 Y195.183
G1 X370.130 Y195.183
G1 X371.448 Y193.865
G1 X371.448 Y193.572
G1 X371.594 Y193.426
G1 X371.594 Y193.133
G1 X371.741 Y192.987
G1 X371.741 Y192.255
G1 X371.448 Y191.962
G1 X371.302 Y191.815
G1 X371.155 Y191.669
G1 X370.716 Y191.230
G1 X370.570 Y191.083
G1 X370.423 Y190.937
G1 X370.423 Y190.791
G1 X370.277 Y190.644
G1 X370.277 Y190.498
G1 X370.130 Y190.351
G1 X370.130 Y190.059
G1 X369.984 Y189.912
G1 X369.838 Y189.766
G1 X369.838 Y189.473
G1 X369.691 Y189.327
G1 X369.691 Y188.741
G1 X369.545 Y188.595
G1 X369.545 Y187.862
G1 X369.398 Y187.716
G1 X369.398 Y186.984
G1 X369.545 Y186.838
G1 X369.545 Y186.252
G1 X369.691 Y186.106
G1 X369.691 Y185.227
G1 X369.838 Y185.081
G1 X369.838 Y184.934
G1 X369.984 Y184.788
G1 X369.984 Y184.642
G1 X370.130 Y184.495
G1 X370.130 Y184.349
G1 X370.423 Y184.056
G1 X370.423 Y183.910
G1 X370.570 Y183.763
G1 X370.570 Y183.617
G1 X370.716 Y183.470
G1 X370.862 Y183.324
G1 X371.009 Y183.178
G1 X371.155 Y183.031
G1 X371.302 Y182.885
G1 X371.448 Y182.738
G1 X371.594 Y182.592
G1 X371.741 Y182.446
G1 X371.887 Y182.299
G1 X372.034 Y182.153
G1 X372.180 Y182.153
G1 X372.326 Y182.006
G1 X372.473 Y182.006
G1 X372.619 Y181.860
G1 X372.912 Y181.860
G1 X373.058 Y181.714
G1 X373.205 Y181.714
G1 X373.351 Y181.567
G1 X373.644 Y181.567
G1 X373.790 Y181.714
G1 X373.937 Y181.714
G1 X374.083 Y181.860
G1 X374.376 Y181.860
G1 X374.522 Y182.006
G1 X374.962 Y182.006
G1 X375.108 Y182.153
G1 X375.547 Y182.153
G1 X375.694 Y182.299
G1 X375.986 Y182.299
G1 X376.133 Y182.446
G1 X376.426 Y182.446
G1 X376.572 Y182.592
G1 X376.719 Y182.592
G1 X376.865 Y182.738
G1 X377.451 Y182.738
G1 X377.597 Y182.885
G1 X377.743 Y183.031
G1 X378.183 Y183.031
G1 X378.329 Y183.178
G1 X379.061 Y183.178
G1 X379.207 Y183.324
G1 X379.354 Y183.324
G1 X379.500 Y183.470
G1 X379.500 Y183.910
G1 X379.354 Y184.056
G1 X379.354 Y184.349
G1 X379.207 Y184.495
G1 X379.207 Y184.642
G1 X379.061 Y184.788
G1 X379.061 Y185.227
G1 X378.915 Y185.374
G1 X378.768 Y185.520
G1 X378.622 Y185.666
G1 X378.622 Y185.813
G1 X378.475 Y185.959
G1 X378.475 Y186.106
G1 X377.743 Y186.838
G1 X377.743 Y186.984
G1 X377.597 Y187.130
G1 X377.451 Y187.277
G1 X377.304 Y187.423
G1 X377.158 Y187.570
G1 X377.011 Y187.716
G1 X376.865 Y187.862
G1 X376.719 Y188.009
G1 X376.572 Y188.155
G1 X376.572 Y188.302
G1 X376.133 Y188.741
G1 X375.986 Y188.887
G1 X375.840 Y189.034
G1 X375.547 Y189.327
G1 X375.547 Y189.473
G1 X375.254 Y189.766
G1 X375.254 Y189.912
G1 X375.108 Y190.059
G1 X374.962 Y190.205
G1 X374.815 Y190.351
G1 X374.669 Y190.498
G1 X374.522 Y190.644
G1 X374.522 Y190.791
G1 X373.498 Y191.815
G1 X373.205 Y191.815
G1 X373.058 Y191.962
G1 X372.766 Y191.962
G1 X372.619 Y192.108
G1 X372.326 Y192.108
G1 X372.180 Y192.255
G1 X371.741 Y192.255
G1 X372.180 Y192.255
G1 X372.326 Y192.108
G1 X372.619 Y192.108
G1 X372.766 Y191.962
G1 X373.058 Y191.962
G1 X373.205 Y191.815
G1 X373.498 Y191.815
G1 X374.522 Y190.791
G1 X374.522 Y190.644
G1 X374.669 Y190.498
G1 X374.815 Y190.351
G1 X374.962 Y190.205
G1 X375.108 Y190.059
G1 X375.254 Y189.912
G1 X375.254 Y189.766
G1 X375.547 Y189.473
G1 X375.547 Y189.327
G1 X375.840 Y189.034
G1 X375.986 Y188.887
G1 X376.133 Y188.741
G1 X376.572 Y188.302
G1 X376.572 Y188.155
G1 X376.719 Y188.009
G1 X376.865 Y187.862
G1 X377.011 Y187.716
G1 X377.158 Y187.570
G1 X377.304 Y187.423
G1 X377.451 Y187.277
G1 X377.597 Y187.130
G1 X377.743 Y186.984
G1 X377.743 Y186.838
G1 X378.475 Y186.106
G1 X378.475 Y185.959
G1 X378.622 Y185.813
G1 X378.622 Y185.666
G1 X378.768 Y185.520
G1 X378.915 Y185.374
G1 X379.061 Y185.227
G1 X379.061 Y184.788
G1 X379.207 Y184.642
G1 X379.207 Y184.495
G1 X379.354 Y184.349
G1 X379.354 Y184.056
G1 X379.500 Y183.910
G1 X379.500 Y183.470
G1 X379.354 Y183.324
G1 X379.207 Y183.324
G1 X379.061 Y183.178
G1 X378.329 Y183.178
G1 X378.183 Y183.031
G1 X377.743 Y183.031
G1 X377.597 Y182.885
G1 X377.451 Y182.738
G1 X376.865 Y182.738
G1 X376.719 Y182.592
G1 X376.572 Y182.592
G1 X376.426 Y182.446
G1 X376.133 Y182.446
G1 X375.986 Y182.299
G1 X375.694 Y182.299
G1 X375.547 Y182.153
G1 X375.108 Y182.153
G1 X374.962 Y182.006
G1 X374.522 Y182.006
G1 X374.376 Y181.860
G1 X374.083 Y181.860
G1 X373.937 Y181.714
G1 X373.790 Y181.714
G1 X373.644 Y181.567
G1 X373.498 Y181.567
G1 X373.498 Y178.639
G1 X373.644 Y178.493
G1 X373.644 Y177.907
G1 X373.790 Y177.761
G1 X373.790 Y177.614
G1 X373.937 Y177.468
G1 X373.937 Y177.321
G1 X374.083 Y177.175
G1 X374.230 Y177.029
G1 X374.376 Y176.882
G1 X374.815 Y176.443
G1 X374.962 Y176.297
G1 X375.108 Y176.297
G1 X375.254 Y176.150
G1 X375.547 Y176.150
G1 X375.694 Y176.004
G1 X376.719 Y176.004
G1 X376.865 Y175.857
G1 X378.329 Y175.857
G1 X378.329 Y176.150
G1 X378.475 Y176.297
G1 X378.475 Y176.443
G1 X378.622 Y176.589
G1 X378.622 Y176.736
G1 X378.768 Y176.882
G1 X378.768 Y177.029
G1 X378.915 Y177.175
G1 X379.061 Y177.321
G1 X379.207 Y177.468
G1 X379.354 Y177.614
G1 X379.354 Y177.761
G1 X379.500 Y177.907
G1 X379.647 Y178.053
G1 X379.793 Y178.200
G1 X380.232 Y178.639
G1 X380.379 Y178.785
G1 X380.525 Y178.932
G1 X380.964 Y179.371
G1 X381.111 Y179.517
G1 X381.257 Y179.664
G1 X381.403 Y179.810
G1 X381.550 Y179.810
G1 X381.696 Y179.957
G1 X381.843 Y179.957
G1 X381.989 Y180.103
G1 X381.989 Y180.249
G1 X381.843 Y180.396
G1 X381.843 Y180.835
G1 X381.696 Y180.982
G1 X381.696 Y181.421
G1 X381.550 Y181.567
G1 X381.550 Y182.006
G1 X381.257 Y182.299
G1 X381.257 Y182.446
G1 X381.111 Y182.592
G1 X380.964 Y182.738
G1 X380.818 Y182.885
G1 X380.671 Y183.031
G1 X380.525 Y183.178
G1 X380.379 Y183.178
G1 X380.232 Y183.324
G1 X380.086 Y183.324
G1 X379.939 Y183.470
G1 X379.500 Y183.470
G1 X379.939 Y183.470
G1 X380.086 Y183.324
G1 X380.232 Y183.324
G1 X380.379 Y183.178
G1 X380.525 Y183.178
G1 X380.671 Y183.031
G1 X380.818 Y182.885
G1 X380.964 Y182.738
G1 X381.111 Y182.592
G1 X381.257 Y182.446
G1 X381.257 Y182.299
G1 X381.550 Y182.006
G1 X381.550 Y181.567
G1 X381.696 Y181.421
G1 X381.696 Y180.982
G1 X381.843 Y180.835
G1 X381.843 Y180.396
G1 X381.989 Y180.249
G1 X381.989 Y180.103
G1 X381.843 Y179.957
G1 X381.696 Y179.957
G1 X381.550 Y179.810
G1 X381.403 Y179.810
G1 X381.257 Y179.664
G1 X381.111 Y179.517
G1 X380.964 Y179.371
G1 X380.525 Y178.932
G1 X380.379 Y178.785
G1 X380.232 Y178.639
G1 X379.793 Y178.200
G1 X379.647 Y178.053
G1 X379.500 Y177.907
G1 X379.354 Y177.761
G1 X379.354 Y177.614
G1 X379.207 Y177.468
G1 X379.061 Y177.321
G1 X378.915 Y177.175
G1 X378.768 Y177.029
G1 X378.768 Y176.882
G1 X378.622 Y176.736
G1 X378.622 Y176.589
G1 X378.475 Y176.443
G1 X378.475 Y176.297
G1 X378.329 Y176.150
G1 X378.329 Y175.857
G1 X378.183 Y175.857
G1 X378.183 Y174.247
G1 X378.329 Y174.101
G1 X378.329 Y172.344
G1 X378.475 Y172.197
G1 X378.475 Y171.904
G1 X378.622 Y171.758
G1 X378.622 Y171.465
G1 X378.768 Y171.319
G1 X378.768 Y171.172
G1 X378.915 Y171.026
G1 X378.915 Y170.880
G1 X379.061 Y170.733
G1 X379.061 Y170.587
G1 X379.207 Y170.440
G1 X379.207 Y170.294
G1 X379.354 Y170.148
G1 X379.500 Y170.001
G1 X379.500 Y169.855
G1 X379.793 Y169.562
G1 X379.793 Y169.416
G1 X379.939 Y169.269
G1 X380.086 Y169.123
G1 X380.086 Y168.976
G1 X380.232 Y168.830
G1 X380.379 Y168.684
G1 X380.525 Y168.537
G1 X380.964 Y168.098
G1 X381.111 Y167.952
G1 X381.257 Y167.805
G1 X381.403 Y167.659
G1 X381.550 Y167.659
G1 X381.696 Y167.512
G1 X381.843 Y167.512
G1 X382.135 Y167.220
G1 X382.282 Y167.220
G1 X382.428 Y167.073
G1 X382.575 Y167.073
G1 X382.721 Y166.927
G1 X382.867 Y166.780
G1 X383.160 Y166.780
G1 X383.307 Y166.634
G1 X383.453 Y166.634
G1 X383.599 Y166.488
G1 X384.039 Y166.488
G1 X384.185 Y166.634
G1 X384.624 Y166.634
G1 X384.771 Y166.780
G1 X385.503 Y166.780
G1 X385.649 Y166.927
G1 X386.088 Y166.927
G1 X386.235 Y167.073
G1 X386.674 Y167.073
G1 X386.820 Y167.220
G1 X387.113 Y167.220
G1 X387.260 Y167.366
G1 X387.406 Y167.366
G1 X387.552 Y167.512
G1 X387.845 Y167.512
G1 X387.992 Y167.659
G1 X388.138 Y167.659
G1 X388.284 Y167.805
G1 X388.284 Y167.952
G1 X388.138 Y168.098
G1 X388.138 Y168.976
G1 X387.992 Y169.123
G1 X387.992 Y169.855
G1 X387.845 Y170.001
G1 X387.845 Y170.294
G1 X387.699 Y170.440
G1 X387.699 Y170.587
G1 X387.552 Y170.733
G1 X387.552 Y170.880
G1 X387.406 Y171.026
G1 X387.406 Y171.319
G1 X387.260 Y171.465
G1 X387.260 Y171.612
G1 X387.113 Y171.758
G1 X387.113 Y172.051
G1 X386.967 Y172.197
G1 X386.967 Y172.344
G1 X386.820 Y172.490
G1 X386.820 Y172.636
G1 X386.674 Y172.783
G1 X386.674 Y172.929
G1 X386.528 Y173.076
G1 X386.528 Y173.222
G1 X386.381 Y173.369
G1 X386.381 Y173.515
G1 X386.235 Y173.661
G1 X386.235 Y173.808
G1 X386.088 Y173.954
G1 X386.088 Y174.101
G1 X385.942 Y174.247
G1 X385.942 Y174.540
G1 X385.649 Y174.833
G1 X385.649 Y174.979
G1 X385.503 Y175.125
G1 X385.503 Y175.272
G1 X385.356 Y175.418
G1 X385.356 Y175.565
G1 X385.210 Y175.711
G1 X385.210 Y175.857
G1 X385.064 Y176.004
G1 X385.064 Y176.150
G1 X384.917 Y176.297
G1 X384.917 Y176.443
G1 X384.771 Y176.589
G1 X384.771 Y176.736
G1 X384.624 Y176.882
G1 X384.624 Y177.029
G1 X384.478 Y177.175
G1 X384.478 Y177.468
G1 X384.185 Y177.761
G1 X384.185 Y177.907
G1 X384.039 Y178.053
G1 X384.039 Y178.200
G1 X383.892 Y178.346
G1 X383.746 Y178.493
G1 X383.746 Y178.639
G1 X383.599 Y178.785
G1 X383.599 Y179.078
G1 X383.453 Y179.225
G1 X383.453 Y179.371
G1 X383.014 Y179.810
G1 X382.867 Y179.810
G1 X382.721 Y179.957
G1 X382.428 Y179.957
G1 X382.282 Y180.103
G1 X381.989 Y180.103
G1 X382.282 Y180.103
G1 X382.428 Y179.957
G1 X382.721 Y179.957
G1 X382.867 Y179.810
G1 X383.014 Y179.810
G1 X383.453 Y179.371
G1 X383.453 Y179.225
G1 X383.599 Y179.078
G1 X383.599 Y178.785
G1 X383.746 Y178.639
G1 X383.746 Y178.493
G1 X383.892 Y178.346
G1 X384.039 Y178.200
G1 X384.039 Y178.053
G1 X384.185 Y177.907
G1 X384.185 Y177.761
G1 X384.478 Y177.468
G1 X384.478 Y177.175
G1 X384.624 Y177.029
G1 X384.624 Y176.882
G1 X384.771 Y176.736
G1 X384.771 Y176.589
G1 X384.917 Y176.443
G1 X384.917 Y176.297
G1 X385.064 Y176.150
G1 X385.064 Y176.004
G1 X385.210 Y175.857
G1 X385.210 Y175.711
G1 X385.356 Y175.565
G1 X385.356 Y175.418
G1 X385.503 Y175.272
G1 X385.503 Y175.125
G1 X385.649 Y174.979
G1 X385.649 Y174.833
G1 X385.942 Y174.540
G1 X385.942 Y174.247
G1 X386.088 Y174.101
G1 X386.088 Y173.954
G1 X386.235 Y173.808
G1 X386.235 Y173.661
G1 X386.381 Y173.515
G1 X386.381 Y173.369
G1 X386.528 Y173.222
G1 X386.528 Y173.076
G1 X386.674 Y172.929
G1 X386.674 Y172.783
G1 X386.820 Y172.636
G1 X386.820 Y172.490
G1 X386.967 Y172.344
G1 X386.967 Y172.197
G1 X387.113 Y172.051
G1 X387.113 Y171.758
G1 X387.260 Y171.612
G1 X387.260 Y171.465
G1 X387.406 Y171.319
G1 X387.406 Y171.026
G1 X387.552 Y170.880
G1 X387.552 Y170.733
G1 X387.699 Y170.587
G1 X387.699 Y170.440
G1 X387.845 Y170.294
G1 X387.845 Y170.001
G1 X387.992 Y169.855
G1 X387.992 Y169.123
G1 X388.138 Y168.976
G1 X388.138 Y168.098
G1 X388.284 Y167.952
G1 X388.284 Y167.805
G1 X388.138 Y167.659
G1 X387.992 Y167.659
G1 X387.845 Y167.512
G1 X387.552 Y167.512
G1 X387.406 Y167.366
G1 X387.260 Y167.366
G1 X387.113 Y167.220
G1 X386.820 Y167.220
G1 X386.674 Y167.073
G1 X386.235 Y167.073
G1 X386.088 Y166.927
G1 X385.649 Y166.927
G1 X385.503 Y166.780
G1 X384.771 Y166.780
G1 X384.624 Y166.634
G1 X384.185 Y166.634
G1 X384.039 Y166.488
G1 X383.599 Y166.488
G1 X383.599 Y166.341
G1 X383.453 Y166.195
G1 X383.453 Y165.756
G1 X383.307 Y165.609
G1 X383.307 Y163.267
G1 X383.160 Y163.120
G1 X383.160 Y160.339
G1 X382.575 Y160.339
G1 X382.428 Y160.485
G1 X381.843 Y160.485
G1 X381.696 Y160.631
G1 X381.257 Y160.631
G1 X381.111 Y160.778
G1 X380.818 Y160.778
G1 X380.671 Y160.924
G1 X380.525 Y160.924
G1 X380.379 Y161.071
G1 X380.232 Y161.217
G1 X379.793 Y161.656
G1 X379.647 Y161.803
G1 X379.500 Y161.949
G1 X379.061 Y162.388
G1 X378.915 Y162.535
G1 X378.768 Y162.681
G1 X378.475 Y162.974
G1 X378.475 Y163.120
G1 X378.329 Y163.267
G1 X378.183 Y163.413
G1 X378.036 Y163.559
G1 X378.036 Y163.706
G1 X377.743 Y163.999
G1 X377.743 Y164.291
G1 X377.597 Y164.438
G1 X377.451 Y164.584
G1 X377.451 Y164.731
G1 X377.304 Y164.877
G1 X377.304 Y165.023
G1 X377.158 Y165.170
G1 X377.158 Y165.316
G1 X377.011 Y165.463
G1 X377.011 Y165.609
G1 X376.865 Y165.756
G1 X376.865 Y165.902
G1 X376.719 Y166.048
G1 X376.719 Y166.195
G1 X376.572 Y166.341
G1 X376.572 Y166.488
G1 X376.426 Y166.634
G1 X376.426 Y166.780
G1 X376.133 Y167.073
G1 X376.133 Y167.366
G1 X375.986 Y167.512
G1 X375.986 Y167.659
G1 X375.840 Y167.805
G1 X375.840 Y167.952
G1 X375.694 Y168.098
G1 X375.694 Y168.244
G1 X375.547 Y168.391
G1 X375.547 Y168.537
G1 X375.401 Y168.684
G1 X375.401 Y168.976
G1 X375.254 Y169.123
G1 X375.254 Y169.269
G1 X375.108 Y169.416
G1 X375.108 Y169.562
G1 X374.962 Y169.708
G1 X374.962 Y169.855
G1 X374.815 Y170.001
G1 X374.669 Y170.148
G1 X374.669 Y170.294
G1 X374.522 Y170.440
G1 X374.522 Y170.587
G1 X374.376 Y170.733
G1 X374.376 Y170.880
G1 X374.230 Y171.026
G1 X374.230 Y171.172
G1 X373.937 Y171.465
G1 X373.937 Y171.612
G1 X373.790 Y171.758
G1 X373.790 Y171.904
G1 X373.644 Y172.051
G1 X373.644 Y172.197
G1 X373.498 Y172.344
G1 X373.498 Y172.490
G1 X373.351 Y172.636
G1 X373.205 Y172.783
G1 X373.205 Y172.929
G1 X372.912 Y173.222
G1 X372.766 Y173.369
G1 X372.619 Y173.515
G1 X372.180 Y173.954
G1 X372.034 Y174.101
G1 X371.887 Y174.247
G1 X371.594 Y174.540
G1 X371.448 Y174.540
G1 X371.302 Y174.686
G1 X371.155 Y174.686
G1 X371.009 Y174.833
G1 X370.862 Y174.833
G1 X370.716 Y174.979
G1 X370.423 Y174.979
G1 X370.277 Y175.125
G1 X369.691 Y175.125
G1 X369.545 Y175.272
G1 X367.934 Y175.272
G1 X367.788 Y175.418
G1 X367.349 Y175.418
G1 X367.349 Y178.932
G1 X367.202 Y179.078
G1 X367.202 Y179.810
G1 X367.056 Y179.957
G1 X367.056 Y180.835
G1 X366.763 Y181.128
G1 X366.763 Y181.714
G1 X366.617 Y181.860
G1 X366.617 Y182.006
G1 X366.470 Y182.153
G1 X366.470 Y182.446
G1 X366.324 Y182.592
G1 X366.324 Y182.885
G1 X366.177 Y183.031
G1 X366.031 Y183.178
G1 X365.885 Y183.324
G1 X365.738 Y183.470
G1 X365.592 Y183.617
G1 X365.445 Y183.763
G1 X365.299 Y183.910
G1 X365.153 Y184.056
G1 X365.006 Y184.202
G1 X364.860 Y184.349
G1 X364.713 Y184.349
G1 X364.567 Y184.495
G1 X364.421 Y184.642
G1 X364.274 Y184.788
G1 X364.128 Y184.788
G1 X363.981 Y184.934
G1 X363.542 Y184.934
G1 X363.396 Y185.081
G1 X363.103 Y185.081
G1 X362.957 Y185.227
G1 X362.517 Y185.227
G1 X362.371 Y185.374
G1 X361.932 Y185.374
G1 X361.785 Y185.520
G1 X361.639 Y185.520
G1 X361.639 Y185.374
G1 X361.493 Y185.227
G1 X361.346 Y185.081
G1 X361.346 Y184.934
G1 X361.200 Y184.788
G1 X361.200 Y184.495
G1 X361.053 Y184.349
G1 X361.053 Y184.056
G1 X360.907 Y183.910
G1 X360.907 Y183.763
G1 X360.760 Y183.617
G1 X360.614 Y183.470
G1 X360.614 Y183.324
G1 X359.736 Y182.446
G1 X359.736 Y182.299
G1 X359.589 Y182.153
G1 X359.443 Y182.006
G1 X359.296 Y181.860
G1 X359.150 Y181.714
G1 X359.004 Y181.567
G1 X358.857 Y181.421
G1 X358.711 Y181.274
G1 X358.564 Y181.128
G1 X358.564 Y180.982
G1 X358.418 Y180.835
G1 X358.125 Y180.542
G1 X358.125 Y180.396
G1 X357.979 Y180.249
G1 X357.979 Y179.957
G1 X357.832 Y179.810
G1 X357.832 Y179.517
G1 X357.686 Y179.371
G1 X357.686 Y178.785
G1 X357.540 Y178.639
G1 X357.540 Y177.761
G1 X357.393 Y177.614
G1 X357.393 Y175.418
G1 X357.247 Y175.272
G1 X357.247 Y174.540
G1 X357.100 Y174.393
G1 X357.100 Y173.808
G1 X356.954 Y173.661
G1 X356.954 Y172.636
G1 X356.808 Y172.490
G1 X356.808 Y171.758
G1 X356.661 Y171.612
G1 X356.515 Y171.465
G1 X356.368 Y171.319
G1 X356.222 Y171.172
G1 X356.076 Y171.026
G1 X355.929 Y171.026
G1 X355.929 Y170.880
G1 X355.929 Y171.026
G1 X355.490 Y171.026
G1 X355.197 Y171.319
G1 X354.904 Y171.319
G1 X354.758 Y171.465
G1 X354.612 Y171.465
G1 X354.319 Y171.758
G1 X354.172 Y171.904
G1 X354.026 Y172.051
G1 X353.587 Y172.490
G1 X353.440 Y172.636
G1 X353.294 Y172.783
G1 X353.147 Y172.929
G1 X353.001 Y173.076
G1 X352.562 Y173.515
G1 X352.415 Y173.661
G1 X352.269 Y173.808
G1 X351.830 Y174.247
G1 X351.683 Y174.393
G1 X351.683 Y174.540
G1 X351.537 Y174.686
G1 X351.391 Y174.833
G1 X351.244 Y174.979
G1 X351.098 Y175.125
G1 X351.098 Y175.272
G1 X350.951 Y175.418
G1 X350.805 Y175.565
G1 X350.659 Y175.711
G1 X350.512 Y175.857
G1 X350.366 Y176.004
G1 X350.219 Y176.150
G1 X350.073 Y176.297
G1 X350.073 Y176.443
G1 X349.048 Y177.468
G1 X349.048 Y177.614
G1 X348.902 Y177.761
G1 X348.755 Y177.907
G1 X348.609 Y178.053
G1 X348.463 Y178.200
G1 X348.316 Y178.346
G1 X348.316 Y178.493
G1 X348.170 Y178.639
G1 X348.023 Y178.785
G1 X347.877 Y178.785
G1 X347.731 Y178.932
G1 X347.584 Y178.932
G1 X347.438 Y179.078
G1 X347.145 Y179.078
G1 X346.999 Y179.225
G1 X346.852 Y179.225
G1 X346.706 Y179.371
G1 X346.413 Y179.371
G1 X346.267 Y179.517
G1 X345.827 Y179.517
G1 X345.681 Y179.664
G1 X345.095 Y179.664
G1 X344.949 Y179.810
G1 X344.949 Y179.957
G1 X344.802 Y180.103
G1 X344.656 Y180.249
G1 X344.656 Y180.396
G1 X344.510 Y180.542
G1 X344.510 Y180.689
G1 X344.363 Y180.835
G1 X344.363 Y180.982
G1 X344.217 Y181.128
G1 X344.217 Y181.567
G1 X344.070 Y181.714
G1 X344.070 Y181.860
G1 X343.924 Y182.006
G1 X343.924 Y182.299
G1 X343.778 Y182.446
G1 X343.778 Y182.738
G1 X342.460 Y182.738
G1 X342.314 Y182.885
G1 X340.996 Y182.885
G1 X340.850 Y182.738
G1 X338.800 Y182.738
G1 X338.654 Y182.592
G1 X336.750 Y182.592
G1 X336.604 Y182.446
G1 X335.579 Y182.446
G1 X335.433 Y182.299
G1 X334.993 Y182.299
G1 X334.847 Y182.153
G1 X334.847 Y182.299
G1 X334.408 Y182.299
G1 X333.090 Y183.617
G1 X333.090 Y183.763
G1 X332.944 Y183.910
G1 X332.797 Y184.056
G1 X332.797 Y184.202
G1 X332.651 Y184.349
G1 X332.505 Y184.495
G1 X332.505 Y184.788
G1 X332.358 Y184.934
G1 X332.212 Y185.081
G1 X332.212 Y185.520
G1 X332.065 Y185.666
G1 X332.065 Y185.959
G1 X331.919 Y186.106
G1 X331.773 Y186.252
G1 X331.773 Y186.545
G1 X331.626 Y186.691
G1 X331.626 Y187.130
G1 X331.480 Y187.277
G1 X331.480 Y187.716
G1 X331.333 Y187.862
G1 X331.333 Y188.448
G1 X331.187 Y188.595
G1 X331.187 Y189.034
G1 X331.041 Y189.180
G1 X331.041 Y189.619
G1 X330.894 Y189.766
G1 X330.894 Y190.205
G1 X330.748 Y190.351
G1 X330.748 Y190.791
G1 X330.601 Y190.937
G1 X330.601 Y191.523
G1 X330.455 Y191.669
G1 X330.455 Y191.962
G1 X330.308 Y192.108
G1 X330.308 Y192.547
G1 X330.162 Y192.694
G1 X330.162 Y192.840
G1 X330.016 Y192.987
G1 X330.016 Y193.572
G1 X329.869 Y193.719
G1 X329.869 Y194.011
G1 X329.723 Y194.158
G1 X329.723 Y194.597
G1 X329.576 Y194.743
G1 X329.576 Y194.890
G1 X329.430 Y195.036
G1 X329.430 Y195.622
G1 X329.284 Y195.768
G1 X329.284 Y196.208
G1 X329.137 Y196.354
G1 X329.137 Y196.793
G1 X328.991 Y196.940
G1 X328.991 Y197.232
G1 X328.844 Y197.379
G1 X328.844 Y197.964
G1 X328.698 Y198.111
G1 X328.698 Y198.404
G1 X328.552 Y198.550
G1 X328.552 Y198.989
G1 X328.405 Y199.136
G1 X328.405 Y199.575
G1 X328.259 Y199.721
G1 X328.259 Y200.014
G1 X328.112 Y200.160
G1 X328.112 Y200.600
G1 X327.966 Y200.746
G1 X327.966 Y201.185
G1 X327.820 Y201.332
G1 X327.820 Y201.624
G1 X327.673 Y201.771
G1 X327.673 Y202.210
G1 X327.527 Y202.356
G1 X327.527 Y203.674
G1 X327.380 Y203.821
G1 X327.380 Y204.845
G1 X327.673 Y204.845
G1 X327.820 Y204.992
G1 X327.966 Y204.992
G1 X328.112 Y205.138
G1 X328.552 Y205.138
G1 X328.698 Y205.285
G1 X329.430 Y205.285
G1 X329.576 Y205.431
G1 X329.869 Y205.431
G1 X330.016 Y205.577
G1 X330.162 Y205.577
G1 X330.308 Y205.724
G1 X330.455 Y205.870
G1 X330.601 Y206.017
G1 X330.748 Y206.163
G1 X331.187 Y206.602
G1 X331.333 Y206.749
G1 X331.333 Y206.895
G1 X331.480 Y207.041
G1 X331.480 Y207.188
G1 X331.626 Y207.334
G1 X331.480 Y207.481
G1 X331.333 Y207.627
G1 X331.187 Y207.773
G1 X331.041 Y207.920
G1 X330.894 Y208.066
G1 X330.308 Y208.066
G1 X330.162 Y208.213
G1 X329.723 Y208.213
G1 X329.576 Y208.359
G1 X329.137 Y208.359
G1 X328.991 Y208.505
G1 X328.405 Y208.505
G1 X328.259 Y208.652
G1 X327.380 Y208.652
G1 X327.234 Y208.798
G1 X326.356 Y208.798
G1 X326.209 Y208.652
G1 X326.063 Y208.505
G1 X325.916 Y208.505
G1 X325.770 Y208.652
G1 X325.624 Y208.798
G1 X325.477 Y208.798
G1 X325.331 Y208.945
G1 X325.184 Y208.945
G1 X325.038 Y209.091
G1 X324.892 Y209.091
G1 X324.745 Y209.237
G1 X324.599 Y209.384
G1 X324.452 Y209.530
G1 X324.306 Y209.677
G1 X324.160 Y209.677
G1 X324.013 Y209.823
G1 X323.867 Y209.969
G1 X323.720 Y209.969
G1 X323.574 Y210.116
G1 X323.135 Y210.555
G1 X322.988 Y210.701
G1 X322.842 Y210.848
G1 X322.695 Y210.994
G1 X322.549 Y211.141
G1 X322.110 Y211.580
G1 X321.963 Y211.726
G1 X321.817 Y211.873
G1 X321.378 Y212.312
G1 X321.231 Y212.458
G1 X321.085 Y212.605
G1 X320.646 Y213.044
G1 X320.499 Y213.190
G1 X320.353 Y213.337
G1 X319.914 Y213.776
G1 X319.767 Y213.922
G1 X319.621 Y214.069
G1 X319.475 Y214.215
G1 X319.475 Y214.362
G1 X319.328 Y214.508
G1 X318.889 Y214.947
G1 X318.743 Y215.094
G1 X318.596 Y215.240
G1 X318.157 Y215.679
G1 X318.011 Y215.826
G1 X317.864 Y215.972
G1 X317.425 Y216.411
G1 X317.279 Y216.558
G1 X317.132 Y216.704
G1 X316.693 Y217.143
G1 X316.547 Y217.290
G1 X316.400 Y217.436
G1 X316.254 Y217.582
G1 X316.254 Y217.729
G1 X316.107 Y217.875
G1 X315.961 Y218.022
G1 X315.522 Y218.461
G1 X315.375 Y218.607
G1 X315.229 Y218.754
G1 X315.082 Y218.900
G1 X314.936 Y219.047
G1 X314.936 Y219.339
G1 X314.790 Y219.486
G1 X314.790 Y219.632
G1 X314.643 Y219.779
G1 X314.643 Y220.218
G1 X314.497 Y220.218
G1 X314.643 Y220.218
G1 X314.643 Y220.071
G1 X314.497 Y220.218
G1 X314.350 Y220.218
G1 X314.204 Y220.364
G1 X313.911 Y220.364
G1 X313.765 Y220.511
G1 X313.618 Y220.657
G1 X313.472 Y220.657
G1 X312.740 Y221.389
G1 X312.594 Y221.389
G1 X312.447 Y221.535
G1 X312.301 Y221.682
G1 X312.154 Y221.828
G1 X312.008 Y221.975
G1 X311.862 Y222.121
G1 X311.715 Y222.267
G1 X311.569 Y222.267
G1 X311.422 Y222.414
G1 X311.130 Y222.414
G1 X310.983 Y222.560
G1 X309.958 Y222.560
G1 X309.812 Y222.414
G1 X309.519 Y222.414
G1 X309.373 Y222.267
G1 X309.226 Y222.267
G1 X309.080 Y222.121
G1 X308.934 Y222.121
G1 X308.787 Y221.975
G1 X308.641 Y221.828
G1 X308.494 Y221.682
G1 X308.348 Y221.535
G1 X308.201 Y221.389
G1 X308.055 Y221.243
G1 X307.909 Y221.096
G1 X307.762 Y220.950
G1 X307.616 Y220.803
G1 X307.469 Y220.657
G1 X307.469 Y220.511
G1 X307.323 Y220.364
G1 X307.323 Y220.071
G1 X307.177 Y219.925
G1 X307.177 Y219.632
G1 X307.030 Y219.486
G1 X307.030 Y219.047
G1 X306.884 Y218.900
G1 X306.884 Y218.754
G1 X306.591 Y218.754
G1 X306.445 Y218.607
G1 X306.298 Y218.607
G1 X306.152 Y218.461
G1 X306.005 Y218.315
G1 X305.859 Y218.168
G1 X305.566 Y217.875
G1 X305.420 Y217.875
G1 X305.273 Y217.729
G1 X305.127 Y217.582
G1 X304.981 Y217.436
G1 X304.834 Y217.290
G1 X304.688 Y217.143
G1 X304.541 Y216.997
G1 X304.395 Y216.850
G1 X304.249 Y216.704
G1 X304.102 Y216.558
G1 X303.956 Y216.411
G1 X303.809 Y216.265
G1 X303.663 Y216.118
G1 X303.517 Y215.972
G1 X303.370 Y215.826
G1 X303.224 Y215.679
G1 X303.077 Y215.533
G1 X302.931 Y215.386
G1 X302.785 Y215.240
G1 X302.638 Y215.240
G1 X302.199 Y214.801
G1 X302.053 Y214.654
G1 X301.906 Y214.508
G1 X301.467 Y214.069
G1 X301.321 Y213.922
G1 X301.174 Y213.776
G1 X301.028 Y213.776
G1 X300.881 Y213.630
G1 X300.735 Y213.483
G1 X300.588 Y213.337
G1 X300.442 Y213.190
G1 X300.296 Y213.044
G1 X300.149 Y212.898
G1 X300.003 Y212.751
G1 X299.856 Y212.751
G1 X299.710 Y212.605
G1 X299.564 Y212.458
G1 X299.417 Y212.312
G1 X298.978 Y211.873
G1 X298.832 Y211.726
G1 X298.685 Y211.726
G1 X298.539 Y211.580
G1 X298.392 Y211.434
G1 X298.246 Y211.287
G1 X298.100 Y211.141
G1 X297.953 Y211.141
G1 X297.807 Y210.994
G1 X297.660 Y210.848
G1 X297.514 Y210.701
G1 X297.368 Y210.555
G1 X297.221 Y210.555
G1 X296.782 Y210.116
G1 X296.636 Y209.969
G1 X296.489 Y209.969
G1 X296.343 Y209.823
G1 X296.196 Y209.677
G1 X296.050 Y209.530
G1 X295.904 Y209.530
G1 X295.757 Y209.384
G1 X295.611 Y209.237
G1 X295.464 Y209.091
G1 X295.318 Y209.091
G1 X294.732 Y208.505
G1 X294.586 Y208.505
G1 X294.440 Y208.359
G1 X294.293 Y208.359
G1 X293.854 Y207.920
G1 X293.708 Y207.920
G1 X293.415 Y207.627
G1 X293.268 Y207.627
G1 X292.829 Y207.188
G1 X292.683 Y207.041
G1 X292.390 Y207.041
G1 X292.243 Y206.895
G1 X292.097 Y206.749
G1 X291.951 Y206.749
G1 X291.511 Y206.309
G1 X291.365 Y206.309
G1 X291.219 Y206.163
G1 X291.072 Y206.017
G1 X290.926 Y205.870
G1 X290.779 Y205.870
G1 X290.633 Y205.724
G1 X290.487 Y205.577
G1 X290.340 Y205.577
G1 X290.194 Y205.431
G1 X290.047 Y205.285
G1 X289.901 Y205.138
G1 X289.462 Y204.699
G1 X289.315 Y204.553
G1 X289.169 Y204.406
G1 X288.730 Y203.967
G1 X288.730 Y203.821
G1 X288.583 Y203.674
G1 X288.583 Y203.528
G1 X288.437 Y203.381
G1 X288.437 Y203.088
G1 X288.291 Y202.942
G1 X288.291 Y202.796
G1 X288.144 Y202.649
G1 X288.144 Y202.064
G1 X287.998 Y201.917
G1 X287.998 Y196.354
G1 X287.851 Y196.208
G1 X287.851 Y196.061
G1 X287.705 Y195.915
G1 X287.559 Y195.768
G1 X287.412 Y195.622
G1 X286.241 Y195.622
G1 X285.509 Y196.354
G1 X285.362 Y196.500
G1 X285.362 Y197.379
G1 X285.216 Y197.525
G1 X285.216 Y197.818
G1 X285.070 Y197.964
G1 X285.070 Y198.843
G1 X284.923 Y198.989
G1 X284.923 Y199.575
G1 X284.777 Y199.721
G1 X284.777 Y200.453
G1 X284.630 Y200.600
G1 X284.630 Y200.892
G1 X284.484 Y201.039
G1 X284.484 Y201.332
G1 X284.338 Y201.478
G1 X284.338 Y201.917
G1 X284.191 Y202.064
G1 X284.191 Y202.210
G1 X284.045 Y202.356
G1 X284.045 Y202.503
G1 X283.898 Y202.649
G1 X283.752 Y202.796
G1 X283.752 Y202.942
G1 X283.020 Y203.674
G1 X282.874 Y203.821
G1 X282.727 Y203.967
G1 X282.288 Y204.406
G1 X282.142 Y204.553
G1 X281.995 Y204.699
G1 X281.849 Y204.699
G1 X281.702 Y204.845
G1 X281.556 Y204.992
G1 X281.410 Y205.138
G1 X281.263 Y205.138
G1 X281.117 Y205.285
G1 X280.970 Y205.285
G1 X280.824 Y205.431
G1 X280.678 Y205.431
G1 X280.531 Y205.577
G1 X280.385 Y205.577
G1 X280.238 Y205.724
G1 X280.092 Y205.724
G1 X279.946 Y205.870
G1 X279.799 Y205.870
G1 X279.653 Y206.017
G1 X279.506 Y206.017
G1 X279.360 Y206.163
G1 X279.214 Y206.163
G1 X279.067 Y206.309
G1 X278.921 Y206.309
G1 X278.774 Y206.456
G1 X278.628 Y206.456
G1 X278.482 Y206.602
G1 X278.335 Y206.602
G1 X278.189 Y206.749
G1 X278.042 Y206.749
G1 X277.896 Y206.895
G1 X277.749 Y206.895
G1 X277.603 Y207.041
G1 X277.457 Y207.188
G1 X277.310 Y207.188
G1 X277.164 Y207.334
G1 X277.017 Y207.334
G1 X276.871 Y207.481
G1 X276.578 Y207.481
G1 X276.432 Y207.627
G1 X276.285 Y207.627
G1 X276.139 Y207.773
G1 X275.993 Y207.773
G1 X275.846 Y207.920
G1 X275.700 Y207.920
G1 X275.553 Y208.066
G1 X275.407 Y208.066
G1 X275.261 Y208.213
G1 X275.114 Y208.213
G1 X274.968 Y208.359
G1 X274.821 Y208.359
G1 X274.675 Y208.505
G1 X274.529 Y208.505
G1 X274.382 Y208.652
G1 X274.236 Y208.652
G1 X274.089 Y208.798
G1 X273.943 Y208.798
G1 X273.797 Y208.945
G1 X273.650 Y208.945
G1 X273.504 Y209.091
G1 X273.357 Y209.091
G1 X273.211 Y209.237
G1 X272.918 Y209.237
G1 X272.772 Y209.384
G1 X272.625 Y209.384
G1 X272.479 Y209.530
G1 X272.333 Y209.530
G1 X272.186 Y209.677
G1 X272.040 Y209.677
G1 X271.893 Y209.823
G1 X271.747 Y209.823
G1 X271.601 Y209.969
G1 X271.454 Y209.969
G1 X271.308 Y210.116
G1 X271.161 Y210.116
G1 X271.015 Y210.262
G1 X270.869 Y210.262
G1 X270.722 Y210.409
G1 X270.576 Y210.409
G1 X270.429 Y210.555
G1 X270.283 Y210.555
G1 X270.136 Y210.701
G1 X269.990 Y210.701
G1 X269.844 Y210.848
G1 X269.697 Y210.848
G1 X269.404 Y211.141
G1 X269.258 Y211.141
G1 X269.112 Y211.287
G1 X268.965 Y211.287
G1 X268.819 Y211.434
G1 X268.672 Y211.434
G1 X268.526 Y211.580
G1 X268.380 Y211.580
G1 X268.233 Y211.726
G1 X268.087 Y211.726
G1 X267.940 Y211.873
G1 X267.794 Y211.873
G1 X267.648 Y212.019
G1 X267.501 Y212.019
G1 X267.355 Y212.166
G1 X267.208 Y212.166
G1 X267.062 Y212.312
G1 X266.916 Y212.312
G1 X266.769 Y212.458
G1 X266.623 Y212.458
G1 X266.476 Y212.605
G1 X266.330 Y212.605
G1 X266.184 Y212.751
G1 X266.037 Y212.751
G1 X265.891 Y212.898
G1 X265.598 Y212.898
G1 X265.452 Y213.044
G1 X265.305 Y213.044
G1 X265.159 Y213.190
G1 X265.012 Y213.190
G1 X264.866 Y213.337
G1 X264.720 Y213.483
G1 X264.573 Y213.483
G1 X264.427 Y213.630
G1 X264.280 Y213.630
G1 X264.134 Y213.776
G1 X263.841 Y213.776
G1 X263.695 Y213.922
G1 X263.548 Y213.922
G1 X263.402 Y214.069
G1 X263.109 Y214.069
G1 X262.963 Y214.215
G1 X262.377 Y214.215
G1 X262.231 Y214.362
G1 X261.059 Y214.362
G1 X260.913 Y214.215
G1 X260.327 Y214.215
G1 X260.181 Y214.069
G1 X260.035 Y213.922
G1 X259.595 Y213.922
G1 X259.449 Y213.776
G1 X259.156 Y213.776
G1 X259.010 Y213.630
G1 X258.863 Y213.630
G1 X258.717 Y213.483
G1 X258.571 Y213.483
G1 X258.424 Y213.337
G1 X258.278 Y213.190
G1 X258.131 Y213.190
G1 X257.985 Y213.044
G1 X257.839 Y213.044
G1 X257.692 Y212.898
G1 X257.546 Y212.898
G1 X257.399 Y212.751
G1 X257.253 Y212.751
G1 X257.107 Y212.605
G1 X256.960 Y212.605
G1 X256.814 Y212.458
G1 X256.667 Y212.458
G1 X256.375 Y212.166
G1 X256.228 Y212.166
G1 X256.082 Y212.019
G1 X255.935 Y212.019
G1 X255.789 Y211.873
G1 X255.643 Y211.873
G1 X255.496 Y211.726
G1 X255.350 Y211.726
G1 X255.203 Y211.580
G1 X255.057 Y211.580
G1 X254.910 Y211.434
G1 X254.764 Y211.287
G1 X254.618 Y211.287
G1 X254.471 Y211.141
G1 X254.325 Y211.141
G1 X254.178 Y210.994
G1 X254.032 Y210.994
G1 X253.886 Y210.848
G1 X253.739 Y210.848
G1 X253.593 Y210.701
G1 X253.446 Y210.701
G1 X253.300 Y210.555
G1 X253.154 Y210.555
G1 X253.007 Y210.409
G1 X252.861 Y210.409
G1 X252.714 Y210.262
G1 X252.568 Y210.262
G1 X252.422 Y210.116
G1 X252.275 Y210.116
G1 X252.129 Y209.969
G1 X251.982 Y209.969
G1 X251.836 Y209.823
G1 X251.543 Y209.823
G1 X251.397 Y209.677
G1 X251.250 Y209.677
G1 X251.104 Y209.530
G1 X250.958 Y209.530
G1 X250.811 Y209.384
G1 X250.665 Y209.237
G1 X250.372 Y209.237
G1 X250.226 Y209.091
G1 X250.079 Y209.091
G1 X249.933 Y208.945
G1 X249.786 Y208.945
G1 X249.640 Y208.798
G1 X249.494 Y208.798
G1 X249.347 Y208.652
G1 X249.201 Y208.652
G1 X249.054 Y208.505
G1 X248.908 Y208.505
G1 X248.762 Y208.359
G1 X248.615 Y208.359
G1 X248.469 Y208.213
G1 X248.322 Y208.213
G1 X248.176 Y208.066
G1 X247.883 Y208.066
G1 X247.737 Y207.920
G1 X247.590 Y207.920
G1 X247.444 Y207.773
G1 X247.151 Y207.773
G1 X247.005 Y207.627
G1 X246.858 Y207.627
G1 X246.712 Y207.481
G1 X246.565 Y207.481
G1 X246.419 Y207.334
G1 X246.126 Y207.334
G1 X245.980 Y207.188
G1 X245.833 Y207.188
G1 X245.687 Y207.041
G1 X245.541 Y206.895
G1 X245.248 Y206.895
G1 X245.101 Y206.749
G1 X244.955 Y206.749
G1 X244.809 Y206.602
G1 X244.662 Y206.602
G1 X244.516 Y206.456
G1 X244.369 Y206.456
G1 X244.223 Y206.309
G1 X243.930 Y206.309
G1 X243.784 Y206.163
G1 X243.637 Y206.163
G1 X243.491 Y206.017
G1 X243.345 Y206.017
G1 X243.198 Y205.870
G1 X242.905 Y205.870
G1 X242.759 Y205.724
G1 X242.613 Y205.724
G1 X242.466 Y205.577
G1 X242.173 Y205.577
G1 X241.881 Y205.285
G1 X241.734 Y205.285
G1 X241.588 Y205.138
G1 X241.441 Y204.992
G1 X241.295 Y204.992
G1 X241.149 Y204.845
G1 X241.002 Y204.699
G1 X240.856 Y204.699
G1 X240.709 Y204.553
G1 X240.563 Y204.406
G1 X240.124 Y203.967
G1 X239.977 Y203.821
G1 X239.977 Y203.674
G1 X239.831 Y203.528
G1 X239.831 Y203.381
G1 X239.684 Y203.235
G1 X239.538 Y203.088
G1 X239.538 Y202.942
G1 X239.392 Y202.796
G1 X239.392 Y202.649
G1 X239.245 Y202.503
G1 X239.245 Y202.356
G1 X239.099 Y202.210
G1 X239.099 Y201.478
G1 X238.952 Y201.332
G1 X238.806 Y201.185
G1 X238.806 Y200.600
G1 X238.660 Y200.453
G1 X238.660 Y200.014
G1 X238.513 Y199.868
G1 X238.513 Y198.989
G1 X238.367 Y198.843
G1 X238.367 Y198.257
G1 X238.220 Y198.111
G1 X238.220 Y197.672
G1 X238.074 Y197.525
G1 X238.074 Y197.232
G1 X237.928 Y197.086
G1 X237.781 Y196.940
G1 X237.635 Y196.940
G1 X237.342 Y196.647
G1 X237.196 Y196.500
G1 X237.049 Y196.354
G1 X236.903 Y196.208
G1 X236.756 Y196.208
G1 X236.610 Y196.061
G1 X236.610 Y195.329
G1 X236.464 Y195.183
G1 X236.464 Y193.572
G1 X236.171 Y193.572
G1 X236.024 Y193.426
G1 X235.878 Y193.279
G1 X235.732 Y193.133
G1 X235.585 Y192.987
G1 X235.439 Y192.840
G1 X235.292 Y192.694
G1 X235.146 Y192.547
G1 X235.000 Y192.401
G1 X234.853 Y192.255
G1 X234.853 Y192.108
G1 X234.707 Y191.962
G1 X234.707 Y191.523
G1 X234.560 Y191.376
G1 X234.560 Y190.791
G1 X234.414 Y190.644
G1 X234.414 Y190.351
G1 X234.268 Y190.205
G1 X234.268 Y189.619
G1 X234.121 Y189.473
G1 X234.121 Y189.180
G1 X233.975 Y189.034
G1 X233.975 Y188.741
G1 X233.828 Y188.595
G1 X233.828 Y188.302
G1 X233.682 Y188.155
G1 X233.682 Y187.862
G1 X233.536 Y187.716
G1 X233.536 Y187.570
G1 X233.243 Y187.277
G1 X233.243 Y187.130
G1 X233.096 Y186.984
G1 X233.096 Y186.838
G1 X232.950 Y186.691
G1 X232.511 Y186.252
G1 X232.364 Y186.106
G1 X232.218 Y185.959
G1 X232.071 Y185.813
G1 X231.925 Y185.666
G1 X231.779 Y185.520
G1 X231.632 Y185.520
G1 X231.486 Y185.374
G1 X231.339 Y185.374
G1 X231.193 Y185.227
G1 X231.047 Y185.081
G1 X230.900 Y185.081
G1 X230.754 Y184.934
G1 X230.607 Y184.934
G1 X230.461 Y184.788
G1 X230.315 Y184.788
G1 X230.168 Y184.642
G1 X229.875 Y184.642
G1 X229.729 Y184.495
G1 X229.290 Y184.495
G1 X229.143 Y184.349
G1 X228.558 Y184.349
G1 X228.411 Y184.202
G1 X228.119 Y184.202
G1 X227.972 Y184.056
G1 X227.533 Y184.056
G1 X227.387 Y183.910
G1 X227.094 Y183.910
G1 X226.947 Y183.763
G1 X226.508 Y183.763
G1 X226.215 Y183.470
G1 X225.776 Y183.470
G1 X225.630 Y183.324
G1 X225.337 Y183.324
G1 X225.190 Y183.178
G1 X224.898 Y183.178
G1 X224.751 Y183.031
G1 X224.312 Y183.031
G1 X224.166 Y182.885
G1 X223.726 Y182.885
G1 X223.580 Y182.738
G1 X223.287 Y182.738
G1 X223.141 Y182.592
G1 X222.702 Y182.592
G1 X222.555 Y182.446
G1 X222.116 Y182.446
G1 X221.970 Y182.299
G1 X221.530 Y182.299
G1 X221.384 Y182.153
G1 X220.945 Y182.153
G1 X220.798 Y182.006
G1 X220.359 Y182.006
G1 X220.213 Y181.860
G1 X219.481 Y181.860
G1 X219.334 Y181.714
G1 X218.749 Y181.714
G1 X218.602 Y181.567
G1 X217.724 Y181.567
G1 X217.577 Y181.421
G1 X215.089 Y181.421
G1 X214.942 Y181.274
G1 X212.600 Y181.274
G1 X212.453 Y181.421
G1 X211.429 Y181.421
G1 X211.282 Y181.567
G1 X210.257 Y181.567
G1 X210.111 Y181.714
G1 X209.379 Y181.714
G1 X209.232 Y181.860
G1 X208.208 Y181.860
G1 X208.061 Y182.006
G1 X207.329 Y182.006
G1 X207.183 Y182.153
G1 X206.744 Y182.153
G1 X206.597 Y182.299
G1 X206.158 Y182.299
G1 X206.012 Y182.446
G1 X205.572 Y182.446
G1 X205.426 Y182.592
G1 X205.133 Y182.592
G1 X204.987 Y182.738
G1 X204.401 Y182.738
G1 X204.255 Y182.885
G1 X203.816 Y182.885
G1 X203.669 Y183.031
G1 X203.230 Y183.031
G1 X203.084 Y183.178
G1 X202.791 Y183.178
G1 X202.644 Y183.324
G1 X202.205 Y183.324
G1 X202.059 Y183.470
G1 X201.766 Y183.470
G1 X201.619 Y183.617
G1 X201.180 Y183.617
G1 X200.887 Y183.910
G1 X200.448 Y183.910
G1 X200.302 Y184.056
G1 X200.009 Y184.056
G1 X199.863 Y184.202
G1 X199.423 Y184.202
G1 X199.277 Y184.349
G1 X198.984 Y184.349
G1 X198.838 Y184.495
G1 X198.545 Y184.495
G1 X198.399 Y184.642
G1 X198.106 Y184.642
G1 X197.959 Y184.788
G1 X197.813 Y184.934
G1 X197.667 Y185.081
G1 X197.520 Y185.227
G1 X197.374 Y185.374
G1 X197.227 Y185.520
G1 X197.081 Y185.666
G1 X196.935 Y185.813
G1 X196.788 Y185.959
G1 X196.642 Y186.106
G1 X196.642 Y186.984
G1 X196.495 Y187.130
G1 X196.495 Y189.473
G1 X196.349 Y189.619
G1 X196.349 Y192.547
G1 X196.495 Y192.694
G1 X196.495 Y194.451
G1 X196.642 Y194.597
G1 X196.642 Y195.036
G1 X196.788 Y195.183
G1 X196.788 Y195.768
G1 X196.935 Y195.915
G1 X196.935 Y196.647
G1 X197.081 Y196.793
G1 X197.081 Y197.232
G1 X197.227 Y197.379
G1 X197.227 Y197.525
G1 X197.374 Y197.672
G1 X197.374 Y197.818
G1 X197.520 Y197.964
G1 X197.520 Y198.257
G1 X197.667 Y198.404
G1 X197.667 Y198.550
G1 X197.813 Y198.696
G1 X197.813 Y198.843
G1 X197.959 Y198.989
G1 X197.959 Y199.282
G1 X198.106 Y199.428
G1 X198.252 Y199.575
G1 X198.252 Y199.721
G1 X198.399 Y199.868
G1 X198.399 Y200.014
G1 X198.545 Y200.160
G1 X198.691 Y200.307
G1 X198.838 Y200.453
G1 X198.838 Y200.600
G1 X198.984 Y200.746
G1 X199.131 Y200.892
G1 X199.277 Y201.039
G1 X199.277 Y201.185
G1 X199.423 Y201.332
G1 X199.570 Y201.478
G1 X200.009 Y201.917
G1 X200.155 Y202.064
G1 X200.302 Y202.210
G1 X200.741 Y202.649
G1 X200.887 Y202.796
G1 X201.034 Y202.942
G1 X201.180 Y203.088
G1 X201.180 Y203.235
G1 X201.327 Y203.381
G1 X201.473 Y203.528
G1 X201.912 Y203.967
G1 X202.059 Y204.113
G1 X202.205 Y204.260
G1 X202.351 Y204.406
G1 X202.351 Y204.553
G1 X202.498 Y204.699
G1 X203.816 Y206.017
G1 X203.816 Y206.163
G1 X203.962 Y206.309
G1 X204.108 Y206.456
G1 X204.255 Y206.602
G1 X204.401 Y206.749
G1 X204.548 Y206.895
G1 X204.694 Y207.041
G1 X204.840 Y207.188
G1 X204.987 Y207.334
G1 X205.133 Y207.481
G1 X205.280 Y207.627
G1 X205.426 Y207.773
G1 X205.572 Y207.920
G1 X205.719 Y208.066
G1 X205.865 Y208.213
G1 X205.865 Y208.359
G1 X206.012 Y208.505
G1 X206.158 Y208.652
G1 X206.597 Y209.091
G1 X206.744 Y209.237
G1 X206.890 Y209.384
G1 X207.329 Y209.823
G1 X207.476 Y209.969
G1 X207.622 Y210.116
G1 X208.061 Y210.555
G1 X208.061 Y210.701
G1 X208.354 Y210.994
G1 X208.500 Y211.141
G1 X208.647 Y211.287
G1 X208.793 Y211.434
G1 X208.940 Y211.580
G1 X209.086 Y211.726
G1 X209.232 Y211.873
G1 X209.379 Y212.019
G1 X209.525 Y212.166
G1 X209.672 Y212.312
G1 X209.818 Y212.458
G1 X209.964 Y212.605
G1 X210.111 Y212.751
G1 X210.111 Y212.898
G1 X210.257 Y213.044
G1 X210.404 Y213.190
G1 X210.550 Y213.337
G1 X210.697 Y213.483
G1 X210.843 Y213.630
G1 X210.989 Y213.776
G1 X211.136 Y213.922
G1 X211.282 Y214.069
G1 X211.429 Y214.215
G1 X211.575 Y214.362
G1 X211.721 Y214.508
G1 X211.868 Y214.654
G1 X212.014 Y214.801
G1 X212.161 Y214.947
G1 X212.307 Y215.094
G1 X212.453 Y215.240
G1 X212.600 Y215.386
G1 X212.746 Y215.533
G1 X212.893 Y215.679
G1 X213.039 Y215.826
G1 X213.185 Y215.972
G1 X213.332 Y216.118
G1 X213.478 Y216.265
G1 X213.625 Y216.411
G1 X213.771 Y216.558
G1 X213.917 Y216.704
G1 X214.064 Y216.850
G1 X214.210 Y216.997
G1 X214.357 Y217.143
G1 X214.503 Y217.290
G1 X214.649 Y217.436
G1 X214.796 Y217.582
G1 X214.942 Y217.729
G1 X215.089 Y217.875
G1 X215.235 Y218.022
G1 X215.381 Y218.022
G1 X215.528 Y218.168
G1 X215.674 Y218.315
G1 X215.821 Y218.315
G1 X216.260 Y218.754
G1 X215.821 Y218.315
G1 X215.674 Y218.315
G1 X215.528 Y218.168
G1 X215.381 Y218.022
G1 X215.235 Y218.022
G1 X215.089 Y217.875
G1 X214.942 Y217.729
G1 X214.796 Y217.582
G1 X214.649 Y217.436
G1 X214.503 Y217.290
G1 X214.357 Y217.143
G1 X214.210 Y216.997
G1 X214.064 Y216.850
G1 X213.917 Y216.704
G1 X213.771 Y216.558
G1 X213.625 Y216.411
G1 X213.478 Y216.265
G1 X213.332 Y216.118
G1 X213.185 Y215.972
G1 X213.039 Y215.826
G1 X212.893 Y215.679
G1 X212.746 Y215.533
G1 X212.600 Y215.386
G1 X212.453 Y215.240
G1 X212.307 Y215.094
G1 X212.161 Y214.947
G1 X212.014 Y214.801
G1 X211.868 Y214.654
G1 X211.721 Y214.508
G1 X211.575 Y214.362
G1 X211.429 Y214.215
G1 X211.282 Y214.069
G1 X211.136 Y213.922
G1 X210.989 Y213.776
G1 X210.843 Y213.630
G1 X210.697 Y213.483
G1 X210.550 Y213.337
G1 X210.404 Y213.190
G1 X210.257 Y213.044
G1 X210.111 Y212.898
G1 X210.111 Y212.751
G1 X209.964 Y212.605
G1 X209.818 Y212.458
G1 X209.672 Y212.312
G1 X209.525 Y212.166
G1 X209.379 Y212.019
G1 X209.232 Y211.873
G1 X209.086 Y211.726
G1 X208.940 Y211.580
G1 X208.793 Y211.434
G1 X208.647 Y211.287
G1 X208.500 Y211.141
G1 X208.354 Y210.994
G1 X208.061 Y210.701
G1 X208.061 Y210.555
G1 X207.622 Y210.116
G1 X207.476 Y209.969
G1 X207.329 Y209.823
G1 X206.890 Y209.384
G1 X206.744 Y209.237
G1 X206.597 Y209.091
G1 X206.158 Y208.652
G1 X206.012 Y208.505
G1 X205.865 Y208.359
G1 X205.865 Y208.213
G1 X205.719 Y208.066
G1 X205.572 Y207.920
G1 X205.426 Y207.773
G1 X205.280 Y207.627
G1 X205.133 Y207.481
G1 X204.987 Y207.334
G1 X204.840 Y207.188
G1 X204.694 Y207.041
G1 X204.548 Y206.895
G1 X204.401 Y206.749
G1 X204.255 Y206.602
G1 X204.108 Y206.456
G1 X203.962 Y206.309
G1 X203.816 Y206.163
G1 X203.816 Y206.017
G1 X202.498 Y204.699
G1 X202.351 Y204.553
G1 X202.351 Y204.406
G1 X202.205 Y204.260
G1 X202.059 Y204.113
G1 X201.912 Y203.967
G1 X201.473 Y203.528
G1 X201.327 Y203.381
G1 X201.180 Y203.235
G1 X201.180 Y203.088
G1 X201.034 Y202.942
G1 X200.887 Y202.796
G1 X200.741 Y202.649
G1 X200.302 Y202.210
G1 X200.155 Y202.064
G1 X200.009 Y201.917
G1 X199.570 Y201.478
G1 X199.423 Y201.332
G1 X199.277 Y201.185
G1 X199.277 Y201.039
G1 X199.131 Y200.892
G1 X198.984 Y200.746
G1 X198.838 Y200.600
G1 X198.838 Y200.453
G1 X198.691 Y200.307
G1 X198.545 Y200.160
G1 X198.399 Y200.014
G1 X198.399 Y199.868
G1 X198.252 Y199.721
G1 X198.252 Y199.575
G1 X198.106 Y199.428
G1 X197.959 Y199.282
G1 X197.959 Y198.989
G1 X197.813 Y198.843
G1 X197.813 Y198.696
G1 X197.667 Y198.550
G1 X197.667 Y198.404
G1 X197.520 Y198.257
G1 X197.520 Y197.964
G1 X197.374 Y197.818
G1 X197.374 Y197.672
G1 X197.227 Y197.525
G1 X197.227 Y197.379
G1 X197.081 Y197.232
G1 X197.081 Y196.793
G1 X196.935 Y196.647
G1 X196.935 Y195.915
G1 X196.788 Y195.768
G1 X196.788 Y195.183
G1 X196.642 Y195.036
G1 X196.642 Y194.597
G1 X196.495 Y194.451
G1 X196.495 Y192.694
G1 X196.349 Y192.547
G1 X196.349 Y189.619
G1 X196.495 Y189.473
G1 X196.495 Y187.130
G1 X196.642 Y186.984
G1 X196.642 Y186.106
G1 X196.788 Y185.959
G1 X196.935 Y185.813
G1 X197.081 Y185.666
G1 X197.227 Y185.520
G1 X197.374 Y185.374
G1 X197.520 Y185.227
G1 X197.667 Y185.081
G1 X197.813 Y184.934
G1 X197.959 Y184.788
G1 X198.106 Y184.642
G1 X198.399 Y184.642
G1 X198.545 Y184.495
G1 X198.838 Y184.495
G1 X198.984 Y184.349
G1 X199.277 Y184.349
G1 X199.423 Y184.202
G1 X199.863 Y184.202
G1 X200.009 Y184.056
G1 X200.302 Y184.056
G1 X200.448 Y183.910
G1 X200.887 Y183.910
G1 X201.180 Y183.617
G1 X201.619 Y183.617
G1 X201.766 Y183.470
G1 X202.059 Y183.470
G1 X202.205 Y183.324
G1 X202.644 Y183.324
G1 X202.791 Y183.178
G1 X203.084 Y183.178
G1 X203.230 Y183.031
G1 X203.669 Y183.031
G1 X203.816 Y182.885
G1 X204.255 Y182.885
G1 X204.401 Y182.738
G1 X204.987 Y182.738
G1 X205.133 Y182.592
G1 X205.426 Y182.592
G1 X205.572 Y182.446
G1 X206.012 Y182.446
G1 X206.158 Y182.299
G1 X206.597 Y182.299
G1 X206.744 Y182.153
G1 X207.183 Y182.153
G1 X207.329 Y182.006
G1 X208.061 Y182.006
G1 X208.208 Y181.860
G1 X209.232 Y181.860
G1 X209.379 Y181.714
G1 X210.111 Y181.714
G1 X210.257 Y181.567
G1 X211.282 Y181.567
G1 X211.429 Y181.421
G1 X212.453 Y181.421
G1 X212.600 Y181.274
G1 X214.942 Y181.274
G1 X215.089 Y181.421
G1 X217.577 Y181.421
G1 X217.724 Y181.567
G1 X218.602 Y181.567
G1 X218.749 Y181.714
G1 X219.334 Y181.714
G1 X219.481 Y181.860
G1 X220.213 Y181.860
G1 X220.359 Y182.006
G1 X220.798 Y182.006
G1 X220.945 Y182.153
G1 X221.384 Y182.153
G1 X221.530 Y182.299
G1 X221.970 Y182.299
G1 X222.116 Y182.446
G1 X222.555 Y182.446
G1 X222.702 Y182.592
G1 X223.141 Y182.592
G1 X223.287 Y182.738
G1 X223.580 Y182.738
G1 X223.726 Y182.885
G1 X224.166 Y182.885
G1 X224.312 Y183.031
G1 X224.751 Y183.031
G1 X224.898 Y183.178
G1 X225.190 Y183.178
G1 X225.337 Y183.324
G1 X225.630 Y183.324
G1 X225.776 Y183.470
G1 X226.215 Y183.470
G1 X226.508 Y183.763
G1 X226.947 Y183.763
G1 X227.094 Y183.910
G1 X227.387 Y183.910
G1 X227.533 Y184.056
G1 X227.972 Y184.056
G1 X228.119 Y184.202
G1 X228.411 Y184.202
G1 X228.558 Y184.349
G1 X229.143 Y184.349
G1 X229.290 Y184.495
G1 X229.729 Y184.495
G1 X229.875 Y184.642
G1 X230.168 Y184.642
G1 X230.315 Y184.788
G1 X230.461 Y184.788
G1 X230.607 Y184.934
G1 X230.754 Y184.934
G1 X230.900 Y185.081
G1 X231.047 Y185.081
G1 X231.193 Y185.227
G1 X231.339 Y185.374
G1 X231.486 Y185.374
G1 X231.632 Y185.520
G1 X231.779 Y185.520
G1 X231.925 Y185.666
G1 X232.071 Y185.813
G1 X232.218 Y185.959
G1 X232.364 Y186.106
G1 X232.511 Y186.252
G1 X232.950 Y186.691
G1 X233.096 Y186.838
G1 X233.096 Y186.984
G1 X233.243 Y187.130
G1 X233.243 Y187.277
G1 X233.536 Y187.570
G1 X233.536 Y187.716
G1 X233.682 Y187.862
G1 X233.682 Y188.155
G1 X233.828 Y188.302
G1 X233.828 Y188.595
G1 X233.975 Y188.741
G1 X233.975 Y189.034
G1 X234.121 Y189.180
G1 X234.121 Y189.473
G1 X234.268 Y189.619
G1 X234.268 Y190.205
G1 X234.414 Y190.351
G1 X234.414 Y190.644
G1 X234.560 Y190.791
G1 X234.560 Y191.376
G1 X234.707 Y191.523
G1 X234.707 Y191.962
G1 X234.853 Y192.108
G1 X234.853 Y192.255
G1 X235.000 Y192.401
G1 X235.146 Y192.547
G1 X235.292 Y192.694
G1 X235.439 Y192.840
G1 X235.585 Y192.987
G1 X235.732 Y193.133
G1 X235.878 Y193.279
G1 X236.024 Y193.426
G1 X236.171 Y193.572
G1 X236.610 Y193.572
G1 X236.610 Y193.426
G1 X236.756 Y193.279
G1 X236.903 Y193.133
G1 X237.342 Y192.694
G1 X237.488 Y192.547
G1 X237.488 Y190.791
G1 X237.342 Y190.644
G1 X237.342 Y185.520
G1 X237.488 Y185.374
G1 X237.488 Y184.934
G1 X237.635 Y184.788
G1 X237.635 Y184.495
G1 X237.781 Y184.349
G1 X237.781 Y184.056
G1 X237.928 Y183.910
G1 X237.928 Y183.763
G1 X238.074 Y183.617
G1 X238.074 Y183.470
G1 X238.220 Y183.324
G1 X238.220 Y183.178
G1 X239.392 Y182.006
G1 X239.538 Y182.006
G1 X239.684 Y181.860
G1 X239.831 Y181.714
G1 X239.977 Y181.567
G1 X240.124 Y181.567
G1 X240.563 Y181.128
G1 X240.709 Y181.128
G1 X240.856 Y180.982
G1 X241.002 Y180.982
G1 X241.149 Y180.835
G1 X241.295 Y180.835
G1 X241.734 Y180.396
G1 X241.881 Y180.396
G1 X242.027 Y180.249
G1 X242.173 Y180.103
G1 X242.320 Y180.103
G1 X242.466 Y179.957
G1 X242.613 Y179.957
G1 X242.759 Y179.810
G1 X243.052 Y179.810
G1 X243.345 Y179.517
G1 X243.491 Y179.517
G1 X243.637 Y179.371
G1 X243.784 Y179.371
G1 X243.930 Y179.225
G1 X244.077 Y179.225
G1 X244.223 Y179.078
G1 X244.369 Y179.078
G1 X244.516 Y178.932
G1 X244.662 Y178.932
G1 X244.809 Y178.785
G1 X244.955 Y178.785
G1 X245.101 Y178.639
G1 X245.248 Y178.639
G1 X245.394 Y178.493
G1 X245.541 Y178.493
G1 X245.687 Y178.346
G1 X245.980 Y178.346
G1 X246.126 Y178.200
G1 X246.273 Y178.200
G1 X246.419 Y178.053
G1 X246.565 Y178.053
G1 X246.712 Y177.907
G1 X247.005 Y177.907
G1 X247.151 Y177.761
G1 X247.444 Y177.761
G1 X247.590 Y177.614
G1 X247.883 Y177.614
G1 X248.030 Y177.468
G1 X248.322 Y177.468
G1 X248.469 Y177.321
G1 X248.762 Y177.321
G1 X248.908 Y177.175
G1 X249.201 Y177.175
G1 X249.347 Y177.029
G1 X249.640 Y177.029
G1 X249.786 Y176.882
G1 X250.079 Y176.882
G1 X250.226 Y176.736
G1 X250.518 Y176.736
G1 X250.665 Y176.589
G1 X250.811 Y176.589
G1 X250.958 Y176.443
G1 X251.397 Y176.443
G1 X251.543 Y176.297
G1 X251.836 Y176.297
G1 X251.982 Y176.150
G1 X252.129 Y176.150
G1 X252.275 Y176.004
G1 X252.568 Y176.004
G1 X252.714 Y175.857
G1 X253.007 Y175.857
G1 X253.154 Y175.711
G1 X253.446 Y175.711
G1 X253.593 Y175.565
G1 X253.886 Y175.565
G1 X254.032 Y175.418
G1 X254.325 Y175.418
G1 X254.471 Y175.272
G1 X254.910 Y175.272
G1 X255.057 Y175.125
G1 X255.350 Y175.125
G1 X255.496 Y174.979
G1 X255.789 Y174.979
G1 X255.935 Y174.833
G1 X256.228 Y174.833
G1 X256.375 Y174.686
G1 X256.667 Y174.686
G1 X256.814 Y174.540
G1 X257.253 Y174.540
G1 X257.399 Y174.393
G1 X257.839 Y174.393
G1 X257.985 Y174.247
G1 X258.278 Y174.247
G1 X258.424 Y174.101
G1 X258.863 Y174.101
G1 X259.010 Y173.954
G1 X259.595 Y173.954
G1 X259.742 Y173.808
G1 X260.181 Y173.808
G1 X260.327 Y173.661
G1 X262.670 Y173.661
G1 X262.816 Y173.808
G1 X263.548 Y173.808
G1 X263.695 Y173.954
G1 X264.427 Y173.954
G1 X264.573 Y174.101
G1 X265.159 Y174.101
G1 X265.305 Y174.247
G1 X265.452 Y174.247
G1 X265.598 Y174.393
G1 X266.184 Y174.393
G1 X266.330 Y174.540
G1 X266.769 Y174.540
G1 X266.916 Y174.686
G1 X267.208 Y174.686
G1 X267.355 Y174.833
G1 X267.794 Y174.833
G1 X267.940 Y174.979
G1 X268.233 Y174.979
G1 X268.380 Y175.125
G1 X268.672 Y175.125
G1 X268.819 Y175.272
G1 X269.258 Y175.272
G1 X269.404 Y175.418
G1 X269.551 Y175.418
G1 X269.697 Y175.565
G1 X270.136 Y175.565
G1 X270.283 Y175.711
G1 X270.429 Y175.711
G1 X270.576 Y175.857
G1 X270.869 Y175.857
G1 X271.015 Y176.004
G1 X271.161 Y176.004
G1 X271.308 Y176.150
G1 X271.893 Y176.150
G1 X272.040 Y176.297
G1 X272.186 Y176.297
G1 X272.333 Y176.443
G1 X272.625 Y176.443
G1 X272.772 Y176.589
G1 X272.918 Y176.589
G1 X273.065 Y176.736
G1 X273.357 Y176.736
G1 X273.504 Y176.882
G1 X273.650 Y176.882
G1 X273.797 Y177.029
G1 X274.236 Y177.029
G1 X274.382 Y177.175
G1 X274.529 Y177.175
G1 X274.675 Y177.321
G1 X274.968 Y177.321
G1 X275.114 Y177.468
G1 X275.261 Y177.468
G1 X275.407 Y177.614
G1 X275.700 Y177.614
G1 X275.846 Y177.761
G1 X276.139 Y177.761
G1 X276.285 Y177.907
G1 X276.432 Y177.907
G1 X276.578 Y178.053
G1 X276.871 Y178.053
G1 X277.017 Y178.200
G1 X277.164 Y178.200
G1 X277.310 Y178.346
G1 X277.603 Y178.346
G1 X277.749 Y178.493
G1 X277.896 Y178.493
G1 X278.042 Y178.639
G1 X278.189 Y178.639
G1 X278.335 Y178.785
G1 X278.482 Y178.785
G1 X278.628 Y178.932
G1 X278.774 Y178.932
G1 X278.921 Y179.078
G1 X279.067 Y179.078
G1 X279.214 Y179.225
G1 X279.360 Y179.225
G1 X279.506 Y179.371
G1 X279.653 Y179.371
G1 X279.799 Y179.517
G1 X279.946 Y179.517
G1 X280.092 Y179.664
G1 X280.385 Y179.664
G1 X280.531 Y179.810
G1 X280.678 Y179.810
G1 X280.824 Y179.957
G1 X280.970 Y179.957
G1 X281.117 Y180.103
G1 X281.263 Y180.103
G1 X281.410 Y180.249
G1 X281.556 Y180.396
G1 X281.702 Y180.396
G1 X281.849 Y180.542
G1 X281.995 Y180.689
G1 X282.142 Y180.689
G1 X282.288 Y180.835
G1 X282.434 Y180.982
G1 X282.581 Y180.982
G1 X282.727 Y181.128
G1 X282.874 Y181.274
G1 X283.020 Y181.421
G1 X283.166 Y181.421
G1 X283.313 Y181.567
G1 X283.459 Y181.714
G1 X283.606 Y181.860
G1 X283.752 Y182.006
G1 X283.898 Y182.153
G1 X284.045 Y182.299
G1 X284.191 Y182.446
G1 X284.338 Y182.592
G1 X284.484 Y182.738
G1 X284.630 Y182.885
G1 X284.630 Y183.031
G1 X284.777 Y183.178
G1 X284.777 Y183.324
G1 X285.070 Y183.617
G1 X285.070 Y183.763
G1 X285.216 Y183.910
G1 X285.216 Y184.056
G1 X285.362 Y184.202
G1 X285.362 Y184.349
G1 X285.509 Y184.495
G1 X285.509 Y184.788
G1 X285.655 Y184.934
G1 X285.655 Y185.081
G1 X285.802 Y185.227
G1 X285.802 Y186.106
G1 X285.948 Y186.252
G1 X285.948 Y190.059
G1 X285.802 Y190.205
G1 X285.802 Y192.255
G1 X285.655 Y192.401
G1 X285.655 Y195.036
G1 X285.948 Y195.329
G1 X286.095 Y195.475
G1 X286.241 Y195.622
G1 X286.095 Y195.475
G1 X285.948 Y195.329
G1 X285.655 Y195.036
G1 X285.655 Y192.401
G1 X285.802 Y192.255
G1 X285.802 Y190.205
G1 X285.948 Y190.059
G1 X285.948 Y186.252
G1 X285.802 Y186.106
G1 X285.802 Y185.227
G1 X285.655 Y185.081
G1 X285.655 Y184.934
G1 X285.509 Y184.788
G1 X285.509 Y184.495
G1 X285.362 Y184.349
G1 X285.362 Y184.202
G1 X285.216 Y184.056
G1 X285.216 Y183.910
G1 X285.070 Y183.763
G1 X285.070 Y183.617
G1 X284.777 Y183.324
G1 X284.777 Y183.178
G1 X284.630 Y183.031
G1 X284.630 Y182.885
G1 X284.484 Y182.738
G1 X284.338 Y182.592
G1 X284.191 Y182.446
G1 X284.045 Y182.299
G1 X283.898 Y182.153
G1 X283.752 Y182.006
G1 X283.606 Y181.860
G1 X283.459 Y181.714
G1 X283.313 Y181.567
G1 X283.166 Y181.421
G1 X283.020 Y181.421
G1 X282.874 Y181.274
G1 X282.727 Y181.128
G1 X282.581 Y180.982
G1 X282.434 Y180.982
G1 X282.288 Y180.835
G1 X282.142 Y180.689
G1 X281.995 Y180.689
G1 X281.849 Y180.542
G1 X281.702 Y180.396
G1 X281.556 Y180.396
G1 X281.410 Y180.249
G1 X281.263 Y180.103
G1 X281.117 Y180.103
G1 X280.970 Y179.957
G1 X280.824 Y179.957
G1 X280.678 Y179.810
G1 X280.531 Y179.810
G1 X280.385 Y179.664
G1 X280.092 Y179.664
G1 X279.946 Y179.517
G1 X279.799 Y179.517
G1 X279.653 Y179.371
G1 X279.506 Y179.371
G1 X279.360 Y179.225
G1 X279.214 Y179.225
G1 X279.067 Y179.078
G1 X278.921 Y179.078
G1 X278.774 Y178.932
G1 X278.628 Y178.932
G1 X278.482 Y178.785
G1 X278.335 Y178.785
G1 X278.189 Y178.639
G1 X278.042 Y178.639
G1 X277.896 Y178.493
G1 X277.749 Y178.493
G1 X277.603 Y178.346
G1 X277.310 Y178.346
G1 X277.164 Y178.200
G1 X277.017 Y178.200
G1 X276.871 Y178.053
G1 X276.578 Y178.053
G1 X276.432 Y177.907
G1 X276.285 Y177.907
G1 X276.139 Y177.761
G1 X275.846 Y177.761
G1 X275.700 Y177.614
G1 X275.407 Y177.614
G1 X275.261 Y177.468
G1 X275.114 Y177.468
G1 X274.968 Y177.321
G1 X274.675 Y177.321
G1 X274.529 Y177.175
G1 X274.382 Y177.175
G1 X274.236 Y177.029
G1 X273.797 Y177.029
G1 X273.650 Y176.882
G1 X273.504 Y176.882
G1 X273.357 Y176.736
G1 X273.065 Y176.736
G1 X272.918 Y176.589
G1 X272.772 Y176.589
G1 X272.625 Y176.443
G1 X272.333 Y176.443
G1 X272.186 Y176.297
G1 X272.040 Y176.297
G1 X271.893 Y176.150
G1 X271.308 Y176.150
G1 X271.161 Y176.004
G1 X271.015 Y176.004
G1 X270.869 Y175.857
G1 X270.576 Y175.857
G1 X270.429 Y175.711
G1 X270.283 Y175.711
G1 X270.136 Y175.565
G1 X269.697 Y175.565
G1 X269.551 Y175.418
G1 X269.404 Y175.418
G1 X269.258 Y175.272
G1 X268.819 Y175.272
G1 X268.672 Y175.125
G1 X268.380 Y175.125
G1 X268.233 Y174.979
G1 X267.940 Y174.979
G1 X267.794 Y174.833
G1 X267.355 Y174.833
G1 X267.208 Y174.686
G1 X266.916 Y174.686
G1 X266.769 Y174.540
G1 X266.330 Y174.540
G1 X266.184 Y174.393
G1 X265.598 Y174.393
G1 X265.452 Y174.247
G1 X265.305 Y174.247
G1 X265.159 Y174.101
G1 X264.573 Y174.101
G1 X264.427 Y173.954
G1 X263.695 Y173.954
G1 X263.548 Y173.808
G1 X262.816 Y173.808
G1 X262.670 Y173.661
G1 X260.327 Y173.661
G1 X260.181 Y173.808
G1 X259.742 Y173.808
G1 X259.595 Y173.954
G1 X259.010 Y173.954
G1 X258.863 Y174.101
G1 X258.424 Y174.101
G1 X258.278 Y174.247
G1 X257.985 Y174.247
G1 X257.839 Y174.393
G1 X257.399 Y174.393
G1 X257.253 Y174.540
G1 X256.814 Y174.540
G1 X256.667 Y174.686
G1 X256.375 Y174.686
G1 X256.228 Y174.833
G1 X255.935 Y174.833
G1 X255.789 Y174.979
G1 X255.496 Y174.979
G1 X255.350 Y175.125
G1 X255.057 Y175.125
G1 X254.910 Y175.272
G1 X254.471 Y175.272
G1 X254.325 Y175.418
G1 X254.032 Y175.418
G1 X253.886 Y175.565
G1 X253.593 Y175.565
G1 X253.446 Y175.711
G1 X253.154 Y175.711
G1 X253.007 Y175.857
G1 X252.714 Y175.857
G1 X252.568 Y176.004
G1 X252.275 Y176.004
G1 X252.129 Y176.150
G1 X251.982 Y176.150
G1 X251.836 Y176.297
G1 X251.543 Y176.297
G1 X251.397 Y176.443
G1 X250.958 Y176.443
G1 X250.811 Y176.589
G1 X250.665 Y176.589
G1 X250.518 Y176.736
G1 X250.226 Y176.736
G1 X250.079 Y176.882
G1 X249.786 Y176.882
G1 X249.640 Y177.029
G1 X249.347 Y177.029
G1 X249.201 Y177.175
G1 X248.908 Y177.175
G1 X248.762 Y177.321
G1 X248.469 Y177.321
G1 X248.322 Y177.468
G1 X248.030 Y177.468
G1 X247.883 Y177.614
G1 X247.590 Y177.614
G1 X247.444 Y177.761
G1 X247.151 Y177.761
G1 X247.005 Y177.907
G1 X246.712 Y177.907
G1 X246.565 Y178.053
G1 X246.419 Y178.053
G1 X246.273 Y178.200
G1 X246.126 Y178.200
G1 X245.980 Y178.346
G1 X245.687 Y178.346
G1 X245.541 Y178.493
G1 X245.394 Y178.493
G1 X245.248 Y178.639
G1 X245.101 Y178.639
G1 X244.955 Y178.785
G1 X244.809 Y178.785
G1 X244.662 Y178.932
G1 X244.516 Y178.932
G1 X244.369 Y179.078
G1 X244.223 Y179.078
G1 X244.077 Y179.225
G1 X243.930 Y179.225
G1 X243.784 Y179.371
G1 X243.637 Y179.371
G1 X243.491 Y179.517
G1 X243.345 Y179.517
G1 X243.052 Y179.810
G1 X242.759 Y179.810
G1 X242.613 Y179.957
G1 X242.466 Y179.957
G1 X242.320 Y180.103
G1 X242.173 Y180.103
G1 X242.027 Y180.249
G1 X241.881 Y180.396
G1 X241.734 Y180.396
G1 X241.295 Y180.835
G1 X241.149 Y180.835
G1 X241.002 Y180.982
G1 X240.856 Y180.982
G1 X240.709 Y181.128
G1 X240.563 Y181.128
G1 X240.124 Y181.567
G1 X239.977 Y181.567
G1 X239.831 Y181.714
G1 X239.684 Y181.860
G1 X239.538 Y182.006
G1 X239.392 Y182.006
G1 X238.220 Y183.178
G1 X238.220 Y183.324
G1 X238.074 Y183.470
G1 X238.074 Y183.617
G1 X237.928 Y183.763
G1 X237.928 Y183.910
G1 X237.781 Y184.056
G1 X237.781 Y184.349
G1 X237.635 Y184.495
G1 X237.635 Y184.788
G1 X237.488 Y184.934
G1 X237.488 Y185.374
G1 X237.342 Y185.520
G1 X237.342 Y190.644
G1 X237.488 Y190.791
G1 X237.488 Y192.547
G1 X237.342 Y192.694
G1 X236.903 Y193.133
G1 X236.756 Y193.279
G1 X236.610 Y193.426
G1 X236.610 Y193.572
G1 X236.464 Y193.572
G1 X236.464 Y195.183
G1 X236.610 Y195.329
G1 X236.610 Y196.061
G1 X236.464 Y196.208
G1 X236.317 Y196.354
G1 X235.878 Y196.793
G1 X235.732 Y196.940
G1 X235.585 Y197.086
G1 X235.439 Y197.232
G1 X235.439 Y200.600
G1 X235.292 Y200.746
G1 X235.292 Y201.917
G1 X235.146 Y202.064
G1 X235.146 Y202.796
G1 X235.000 Y202.942
G1 X235.000 Y203.235
G1 X234.853 Y203.381
G1 X234.853 Y203.528
G1 X234.707 Y203.674
G1 X234.707 Y203.821
G1 X234.560 Y203.967
G1 X234.414 Y204.113
G1 X234.414 Y204.260
G1 X233.975 Y204.699
G1 X233.828 Y204.845
G1 X233.682 Y204.992
G1 X233.243 Y205.431
G1 X233.096 Y205.577
G1 X232.950 Y205.724
G1 X232.804 Y205.724
G1 X232.657 Y205.870
G1 X232.511 Y206.017
G1 X232.364 Y206.017
G1 X232.218 Y206.163
G1 X232.071 Y206.163
G1 X231.925 Y206.309
G1 X231.779 Y206.456
G1 X231.632 Y206.602
G1 X231.486 Y206.602
G1 X231.339 Y206.749
G1 X231.193 Y206.749
G1 X231.047 Y206.895
G1 X230.900 Y207.041
G1 X230.754 Y207.188
G1 X230.607 Y207.334
G1 X230.461 Y207.481
G1 X230.315 Y207.481
G1 X230.168 Y207.627
G1 X229.875 Y207.920
G1 X229.729 Y207.920
G1 X229.290 Y208.359
G1 X229.143 Y208.359
G1 X228.997 Y208.505
G1 X228.851 Y208.652
G1 X228.704 Y208.798
G1 X228.558 Y208.798
G1 X227.679 Y209.677
G1 X227.533 Y209.677
G1 X227.387 Y209.823
G1 X227.240 Y209.969
G1 X227.094 Y210.116
G1 X226.947 Y210.262
G1 X226.801 Y210.409
G1 X226.655 Y210.409
G1 X226.508 Y210.555
G1 X226.069 Y210.994
G1 X225.923 Y211.141
G1 X225.776 Y211.141
G1 X225.191 Y211.726
G1 X225.044 Y211.726
G1 X224.898 Y211.873
G1 X224.751 Y212.019
G1 X224.605 Y212.166
G1 X224.458 Y212.312
G1 X224.312 Y212.458
G1 X224.166 Y212.458
G1 X223.287 Y213.337
G1 X223.141 Y213.337
G1 X222.994 Y213.483
G1 X222.848 Y213.630
G1 X222.702 Y213.776
G1 X222.555 Y213.922
G1 X222.409 Y214.069
G1 X222.262 Y214.215
G1 X222.116 Y214.215
G1 X221.970 Y214.362
G1 X221.823 Y214.508
G1 X221.530 Y214.801
G1 X221.384 Y214.801
G1 X220.945 Y215.240
G1 X220.798 Y215.386
G1 X220.652 Y215.533
G1 X220.213 Y215.972
G1 X220.066 Y216.118
G1 X219.920 Y216.265
G1 X219.774 Y216.265
G1 X219.627 Y216.411
G1 X219.481 Y216.558
G1 X219.334 Y216.704
G1 X219.188 Y216.850
G1 X219.042 Y216.997
G1 X218.895 Y217.143
G1 X218.749 Y217.290
G1 X218.602 Y217.436
G1 X218.456 Y217.582
G1 X218.310 Y217.729
G1 X218.163 Y217.875
G1 X218.017 Y218.022
G1 X217.870 Y218.168
G1 X217.724 Y218.168
G1 X217.431 Y218.461
G1 X217.138 Y218.461
G1 X216.992 Y218.607
G1 X216.699 Y218.607
G1 X216.553 Y218.754
G1 X216.406 Y218.754
G1 X216.553 Y218.754
G1 X216.699 Y218.607
G1 X216.992 Y218.607
G1 X217.138 Y218.461
G1 X217.431 Y218.461
G1 X217.724 Y218.168
G1 X217.870 Y218.168
G1 X218.017 Y218.022
G1 X218.163 Y217.875
G1 X218.310 Y217.729
G1 X218.456 Y217.582
G1 X218.602 Y217.436
G1 X218.749 Y217.290
G1 X218.895 Y217.143
G1 X219.042 Y216.997
G1 X219.188 Y216.850
G1 X219.334 Y216.704
G1 X219.481 Y216.558
G1 X219.627 Y216.411
G1 X219.774 Y216.265
G1 X219.920 Y216.265
G1 X220.066 Y216.118
G1 X220.213 Y215.972
G1 X220.652 Y215.533
G1 X220.798 Y215.386
G1 X220.945 Y215.240
G1 X221.384 Y214.801
G1 X221.530 Y214.801
G1 X221.823 Y214.508
G1 X221.970 Y214.362
G1 X222.116 Y214.215
G1 X222.262 Y214.215
G1 X222.409 Y214.069
G1 X222.555 Y213.922
G1 X222.702 Y213.776
G1 X222.848 Y213.630
G1 X222.994 Y213.483
G1 X223.141 Y213.337
G1 X223.287 Y213.337
G1 X224.166 Y212.458
G1 X224.312 Y212.458
G1 X224.458 Y212.312
G1 X224.605 Y212.166
G1 X224.751 Y212.019
G1 X224.898 Y211.873
G1 X225.044 Y211.726
G1 X225.191 Y211.726
G1 X225.776 Y211.141
G1 X225.923 Y211.141
G1 X226.069 Y210.994
G1 X226.508 Y210.555
G1 X226.655 Y210.409
G1 X226.801 Y210.409
G1 X226.947 Y210.262
G1 X227.094 Y210.116
G1 X227.240 Y209.969
G1 X227.387 Y209.823
G1 X227.533 Y209.677
G1 X227.679 Y209.677
G1 X228.558 Y208.798
G1 X228.704 Y208.798
G1 X228.851 Y208.652
G1 X228.997 Y208.505
G1 X229.143 Y208.359
G1 X229.290 Y208.359
G1 X229.729 Y207.920
G1 X229.875 Y207.920
G1 X230.168 Y207.627
G1 X230.315 Y207.481
G1 X230.461 Y207.481
G1 X230.607 Y207.334
G1 X230.754 Y207.188
G1 X230.900 Y207.041
G1 X231.047 Y206.895
G1 X231.193 Y206.749
G1 X231.339 Y206.749
G1 X231.486 Y206.602
G1 X231.632 Y206.602
G1 X231.779 Y206.456
G1 X231.925 Y206.309
G1 X232.071 Y206.163
G1 X232.218 Y206.163
G1 X232.364 Y206.017
G1 X232.511 Y206.017
G1 X232.657 Y205.870
G1 X232.804 Y205.724
G1 X232.950 Y205.724
G1 X233.096 Y205.577
G1 X233.243 Y205.431
G1 X233.682 Y204.992
G1 X233.828 Y204.845
G1 X233.975 Y204.699
G1 X234.414 Y204.260
G1 X234.414 Y204.113
G1 X234.560 Y203.967
G1 X234.707 Y203.821
G1 X234.707 Y203.674
G1 X234.853 Y203.528
G1 X234.853 Y203.381
G1 X235.000 Y203.235
G1 X235.000 Y202.942
G1 X235.146 Y202.796
G1 X235.146 Y202.064
G1 X235.292 Y201.917
G1 X235.292 Y200.746
G1 X235.439 Y200.600
G1 X235.439 Y197.232
G1 X235.585 Y197.086
G1 X235.732 Y196.940
G1 X235.878 Y196.793
G1 X236.317 Y196.354
G1 X236.464 Y196.208
G1 X236.610 Y196.061
G1 X236.756 Y196.208
G1 X236.903 Y196.208
G1 X237.049 Y196.354
G1 X237.196 Y196.500
G1 X237.342 Y196.647
G1 X237.635 Y196.940
G1 X237.781 Y196.940
G1 X237.928 Y197.086
G1 X238.074 Y197.232
G1 X238.074 Y197.525
G1 X238.220 Y197.672
G1 X238.220 Y198.111
G1 X238.367 Y198.257
G1 X238.367 Y198.843
G1 X238.513 Y198.989
G1 X238.513 Y199.868
G1 X238.660 Y200.014
G1 X238.660 Y200.453
G1 X238.806 Y200.600
G1 X238.806 Y201.185
G1 X238.952 Y201.332
G1 X239.099 Y201.478
G1 X239.099 Y202.210
G1 X239.245 Y202.356
G1 X239.245 Y202.503
G1 X239.392 Y202.649
G1 X239.392 Y202.796
G1 X239.538 Y202.942
G1 X239.538 Y203.088
G1 X239.684 Y203.235
G1 X239.831 Y203.381
G1 X239.831 Y203.528
G1 X239.977 Y203.674
G1 X239.977 Y203.821
G1 X240.124 Y203.967
G1 X240.563 Y204.406
G1 X240.709 Y204.553
G1 X240.856 Y204.699
G1 X241.002 Y204.699
G1 X241.149 Y204.845
G1 X241.295 Y204.992
G1 X241.441 Y204.992
G1 X241.588 Y205.138
G1 X241.734 Y205.285
G1 X241.881 Y205.285
G1 X242.173 Y205.577
G1 X242.466 Y205.577
G1 X242.613 Y205.724
G1 X242.759 Y205.724
G1 X242.905 Y205.870
G1 X243.198 Y205.870
G1 X243.345 Y206.017
G1 X243.491 Y206.017
G1 X243.637 Y206.163
G1 X243.784 Y206.163
G1 X243.930 Y206.309
G1 X244.223 Y206.309
G1 X244.369 Y206.456
G1 X244.516 Y206.456
G1 X244.662 Y206.602
G1 X244.809 Y206.602
G1 X244.955 Y206.749
G1 X245.101 Y206.749
G1 X245.248 Y206.895
G1 X245.541 Y206.895
G1 X245.687 Y207.041
G1 X245.833 Y207.188
G1 X245.980 Y207.188
G1 X246.126 Y207.334
G1 X246.419 Y207.334
G1 X246.565 Y207.481
G1 X246.712 Y207.481
G1 X246.858 Y207.627
G1 X247.005 Y207.627
G1 X247.151 Y207.773
G1 X247.444 Y207.773
G1 X247.590 Y207.920
G1 X247.737 Y207.920
G1 X247.883 Y208.066
G1 X248.176 Y208.066
G1 X248.322 Y208.213
G1 X248.469 Y208.213
G1 X248.615 Y208.359
G1 X248.762 Y208.359
G1 X248.908 Y208.505
G1 X249.054 Y208.505
G1 X249.201 Y208.652
G1 X249.347 Y208.652
G1 X249.494 Y208.798
G1 X249.640 Y208.798
G1 X249.786 Y208.945
G1 X249.933 Y208.945
G1 X250.079 Y209.091
G1 X250.226 Y209.091
G1 X250.372 Y209.237
G1 X250.665 Y209.237
G1 X250.811 Y209.384
G1 X250.958 Y209.530
G1 X251.104 Y209.530
G1 X251.250 Y209.677
G1 X251.397 Y209.677
G1 X251.543 Y209.823
G1 X251.836 Y209.823
G1 X251.982 Y209.969
G1 X252.129 Y209.969
G1 X252.275 Y210.116
G1 X252.422 Y210.116
G1 X252.568 Y210.262
G1 X252.714 Y210.262
G1 X252.861 Y210.409
G1 X253.007 Y210.409
G1 X253.154 Y210.555
G1 X253.300 Y210.555
G1 X253.446 Y210.701
G1 X253.593 Y210.701
G1 X253.739 Y210.848
G1 X253.886 Y210.848
G1 X254.032 Y210.994
G1 X254.178 Y210.994
G1 X254.325 Y211.141
G1 X254.471 Y211.141
G1 X254.618 Y211.287
G1 X254.764 Y211.287
G1 X254.910 Y211.434
G1 X255.057 Y211.580
G1 X255.203 Y211.580
G1 X255.350 Y211.726
G1 X255.496 Y211.726
G1 X255.643 Y211.873
G1 X255.789 Y211.873
G1 X255.935 Y212.019
G1 X256.082 Y212.019
G1 X256.228 Y212.166
G1 X256.375 Y212.166
G1 X256.667 Y212.458
G1 X256.814 Y212.458
G1 X256.960 Y212.605
G1 X257.107 Y212.605
G1 X257.253 Y212.751
G1 X257.399 Y212.751
G1 X257.546 Y212.898
G1 X257.692 Y212.898
G1 X257.839 Y213.044
G1 X257.985 Y213.044
G1 X258.131 Y213.190
G1 X258.278 Y213.190
G1 X258.424 Y213.337
G1 X258.571 Y213.483
G1 X258.717 Y213.483
G1 X258.863 Y213.630
G1 X259.010 Y213.630
G1 X259.156 Y213.776
G1 X259.449 Y213.776
G1 X259.595 Y213.922
G1 X260.035 Y213.922
G1 X260.181 Y214.069
G1 X260.327 Y214.215
G1 X260.913 Y214.215
G1 X261.059 Y214.362
G1 X262.231 Y214.362
G1 X262.377 Y214.215
G1 X262.963 Y214.215
G1 X263.109 Y214.069
G1 X263.402 Y214.069
G1 X263.548 Y213.922
G1 X263.695 Y213.922
G1 X263.841 Y213.776
G1 X264.134 Y213.776
G1 X264.280 Y213.630
G1 X264.427 Y213.630
G1 X264.573 Y213.483
G1 X264.720 Y213.483
G1 X264.866 Y213.337
G1 X265.012 Y213.190
G1 X265.159 Y213.190
G1 X265.305 Y213.044
G1 X265.452 Y213.044
G1 X265.598 Y212.898
G1 X265.891 Y212.898
G1 X266.037 Y212.751
G1 X266.184 Y212.751
G1 X266.330 Y212.605
G1 X266.476 Y212.605
G1 X266.623 Y212.458
G1 X266.769 Y212.458
G1 X266.916 Y212.312
G1 X267.062 Y212.312
G1 X267.208 Y212.166
G1 X267.355 Y212.166
G1 X267.501 Y212.019
G1 X267.648 Y212.019
G1 X267.794 Y211.873
G1 X267.940 Y211.873
G1 X268.087 Y211.726
G1 X268.233 Y211.726
G1 X268.380 Y211.580
G1 X268.526 Y211.580
G1 X268.672 Y211.434
G1 X268.819 Y211.434
G1 X268.965 Y211.287
G1 X269.112 Y211.287
G1 X269.258 Y211.141
G1 X269.404 Y211.141
G1 X269.697 Y210.848
G1 X269.844 Y210.848
G1 X269.990 Y210.701
G1 X270.136 Y210.701
G1 X270.283 Y210.555
G1 X270.429 Y210.555
G1 X270.576 Y210.409
G1 X270.722 Y210.409
G1 X270.869 Y210.262
G1 X271.015 Y210.262
G1 X271.161 Y210.116
G1 X271.308 Y210.116
G1 X271.454 Y209.969
G1 X271.601 Y209.969
G1 X271.747 Y209.823
G1 X271.893 Y209.823
G1 X272.040 Y209.677
G1 X272.186 Y209.677
G1 X272.333 Y209.530
G1 X272.479 Y209.530
G1 X272.625 Y209.384
G1 X272.772 Y209.384
G1 X272.918 Y209.237
G1 X273.211 Y209.237
G1 X273.357 Y209.091
G1 X273.504 Y209.091
G1 X273.650 Y208.945
G1 X273.797 Y208.945
G1 X273.943 Y208.798
G1 X274.089 Y208.798
G1 X274.236 Y208.652
G1 X274.382 Y208.652
G1 X274.529 Y208.505
G1 X274.675 Y208.505
G1 X274.821 Y208.359
G1 X274.968 Y208.359
G1 X275.114 Y208.213
G1 X275.261 Y208.213
G1 X275.407 Y208.066
G1 X275.553 Y208.066
G1 X275.700 Y207.920
G1 X275.846 Y207.920
G1 X275.993 Y207.773
G1 X276.139 Y207.773
G1 X276.285 Y207.627
G1 X276.432 Y207.627
G1 X276.578 Y207.481
G1 X276.871 Y207.481
G1 X277.017 Y207.334
G1 X277.164 Y207.334
G1 X277.310 Y207.188
G1 X277.457 Y207.188
G1 X277.603 Y207.041
G1 X277.749 Y206.895
G1 X277.896 Y206.895
G1 X278.042 Y206.749
G1 X278.189 Y206.749
G1 X278.335 Y206.602
G1 X278.482 Y206.602
G1 X278.628 Y206.456
G1 X278.774 Y206.456
G1 X278.921 Y206.309
G1 X279.067 Y206.309
G1 X279.214 Y206.163
G1 X279.360 Y206.163
G1 X279.506 Y206.017
G1 X279.653 Y206.017
G1 X279.799 Y205.870
G1 X279.946 Y205.870
G1 X280.092 Y205.724
G1 X280.238 Y205.724
G1 X280.385 Y205.577
G1 X280.531 Y205.577
G1 X280.678 Y205.431
G1 X280.824 Y205.431
G1 X280.970 Y205.285
G1 X281.117 Y205.285
G1 X281.263 Y205.138
G1 X281.410 Y205.138
G1 X281.556 Y204.992
G1 X281.702 Y204.845
G1 X281.849 Y204.699
G1 X281.995 Y204.699
G1 X282.142 Y204.553
G1 X282.288 Y204.406
G1 X282.727 Y203.967
G1 X282.874 Y203.821
G1 X283.020 Y203.674
G1 X283.752 Y202.942
G1 X283.752 Y202.796
G1 X283.898 Y202.649
G1 X284.045 Y202.503
G1 X284.045 Y202.356
G1 X284.191 Y202.210
G1 X284.191 Y202.064
G1 X284.338 Y201.917
G1 X284.338 Y201.478
G1 X284.484 Y201.332
G1 X284.484 Y201.039
G1 X284.630 Y200.892
G1 X284.630 Y200.600
G1 X284.777 Y200.453
G1 X284.777 Y199.721
G1 X284.923 Y199.575
G1 X284.923 Y198.989
G1 X285.070 Y198.843
G1 X285.070 Y197.964
G1 X285.216 Y197.818
G1 X285.216 Y197.525
G1 X285.362 Y197.379
G1 X285.362 Y196.500
G1 X285.509 Y196.354
G1 X286.241 Y195.622
G1 X287.412 Y195.622
G1 X287.412 Y195.475
G1 X287.559 Y195.475
G1 X288.291 Y194.743
G1 X288.291 Y194.011
G1 X288.437 Y193.865
G1 X288.437 Y193.279
G1 X288.583 Y193.133
G1 X288.583 Y192.401
G1 X288.730 Y192.255
G1 X288.730 Y191.815
G1 X288.876 Y191.669
G1 X288.876 Y191.376
G1 X289.023 Y191.230
G1 X289.023 Y190.791
G1 X289.169 Y190.644
G1 X289.169 Y190.205
G1 X289.315 Y190.059
G1 X289.315 Y189.473
G1 X289.462 Y189.327
G1 X289.462 Y188.887
G1 X289.608 Y188.741
G1 X289.608 Y188.302
G1 X289.755 Y188.155
G1 X289.755 Y187.862
G1 X289.901 Y187.716
G1 X289.901 Y187.570
G1 X290.047 Y187.423
G1 X290.047 Y187.130
G1 X290.194 Y186.984
G1 X290.194 Y186.838
G1 X290.340 Y186.691
G1 X290.487 Y186.545
G1 X290.633 Y186.398
G1 X290.779 Y186.252
G1 X290.926 Y186.106
G1 X291.072 Y185.959
G1 X291.219 Y185.813
G1 X291.365 Y185.666
G1 X291.511 Y185.520
G1 X291.658 Y185.520
G1 X292.097 Y185.081
G1 X292.243 Y185.081
G1 X292.390 Y184.934
G1 X292.829 Y184.934
G1 X292.975 Y184.788
G1 X293.268 Y184.788
G1 X293.415 Y184.642
G1 X293.708 Y184.642
G1 X293.854 Y184.495
G1 X294.293 Y184.495
G1 X294.440 Y184.349
G1 X294.879 Y184.349
G1 X295.025 Y184.202
G1 X295.464 Y184.202
G1 X295.611 Y184.056
G1 X296.050 Y184.056
G1 X296.196 Y183.910
G1 X296.489 Y183.910
G1 X296.636 Y183.763
G1 X297.075 Y183.763
G1 X297.221 Y183.617
G1 X297.660 Y183.617
G1 X297.807 Y183.470
G1 X298.100 Y183.470
G1 X298.246 Y183.324
G1 X298.685 Y183.324
G1 X298.832 Y183.178
G1 X299.271 Y183.178
G1 X299.417 Y183.031
G1 X299.564 Y182.885
G1 X299.856 Y182.885
G1 X300.003 Y182.738
G1 X300.442 Y182.738
G1 X300.588 Y182.592
G1 X300.881 Y182.592
G1 X301.028 Y182.446
G1 X301.613 Y182.446
G1 X301.760 Y182.299
G1 X302.199 Y182.299
G1 X302.345 Y182.153
G1 X302.785 Y182.153
G1 X302.931 Y182.006
G1 X303.370 Y182.006
G1 X303.517 Y181.860
G1 X304.249 Y181.860
G1 X304.395 Y181.714
G1 X305.273 Y181.714
G1 X305.420 Y181.567
G1 X307.323 Y181.567
G1 X307.469 Y181.421
G1 X309.080 Y181.421
G1 X309.226 Y181.274
G1 X310.398 Y181.274
G1 X310.544 Y181.421
G1 X311.862 Y181.421
G1 X312.008 Y181.567
G1 X313.472 Y181.567
G1 X313.618 Y181.714
G1 X314.643 Y181.714
G1 X314.790 Y181.860
G1 X315.375 Y181.860
G1 X315.522 Y182.006
G1 X315.961 Y182.006
G1 X316.107 Y182.153
G1 X316.693 Y182.153
G1 X316.839 Y182.299
G1 X317.279 Y182.299
G1 X317.425 Y182.446
G1 X318.011 Y182.446
G1 X318.157 Y182.592
G1 X318.596 Y182.592
G1 X318.743 Y182.738
G1 X319.182 Y182.738
G1 X319.328 Y182.885
G1 X319.475 Y183.031
G1 X319.767 Y183.031
G1 X319.914 Y183.178
G1 X320.499 Y183.178
G1 X320.646 Y183.324
G1 X321.085 Y183.324
G1 X321.231 Y183.470
G1 X321.524 Y183.470
G1 X321.671 Y183.617
G1 X321.963 Y183.617
G1 X322.110 Y183.763
G1 X322.403 Y183.763
G1 X322.549 Y183.910
G1 X322.842 Y183.910
G1 X322.988 Y184.056
G1 X323.428 Y184.056
G1 X323.574 Y184.202
G1 X324.013 Y184.202
G1 X324.160 Y184.349
G1 X324.452 Y184.349
G1 X324.599 Y184.495
G1 X324.892 Y184.495
G1 X325.038 Y184.642
G1 X325.184 Y184.642
G1 X325.331 Y184.788
G1 X325.770 Y185.227
G1 X325.770 Y185.374
G1 X325.916 Y185.520
G1 X326.063 Y185.666
G1 X326.063 Y185.813
G1 X326.209 Y185.959
G1 X326.209 Y186.106
G1 X326.356 Y186.252
G1 X326.356 Y186.691
G1 X326.502 Y186.838
G1 X326.502 Y188.009
G1 X326.648 Y188.155
G1 X326.648 Y194.304
G1 X326.502 Y194.451
G1 X326.502 Y195.329
G1 X326.356 Y195.475
G1 X326.356 Y196.061
G1 X326.209 Y196.208
G1 X326.209 Y196.647
G1 X326.063 Y196.793
G1 X326.063 Y197.086
G1 X325.916 Y197.232
G1 X325.916 Y197.379
G1 X325.770 Y197.525
G1 X325.770 Y197.818
G1 X325.624 Y197.964
G1 X325.624 Y198.111
G1 X325.477 Y198.257
G1 X325.477 Y198.550
G1 X325.331 Y198.696
G1 X325.331 Y198.843
G1 X325.184 Y198.989
G1 X325.184 Y199.136
G1 X324.892 Y199.428
G1 X324.892 Y199.575
G1 X324.745 Y199.721
G1 X324.599 Y199.868
G1 X324.599 Y200.014
G1 X324.452 Y200.160
G1 X324.452 Y200.307
G1 X324.306 Y200.453
G1 X324.160 Y200.600
G1 X324.160 Y200.746
G1 X324.013 Y200.892
G1 X323.867 Y201.039
G1 X323.720 Y201.185
G1 X323.720 Y201.332
G1 X322.842 Y202.210
G1 X322.695 Y202.356
G1 X322.549 Y202.503
G1 X322.549 Y202.649
G1 X322.403 Y202.796
G1 X322.256 Y202.942
G1 X321.817 Y203.381
G1 X321.671 Y203.528
G1 X321.524 Y203.674
G1 X321.378 Y203.821
G1 X321.378 Y203.967
G1 X321.231 Y204.113
G1 X321.085 Y204.260
G1 X320.646 Y204.699
G1 X320.499 Y204.845
G1 X320.353 Y204.992
G1 X319.914 Y205.431
G1 X319.767 Y205.577
G1 X319.621 Y205.724
G1 X319.621 Y205.870
G1 X319.475 Y206.017
G1 X319.328 Y206.163
G1 X318.889 Y206.602
G1 X318.743 Y206.749
G1 X318.596 Y206.895
G1 X318.450 Y207.041
G1 X318.450 Y207.188
G1 X318.303 Y207.334
G1 X318.157 Y207.481
G1 X318.011 Y207.627
G1 X317.864 Y207.773
G1 X317.718 Y207.920
G1 X317.571 Y208.066
G1 X317.425 Y208.213
G1 X317.279 Y208.359
G1 X317.279 Y208.505
G1 X316.254 Y209.530
G1 X316.254 Y209.677
G1 X316.107 Y209.823
G1 X315.961 Y209.969
G1 X315.815 Y210.116
G1 X315.668 Y210.262
G1 X315.522 Y210.409
G1 X315.375 Y210.555
G1 X314.936 Y210.994
G1 X314.936 Y211.141
G1 X314.497 Y211.580
G1 X314.350 Y211.726
G1 X314.204 Y211.873
G1 X313.765 Y212.312
G1 X313.618 Y212.458
G1 X313.472 Y212.605
G1 X313.326 Y212.751
G1 X313.326 Y212.898
G1 X313.179 Y213.044
G1 X312.740 Y213.483
G1 X312.594 Y213.630
G1 X312.447 Y213.776
G1 X312.008 Y214.215
G1 X311.862 Y214.362
G1 X311.715 Y214.508
G1 X311.715 Y214.654
G1 X311.569 Y214.801
G1 X311.422 Y214.947
G1 X311.276 Y215.094
G1 X311.130 Y215.240
G1 X310.983 Y215.386
G1 X310.837 Y215.533
G1 X310.690 Y215.679
G1 X310.544 Y215.826
G1 X310.398 Y215.972
G1 X310.251 Y216.118
G1 X310.105 Y216.265
G1 X309.958 Y216.411
G1 X309.812 Y216.558
G1 X309.666 Y216.704
G1 X309.519 Y216.850
G1 X309.373 Y216.997
G1 X309.226 Y217.143
G1 X309.080 Y217.290
G1 X308.934 Y217.436
G1 X308.787 Y217.582
G1 X308.641 Y217.729
G1 X308.494 Y217.875
G1 X308.348 Y218.022
G1 X308.201 Y218.168
G1 X308.055 Y218.315
G1 X307.909 Y218.315
G1 X307.762 Y218.461
G1 X307.469 Y218.461
G1 X307.323 Y218.607
G1 X307.030 Y218.607
G1 X306.884 Y218.754
G1 X307.030 Y218.607
G1 X307.323 Y218.607
G1 X307.469 Y218.461
G1 X307.762 Y218.461
G1 X307.909 Y218.315
G1 X308.055 Y218.315
G1 X308.201 Y218.168
G1 X308.348 Y218.022
G1 X308.494 Y217.875
G1 X308.641 Y217.729
G1 X308.787 Y217.582
G1 X308.934 Y217.436
G1 X309.080 Y217.290
G1 X309.226 Y217.143
G1 X309.373 Y216.997
G1 X309.519 Y216.850
G1 X309.666 Y216.704
G1 X309.812 Y216.558
G1 X309.958 Y216.411
G1 X310.105 Y216.265
G1 X310.251 Y216.118
G1 X310.398 Y215.972
G1 X310.544 Y215.826
G1 X310.690 Y215.679
G1 X310.837 Y215.533
G1 X310.983 Y215.386
G1 X311.130 Y215.240
G1 X311.276 Y215.094
G1 X311.422 Y214.947
G1 X311.569 Y214.801
G1 X311.715 Y214.654
G1 X311.715 Y214.508
G1 X311.862 Y214.362
G1 X312.008 Y214.215
G1 X312.447 Y213.776
G1 X312.594 Y213.630
G1 X312.740 Y213.483
G1 X313.179 Y213.044
G1 X313.326 Y212.898
G1 X313.326 Y212.751
G1 X313.472 Y212.605
G1 X313.618 Y212.458
G1 X313.765 Y212.312
G1 X314.204 Y211.873
G1 X314.350 Y211.726
G1 X314.497 Y211.580
G1 X314.936 Y211.141
G1 X314.936 Y210.994
G1 X315.375 Y210.555
G1 X315.522 Y210.409
G1 X315.668 Y210.262
G1 X315.815 Y210.116
G1 X315.961 Y209.969
G1 X316.107 Y209.823
G1 X316.254 Y209.677
G1 X316.254 Y209.530
G1 X317.279 Y208.505
G1 X317.279 Y208.359
G1 X317.425 Y208.213
G1 X317.571 Y208.066
G1 X317.718 Y207.920
G1 X317.864 Y207.773
G1 X318.011 Y207.627
G1 X318.157 Y207.481
G1 X318.303 Y207.334
G1 X318.450 Y207.188
G1 X318.450 Y207.041
G1 X318.596 Y206.895
G1 X318.743 Y206.749
G1 X318.889 Y206.602
G1 X319.328 Y206.163
G1 X319.475 Y206.017
G1 X319.621 Y205.870
G1 X319.621 Y205.724
G1 X319.767 Y205.577
G1 X319.914 Y205.431
G1 X320.353 Y204.992
G1 X320.499 Y204.845
G1 X320.646 Y204.699
G1 X321.085 Y204.260
G1 X321.231 Y204.113
G1 X321.378 Y203.967
G1 X321.378 Y203.821
G1 X321.524 Y203.674
G1 X321.671 Y203.528
G1 X321.817 Y203.381
G1 X322.256 Y202.942
G1 X322.403 Y202.796
G1 X322.549 Y202.649
G1 X322.549 Y202.503
G1 X322.695 Y202.356
G1 X322.842 Y202.210
G1 X323.720 Y201.332
G1 X323.720 Y201.185
G1 X323.867 Y201.039
G1 X324.013 Y200.892
G1 X324.160 Y200.746
G1 X324.160 Y200.600
G1 X324.306 Y200.453
G1 X324.452 Y200.307
G1 X324.452 Y200.160
G1 X324.599 Y200.014
G1 X324.599 Y199.868
G1 X324.745 Y199.721
G1 X324.892 Y199.575
G1 X324.892 Y199.428
G1 X325.184 Y199.136
G1 X325.184 Y198.989
G1 X325.331 Y198.843
G1 X325.331 Y198.696
G1 X325.477 Y198.550
G1 X325.477 Y198.257
G1 X325.624 Y198.111
G1 X325.624 Y197.964
G1 X325.770 Y197.818
G1 X325.770 Y197.525
G1 X325.916 Y197.379
G1 X325.916 Y197.232
G1 X326.063 Y197.086
G1 X326.063 Y196.793
G1 X326.209 Y196.647
G1 X326.209 Y196.208
G1 X326.356 Y196.061
G1 X326.356 Y195.475
G1 X326.502 Y195.329
G1 X326.502 Y194.451
G1 X326.648 Y194.304
G1 X326.648 Y188.155
G1 X326.502 Y188.009
G1 X326.502 Y186.838
G1 X326.356 Y186.691
G1 X326.356 Y186.252
G1 X326.209 Y186.106
G1 X326.209 Y185.959
G1 X326.063 Y185.813
G1 X326.063 Y185.666
G1 X325.916 Y185.520
G1 X325.770 Y185.374
G1 X325.770 Y185.227
G1 X325.331 Y184.788
G1 X325.184 Y184.642
G1 X325.038 Y184.642
G1 X324.892 Y184.495
G1 X324.599 Y184.495
G1 X324.452 Y184.349
G1 X324.160 Y184.349
G1 X324.013 Y184.202
G1 X323.574 Y184.202
G1 X323.428 Y184.056
G1 X322.988 Y184.056
G1 X322.842 Y183.910
G1 X322.549 Y183.910
G1 X322.403 Y183.763
G1 X322.110 Y183.763
G1 X321.963 Y183.617
G1 X321.671 Y183.617
G1 X321.524 Y183.470
G1 X321.231 Y183.470
G1 X321.085 Y183.324
G1 X320.646 Y183.324
G1 X320.499 Y183.178
G1 X319.914 Y183.178
G1 X319.767 Y183.031
G1 X319.475 Y183.031
G1 X319.328 Y182.885
G1 X319.182 Y182.738
G1 X318.743 Y182.738
G1 X318.596 Y182.592
G1 X318.157 Y182.592
G1 X318.011 Y182.446
G1 X317.425 Y182.446
G1 X317.279 Y182.299
G1 X316.839 Y182.299
G1 X316.693 Y182.153
G1 X316.107 Y182.153
G1 X315.961 Y182.006
G1 X315.522 Y182.006
G1 X315.375 Y181.860
G1 X314.790 Y181.860
G1 X314.643 Y181.714
G1 X313.618 Y181.714
G1 X313.472 Y181.567
G1 X312.008 Y181.567
G1 X311.862 Y181.421
G1 X310.544 Y181.421
G1 X310.398 Y181.274
G1 X309.226 Y181.274
G1 X309.080 Y181.421
G1 X307.469 Y181.421
G1 X307.323 Y181.567
G1 X305.420 Y181.567
G1 X305.273 Y181.714
G1 X304.395 Y181.714
G1 X304.249 Y181.860
G1 X303.517 Y181.860
G1 X303.370 Y182.006
G1 X302.931 Y182.006
G1 X302.785 Y182.153
G1 X302.345 Y182.153
G1 X302.199 Y182.299
G1 X301.760 Y182.299
G1 X301.613 Y182.446
G1 X301.028 Y182.446
G1 X300.881 Y182.592
G1 X300.588 Y182.592
G1 X300.442 Y182.738
G1 X300.003 Y182.738
G1 X299.856 Y182.885
G1 X299.564 Y182.885
G1 X299.417 Y183.031
G1 X299.271 Y183.178
G1 X298.832 Y183.178
G1 X298.685 Y183.324
G1 X298.246 Y183.324
G1 X298.100 Y183.470
G1 X297.807 Y183.470
G1 X297.660 Y183.617
G1 X297.221 Y183.617
G1 X297.075 Y183.763
G1 X296.636 Y183.763
G1 X296.489 Y183.910
G1 X296.196 Y183.910
G1 X296.050 Y184.056
G1 X295.611 Y184.056
G1 X295.464 Y184.202
G1 X295.025 Y184.202
G1 X294.879 Y184.349
G1 X294.440 Y184.349
G1 X294.293 Y184.495
G1 X293.854 Y184.495
G1 X293.708 Y184.642
G1 X293.415 Y184.642
G1 X293.268 Y184.788
G1 X292.975 Y184.788
G1 X292.829 Y184.934
G1 X292.390 Y184.934
G1 X292.243 Y185.081
G1 X292.097 Y185.081
G1 X291.658 Y185.520
G1 X291.511 Y185.520
G1 X291.365 Y185.666
G1 X291.219 Y185.813
G1 X291.072 Y185.959
G1 X290.926 Y186.106
G1 X290.779 Y186.252
G1 X290.633 Y186.398
G1 X290.487 Y186.545
G1 X290.340 Y186.691
G1 X290.194 Y186.838
G1 X290.194 Y186.984
G1 X290.047 Y187.130
G1 X290.047 Y187.423
G1 X289.901 Y187.570
G1 X289.901 Y187.716
G1 X289.755 Y187.862
G1 X289.755 Y188.155
G1 X289.608 Y188.302
G1 X289.608 Y188.741
G1 X289.462 Y188.887
G1 X289.462 Y189.327
G1 X289.315 Y189.473
G1 X289.315 Y190.059
G1 X289.169 Y190.205
G1 X289.169 Y190.644
G1 X289.023 Y190.791
G1 X289.023 Y191.230
G1 X288.876 Y191.376
G1 X288.876 Y191.669
G1 X288.730 Y191.815
G1 X288.730 Y192.255
G1 X288.583 Y192.401
G1 X288.583 Y193.133
G1 X288.437 Y193.279
G1 X288.437 Y193.865
G1 X288.291 Y194.011
G1 X288.291 Y194.743
G1 X287.559 Y195.475
G1 X287.412 Y195.475
G1 X287.412 Y195.622
G1 X287.559 Y195.768
G1 X287.705 Y195.915
G1 X287.851 Y196.061
G1 X287.851 Y196.208
G1 X287.998 Y196.354
G1 X287.998 Y201.917
G1 X288.144 Y202.064
G1 X288.144 Y202.649
G1 X288.291 Y202.796
G1 X288.291 Y202.942
G1 X288.437 Y203.088
G1 X288.437 Y203.381
G1 X288.583 Y203.528
G1 X288.583 Y203.674
G1 X288.730 Y203.821
G1 X288.730 Y203.967
G1 X289.169 Y204.406
G1 X289.315 Y204.553
G1 X289.462 Y204.699
G1 X289.901 Y205.138
G1 X290.047 Y205.285
G1 X290.194 Y205.431
G1 X290.340 Y205.577
G1 X290.487 Y205.577
G1 X290.633 Y205.724
G1 X290.779 Y205.870
G1 X290.926 Y205.870
G1 X291.072 Y206.017
G1 X291.219 Y206.163
G1 X291.365 Y206.309
G1 X291.511 Y206.309
G1 X291.951 Y206.749
G1 X292.097 Y206.749
G1 X292.243 Y206.895
G1 X292.390 Y207.041
G1 X292.683 Y207.041
G1 X292.829 Y207.188
G1 X293.268 Y207.627
G1 X293.415 Y207.627
G1 X293.708 Y207.920
G1 X293.854 Y207.920
G1 X294.293 Y208.359
G1 X294.440 Y208.359
G1 X294.586 Y208.505
G1 X294.732 Y208.505
G1 X295.318 Y209.091
G1 X295.464 Y209.091
G1 X295.611 Y209.237
G1 X295.757 Y209.384
G1 X295.904 Y209.530
G1 X296.050 Y209.530
G1 X296.196 Y209.677
G1 X296.343 Y209.823
G1 X296.489 Y209.969
G1 X296.636 Y209.969
G1 X296.782 Y210.116
G1 X297.221 Y210.555
G1 X297.368 Y210.555
G1 X297.514 Y210.701
G1 X297.660 Y210.848
G1 X297.807 Y210.994
G1 X297.953 Y211.141
G1 X298.100 Y211.141
G1 X298.246 Y211.287
G1 X298.392 Y211.434
G1 X298.539 Y211.580
G1 X298.685 Y211.726
G1 X298.832 Y211.726
G1 X298.978 Y211.873
G1 X299.417 Y212.312
G1 X299.564 Y212.458
G1 X299.710 Y212.605
G1 X299.856 Y212.751
G1 X300.003 Y212.751
G1 X300.149 Y212.898
G1 X300.296 Y213.044
G1 X300.442 Y213.190
G1 X300.588 Y213.337
G1 X300.735 Y213.483
G1 X300.881 Y213.630
G1 X301.028 Y213.776
G1 X301.174 Y213.776
G1 X301.321 Y213.922
G1 X301.467 Y214.069
G1 X301.906 Y214.508
G1 X302.053 Y214.654
G1 X302.199 Y214.801
G1 X302.638 Y215.240
G1 X302.785 Y215.240
G1 X302.931 Y215.386
G1 X303.077 Y215.533
G1 X303.224 Y215.679
G1 X303.370 Y215.826
G1 X303.517 Y215.972
G1 X303.663 Y216.118
G1 X303.809 Y216.265
G1 X303.956 Y216.411
G1 X304.102 Y216.558
G1 X304.249 Y216.704
G1 X304.395 Y216.850
G1 X304.541 Y216.997
G1 X304.688 Y217.143
G1 X304.834 Y217.290
G1 X304.981 Y217.436
G1 X305.127 Y217.582
G1 X305.273 Y217.729
G1 X305.420 Y217.875
G1 X305.566 Y217.875
G1 X305.859 Y218.168
G1 X306.005 Y218.315
G1 X306.152 Y218.461
G1 X306.298 Y218.607
G1 X306.445 Y218.607
G1 X306.591 Y218.754
G1 X306.884 Y218.754
G1 X306.884 Y218.900
G1 X307.030 Y219.047
G1 X307.030 Y219.486
G1 X307.177 Y219.632
G1 X307.177 Y219.925
G1 X307.323 Y220.071
G1 X307.323 Y220.364
G1 X307.469 Y220.511
G1 X307.469 Y220.657
G1 X307.616 Y220.803
G1 X307.762 Y220.950
G1 X307.909 Y221.096
G1 X308.055 Y221.243
G1 X308.201 Y221.389
G1 X308.348 Y221.535
G1 X308.494 Y221.682
G1 X308.641 Y221.828
G1 X308.787 Y221.975
G1 X308.934 Y222.121
G1 X309.080 Y222.121
G1 X309.226 Y222.267
G1 X309.373 Y222.267
G1 X309.519 Y222.414
G1 X309.812 Y222.414
G1 X309.958 Y222.560
G1 X310.105 Y222.560
G1 X310.105 Y222.999
G1 X309.958 Y223.146
G1 X309.958 Y223.439
G1 X309.812 Y223.585
G1 X309.812 Y223.878
G1 X309.666 Y224.024
G1 X309.666 Y224.317
G1 X309.519 Y224.463
G1 X309.519 Y224.610
G1 X306.884 Y227.245
G1 X306.884 Y227.392
G1 X306.737 Y227.538
G1 X306.737 Y227.831
G1 X306.445 Y227.831
G1 X306.298 Y227.977
G1 X305.859 Y227.977
G1 X305.713 Y228.124
G1 X305.566 Y228.124
G1 X305.420 Y228.270
G1 X305.273 Y228.416
G1 X305.127 Y228.563
G1 X304.981 Y228.709
G1 X304.834 Y228.709
G1 X304.688 Y228.856
G1 X304.541 Y229.002
G1 X304.395 Y229.002
G1 X303.809 Y229.588
G1 X303.809 Y229.734
G1 X303.663 Y229.880
G1 X303.663 Y230.320
G1 X303.517 Y230.320
G1 X303.663 Y230.320
G1 X303.663 Y230.173
G1 X303.517 Y230.173
G1 X303.370 Y230.320
G1 X303.077 Y230.320
G1 X302.931 Y230.466
G1 X302.345 Y230.466
G1 X302.199 Y230.612
G1 X301.613 Y230.612
G1 X301.467 Y230.759
G1 X301.174 Y230.759
G1 X301.028 Y230.905
G1 X300.881 Y230.905
G1 X300.735 Y231.052
G1 X300.588 Y231.052
G1 X300.442 Y231.198
G1 X300.296 Y231.198
G1 X300.149 Y231.344
G1 X300.003 Y231.344
G1 X299.856 Y231.491
G1 X299.710 Y231.491
G1 X299.564 Y231.637
G1 X299.271 Y231.637
G1 X299.124 Y231.784
G1 X298.978 Y231.784
G1 X298.832 Y231.930
G1 X298.685 Y231.930
G1 X298.539 Y232.076
G1 X298.392 Y232.076
G1 X298.246 Y232.223
G1 X298.100 Y232.223
G1 X297.953 Y232.369
G1 X297.807 Y232.369
G1 X297.660 Y232.516
G1 X297.514 Y232.516
G1 X297.368 Y232.662
G1 X297.075 Y232.662
G1 X296.928 Y232.808
G1 X296.782 Y232.808
G1 X296.636 Y232.955
G1 X296.489 Y232.955
G1 X296.343 Y233.101
G1 X296.196 Y233.101
G1 X296.050 Y233.248
G1 X295.757 Y233.248
G1 X295.611 Y233.394
G1 X295.464 Y233.394
G1 X295.318 Y233.541
G1 X295.172 Y233.541
G1 X295.025 Y233.687
G1 X294.732 Y233.687
G1 X294.586 Y233.833
G1 X294.440 Y233.833
G1 X294.293 Y233.980
G1 X294.147 Y233.980
G1 X294.000 Y234.126
G1 X293.708 Y234.126
G1 X293.561 Y234.273
G1 X293.268 Y234.273
G1 X293.122 Y234.419
G1 X292.975 Y234.565
G1 X292.683 Y234.565
G1 X292.536 Y234.712
G1 X292.243 Y234.712
G1 X292.097 Y234.858
G1 X291.951 Y234.858
G1 X291.804 Y235.005
G1 X291.658 Y235.005
G1 X291.511 Y235.151
G1 X291.219 Y235.151
G1 X291.072 Y235.297
G1 X290.926 Y235.444
G1 X290.779 Y235.444
G1 X290.633 Y235.590
G1 X290.340 Y235.590
G1 X290.194 Y235.737
G1 X290.047 Y235.737
G1 X289.901 Y235.883
G1 X289.462 Y235.883
G1 X289.315 Y236.029
G1 X289.169 Y236.176
G1 X288.730 Y236.615
G1 X286.534 Y236.615
G1 X286.534 Y236.322
G1 X286.387 Y236.176
G1 X286.387 Y236.029
G1 X286.241 Y235.883
G1 X286.241 Y235.737
G1 X286.095 Y235.590
G1 X285.948 Y235.444
G1 X285.802 Y235.444
G1 X285.655 Y235.297
G1 X285.655 Y235.590
G1 X285.509 Y235.737
G1 X285.362 Y235.883
G1 X285.216 Y236.029
G1 X285.070 Y236.176
G1 X284.923 Y236.322
G1 X284.777 Y236.469
G1 X284.777 Y237.493
G1 X284.777 Y236.469
G1 X284.923 Y236.322
G1 X285.070 Y236.176
G1 X285.216 Y236.029
G1 X285.362 Y235.883
G1 X285.509 Y235.737
G1 X285.655 Y235.590
G1 X285.655 Y235.444
G1 X285.802 Y235.444
G1 X285.655 Y235.444
G1 X285.655 Y235.297
G1 X285.509 Y235.151
G1 X285.362 Y235.005
G1 X285.216 Y235.005
G1 X285.070 Y234.858
G1 X284.923 Y234.858
G1 X284.777 Y234.712
G1 X284.630 Y234.712
G1 X284.484 Y234.565
G1 X284.338 Y234.565
G1 X284.191 Y234.419
G1 X284.045 Y234.419
G1 X283.898 Y234.273
G1 X283.459 Y234.273
G1 X283.313 Y234.126
G1 X282.581 Y234.126
G1 X282.434 Y233.980
G1 X279.214 Y233.980
G1 X279.067 Y233.833
G1 X273.357 Y233.833
G1 X273.211 Y233.687
G1 X272.186 Y233.687
G1 X272.040 Y233.541
G1 X271.161 Y233.541
G1 X271.015 Y233.394
G1 X270.429 Y233.394
G1 X270.283 Y233.248
G1 X269.844 Y233.248
G1 X269.697 Y233.101
G1 X269.258 Y233.101
G1 X269.112 Y232.955
G1 X268.672 Y232.955
G1 X268.526 Y232.808
G1 X268.087 Y232.808
G1 X267.940 Y232.662
G1 X267.648 Y232.662
G1 X267.501 Y232.516
G1 X267.208 Y232.516
G1 X267.062 Y232.369
G1 X266.769 Y232.369
G1 X266.476 Y232.076
G1 X266.184 Y232.076
G1 X266.037 Y231.930
G1 X265.744 Y231.930
G1 X265.598 Y231.784
G1 X265.452 Y231.637
G1 X265.159 Y231.637
G1 X265.012 Y231.491
G1 X264.866 Y231.344
G1 X264.720 Y231.198
G1 X264.573 Y231.052
G1 X264.427 Y230.905
G1 X264.280 Y230.759
G1 X264.134 Y230.612
G1 X263.988 Y230.466
G1 X263.988 Y230.173
G1 X263.841 Y230.027
G1 X263.841 Y229.441
G1 X263.695 Y229.295
G1 X263.695 Y227.831
G1 X263.548 Y227.684
G1 X263.548 Y225.488
G1 X263.402 Y225.342
G1 X263.402 Y220.950
G1 X263.548 Y220.803
G1 X263.548 Y220.364
G1 X263.695 Y220.218
G1 X263.695 Y219.925
G1 X263.841 Y219.779
G1 X263.841 Y219.632
G1 X263.988 Y219.486
G1 X264.134 Y219.339
G1 X264.134 Y219.193
G1 X264.427 Y218.900
G1 X264.427 Y218.754
G1 X264.573 Y218.607
G1 X264.720 Y218.461
G1 X264.720 Y218.315
G1 X264.866 Y218.168
G1 X266.037 Y216.997
G1 X266.184 Y216.997
G1 X266.330 Y216.850
G1 X266.476 Y216.850
G1 X266.623 Y216.704
G1 X266.916 Y216.411
G1 X267.208 Y216.411
G1 X267.355 Y216.265
G1 X267.501 Y216.265
G1 X267.794 Y215.972
G1 X267.940 Y215.972
G1 X268.087 Y215.826
G1 X268.233 Y215.826
G1 X268.380 Y215.679
G1 X268.526 Y215.679
G1 X268.672 Y215.533
G1 X268.819 Y215.533
G1 X268.965 Y215.386
G1 X269.258 Y215.386
G1 X269.404 Y215.240
G1 X269.551 Y215.240
G1 X269.697 Y215.094
G1 X269.844 Y215.094
G1 X269.990 Y214.947
G1 X270.283 Y214.947
G1 X270.429 Y214.801
G1 X270.576 Y214.801
G1 X270.722 Y214.654
G1 X271.015 Y214.654
G1 X271.161 Y214.508
G1 X271.454 Y214.508
G1 X271.601 Y214.362
G1 X271.747 Y214.362
G1 X271.893 Y214.215
G1 X272.186 Y214.215
G1 X272.333 Y214.069
G1 X272.479 Y213.922
G1 X272.625 Y213.922
G1 X272.772 Y213.776
G1 X273.065 Y213.776
G1 X273.211 Y213.630
G1 X273.357 Y213.630
G1 X273.504 Y213.483
G1 X273.797 Y213.483
G1 X273.943 Y213.337
G1 X274.089 Y213.337
G1 X274.236 Y213.190
G1 X274.529 Y213.190
G1 X274.675 Y213.044
G1 X274.821 Y213.044
G1 X274.968 Y212.898
G1 X275.261 Y212.898
G1 X275.407 Y212.751
G1 X275.553 Y212.751
G1 X275.700 Y212.605
G1 X275.993 Y212.605
G1 X276.139 Y212.458
G1 X276.285 Y212.458
G1 X276.432 Y212.312
G1 X276.725 Y212.312
G1 X276.871 Y212.166
G1 X277.017 Y212.166
G1 X277.164 Y212.019
G1 X277.457 Y212.019
G1 X277.603 Y211.873
G1 X277.749 Y211.873
G1 X277.896 Y211.726
G1 X278.042 Y211.726
G1 X278.189 Y211.580
G1 X278.482 Y211.580
G1 X278.628 Y211.434
G1 X278.921 Y211.434
G1 X279.067 Y211.287
G1 X279.214 Y211.287
G1 X279.360 Y211.141
G1 X279.653 Y211.141
G1 X279.799 Y210.994
G1 X279.946 Y210.994
G1 X280.092 Y210.848
G1 X280.238 Y210.848
G1 X280.385 Y210.701
G1 X280.678 Y210.701
G1 X280.824 Y210.555
G1 X281.117 Y210.555
G1 X281.263 Y210.409
G1 X281.556 Y210.409
G1 X281.702 Y210.262
G1 X281.995 Y210.262
G1 X282.142 Y210.116
G1 X282.581 Y210.116
G1 X282.727 Y209.969
G1 X283.606 Y209.969
G1 X283.752 Y209.823
G1 X284.045 Y209.823
G1 X284.191 Y209.677
G1 X284.923 Y209.677
G1 X285.070 Y209.530
G1 X286.387 Y209.530
G1 X286.534 Y209.677
G1 X287.119 Y209.677
G1 X287.266 Y209.823
G1 X287.851 Y209.823
G1 X287.998 Y209.969
G1 X288.291 Y209.969
G1 X288.437 Y210.116
G1 X288.730 Y210.116
G1 X288.876 Y210.262
G1 X289.169 Y210.262
G1 X289.315 Y210.409
G1 X289.462 Y210.409
G1 X289.608 Y210.555
G1 X289.901 Y210.555
G1 X290.194 Y210.848
G1 X290.340 Y210.848
G1 X290.487 Y210.994
G1 X290.633 Y210.994
G1 X290.779 Y211.141
G1 X290.926 Y211.141
G1 X291.072 Y211.287
G1 X291.219 Y211.287
G1 X291.365 Y211.434
G1 X291.511 Y211.580
G1 X291.658 Y211.580
G1 X292.097 Y212.019
G1 X292.243 Y212.019
G1 X292.536 Y212.312
G1 X292.683 Y212.312
G1 X292.829 Y212.458
G1 X292.975 Y212.605
G1 X293.122 Y212.605
G1 X293.415 Y212.898
G1 X293.561 Y212.898
G1 X293.708 Y213.044
G1 X293.854 Y213.190
G1 X294.000 Y213.190
G1 X295.172 Y214.362
G1 X295.318 Y214.362
G1 X295.464 Y214.508
G1 X295.611 Y214.654
G1 X295.757 Y214.801
G1 X295.904 Y214.947
G1 X296.050 Y215.094
G1 X296.196 Y215.094
G1 X296.343 Y215.240
G1 X296.782 Y215.679
G1 X296.928 Y215.826
G1 X297.075 Y215.972
G1 X297.221 Y216.118
G1 X297.368 Y216.118
G1 X297.514 Y216.265
G1 X297.953 Y216.704
G1 X298.100 Y216.850
G1 X298.246 Y216.997
G1 X298.539 Y217.290
G1 X298.685 Y217.290
G1 X298.832 Y217.436
G1 X298.978 Y217.582
G1 X299.124 Y217.729
G1 X299.271 Y217.875
G1 X299.417 Y218.022
G1 X299.564 Y218.168
G1 X299.710 Y218.315
G1 X299.856 Y218.461
G1 X300.003 Y218.607
G1 X300.149 Y218.754
G1 X300.296 Y218.900
G1 X300.442 Y219.047
G1 X300.588 Y219.193
G1 X300.735 Y219.339
G1 X300.881 Y219.486
G1 X301.028 Y219.632
G1 X301.174 Y219.779
G1 X301.321 Y219.779
G1 X302.199 Y220.657
G1 X302.199 Y220.803
G1 X302.345 Y220.950
G1 X302.492 Y221.096
G1 X302.492 Y221.389
G1 X302.638 Y221.535
G1 X302.638 Y221.828
G1 X302.785 Y221.975
G1 X302.785 Y222.560
G1 X302.931 Y222.707
G1 X302.931 Y223.585
G1 X303.077 Y223.731
G1 X303.077 Y224.024
G1 X302.931 Y224.171
G1 X302.931 Y224.463
G1 X302.785 Y224.610
G1 X302.785 Y224.756
G1 X302.638 Y224.903
G1 X302.638 Y225.195
G1 X302.492 Y225.342
G1 X302.345 Y225.488
G1 X302.199 Y225.635
G1 X301.760 Y226.074
G1 X301.613 Y226.220
G1 X301.467 Y226.367
G1 X301.028 Y226.806
G1 X300.881 Y226.952
G1 X300.735 Y227.099
G1 X300.588 Y227.099
G1 X300.442 Y227.245
G1 X300.296 Y227.392
G1 X300.149 Y227.538
G1 X299.710 Y227.977
G1 X299.564 Y227.977
G1 X299.417 Y228.124
G1 X299.271 Y228.124
G1 X299.124 Y228.270
G1 X298.978 Y228.416
G1 X298.832 Y228.416
G1 X298.539 Y228.709
G1 X298.392 Y228.709
G1 X298.246 Y228.856
G1 X298.100 Y229.002
G1 X297.807 Y229.002
G1 X297.660 Y229.148
G1 X297.514 Y229.148
G1 X297.368 Y229.295
G1 X297.221 Y229.295
G1 X296.782 Y229.734
G1 X296.636 Y229.734
G1 X296.489 Y229.880
G1 X296.343 Y229.880
G1 X296.196 Y230.027
G1 X295.904 Y230.027
G1 X295.757 Y230.173
G1 X295.611 Y230.173
G1 X295.464 Y230.320
G1 X295.318 Y230.320
G1 X295.172 Y230.466
G1 X295.025 Y230.466
G1 X294.879 Y230.612
G1 X294.586 Y230.612
G1 X294.440 Y230.759
G1 X294.147 Y230.759
G1 X294.000 Y230.905
G1 X293.854 Y230.905
G1 X293.708 Y231.052
G1 X293.268 Y231.052
G1 X293.122 Y231.198
G1 X292.829 Y231.198
G1 X292.683 Y231.344
G1 X292.243 Y231.344
G1 X292.097 Y231.491
G1 X291.365 Y231.491
G1 X291.219 Y231.637
G1 X290.779 Y231.637
G1 X290.633 Y231.784
G1 X290.487 Y231.637
G1 X290.194 Y231.637
G1 X290.047 Y231.491
G1 X289.608 Y231.491
G1 X289.462 Y231.344
G1 X287.559 Y231.344
G1 X287.412 Y231.491
G1 X287.119 Y231.491
G1 X286.973 Y231.637
G1 X286.680 Y231.637
G1 X286.973 Y231.637
G1 X287.119 Y231.491
G1 X287.412 Y231.491
G1 X287.559 Y231.344
G1 X289.462 Y231.344
G1 X289.608 Y231.491
G1 X290.047 Y231.491
G1 X290.194 Y231.637
G1 X290.487 Y231.637
G1 X290.633 Y231.784
G1 X290.779 Y231.637
G1 X290.633 Y231.637
G1 X291.219 Y231.637
G1 X291.365 Y231.491
G1 X292.097 Y231.491
G1 X292.243 Y231.344
G1 X292.683 Y231.344
G1 X292.829 Y231.198
G1 X293.122 Y231.198
G1 X293.268 Y231.052
G1 X293.708 Y231.052
G1 X293.854 Y230.905
G1 X294.000 Y230.905
G1 X294.147 Y230.759
G1 X294.440 Y230.759
G1 X294.586 Y230.612
G1 X294.879 Y230.612
G1 X295.025 Y230.466
G1 X295.172 Y230.466
G1 X295.318 Y230.320
G1 X295.464 Y230.320
G1 X295.611 Y230.173
G1 X295.757 Y230.173
G1 X295.904 Y230.027
G1 X296.196 Y230.027
G1 X296.343 Y229.880
G1 X296.489 Y229.880
G1 X296.636 Y229.734
G1 X296.782 Y229.734
G1 X297.221 Y229.295
G1 X297.368 Y229.295
G1 X297.514 Y229.148
G1 X297.660 Y229.148
G1 X297.807 Y229.002
G1 X298.100 Y229.002
G1 X298.246 Y228.856
G1 X298.392 Y228.709
G1 X298.539 Y228.709
G1 X298.832 Y228.416
G1 X298.978 Y228.416
G1 X299.124 Y228.270
G1 X299.271 Y228.124
G1 X299.417 Y228.124
G1 X299.564 Y227.977
G1 X299.710 Y227.977
G1 X300.149 Y227.538
G1 X300.296 Y227.392
G1 X300.442 Y227.245
G1 X300.588 Y227.099
G1 X300.735 Y227.099
G1 X300.881 Y226.952
G1 X301.028 Y226.806
G1 X301.467 Y226.367
G1 X301.613 Y226.220
G1 X301.760 Y226.074
G1 X302.199 Y225.635
G1 X302.345 Y225.488
G1 X302.492 Y225.342
G1 X302.638 Y225.195
G1 X302.638 Y224.903
G1 X302.785 Y224.756
G1 X302.785 Y224.610
G1 X302.931 Y224.463
G1 X302.931 Y224.171
G1 X303.077 Y224.024
G1 X303.077 Y223.731
G1 X302.931 Y223.585
G1 X302.931 Y222.707
G1 X302.785 Y222.560
G1 X302.785 Y221.975
G1 X302.638 Y221.828
G1 X302.638 Y221.535
G1 X302.492 Y221.389
G1 X302.492 Y221.096
G1 X302.345 Y220.950
G1 X302.199 Y220.803
G1 X302.199 Y220.657
G1 X301.321 Y219.779
G1 X301.174 Y219.779
G1 X301.028 Y219.632
G1 X300.881 Y219.486
G1 X300.735 Y219.339
G1 X300.588 Y219.193
G1 X300.442 Y219.047
G1 X300.296 Y218.900
G1 X300.149 Y218.754
G1 X300.003 Y218.607
G1 X299.856 Y218.461
G1 X299.710 Y218.315
G1 X299.564 Y218.168
G1 X299.417 Y218.022
G1 X299.271 Y217.875
G1 X299.124 Y217.729
G1 X298.978 Y217.582
G1 X298.832 Y217.436
G1 X298.685 Y217.290
G1 X298.539 Y217.290
G1 X298.246 Y216.997
G1 X298.100 Y216.850
G1 X297.953 Y216.704
G1 X297.514 Y216.265
G1 X297.368 Y216.118
G1 X297.221 Y216.118
G1 X297.075 Y215.972
G1 X296.928 Y215.826
G1 X296.782 Y215.679
G1 X296.343 Y215.240
G1 X296.196 Y215.094
G1 X296.050 Y215.094
G1 X295.904 Y214.947
G1 X295.757 Y214.801
G1 X295.611 Y214.654
G1 X295.464 Y214.508
G1 X295.318 Y214.362
G1 X295.172 Y214.362
G1 X294.000 Y213.190
G1 X293.854 Y213.190
G1 X293.708 Y213.044
G1 X293.561 Y212.898
G1 X293.415 Y212.898
G1 X293.122 Y212.605
G1 X292.975 Y212.605
G1 X292.829 Y212.458
G1 X292.683 Y212.312
G1 X292.536 Y212.312
G1 X292.243 Y212.019
G1 X292.097 Y212.019
G1 X291.658 Y211.580
G1 X291.511 Y211.580
G1 X291.365 Y211.434
G1 X291.219 Y211.287
G1 X291.072 Y211.287
G1 X290.926 Y211.141
G1 X290.779 Y211.141
G1 X290.633 Y210.994
G1 X290.487 Y210.994
G1 X290.340 Y210.848
G1 X290.194 Y210.848
G1 X289.901 Y210.555
G1 X289.608 Y210.555
G1 X289.462 Y210.409
G1 X289.315 Y210.409
G1 X289.169 Y210.262
G1 X288.876 Y210.262
G1 X288.730 Y210.116
G1 X288.437 Y210.116
G1 X288.291 Y209.969
G1 X287.998 Y209.969
G1 X287.851 Y209.823
G1 X287.266 Y209.823
G1 X287.119 Y209.677
G1 X286.534 Y209.677
G1 X286.387 Y209.530
G1 X285.070 Y209.530
G1 X284.923 Y209.677
G1 X284.191 Y209.677
G1 X284.045 Y209.823
G1 X283.752 Y209.823
G1 X283.606 Y209.969
G1 X282.727 Y209.969
G1 X282.581 Y210.116
G1 X282.142 Y210.116
G1 X281.995 Y210.262
G1 X281.702 Y210.262
G1 X281.556 Y210.409
G1 X281.263 Y210.409
G1 X281.117 Y210.555
G1 X280.824 Y210.555
G1 X280.678 Y210.701
G1 X280.385 Y210.701
G1 X280.238 Y210.848
G1 X280.092 Y210.848
G1 X279.946 Y210.994
G1 X279.799 Y210.994
G1 X279.653 Y211.141
G1 X279.360 Y211.141
G1 X279.214 Y211.287
G1 X279.067 Y211.287
G1 X278.921 Y211.434
G1 X278.628 Y211.434
G1 X278.482 Y211.580
G1 X278.189 Y211.580
G1 X278.042 Y211.726
G1 X277.896 Y211.726
G1 X277.749 Y211.873
G1 X277.603 Y211.873
G1 X277.457 Y212.019
G1 X277.164 Y212.019
G1 X277.017 Y212.166
G1 X276.871 Y212.166
G1 X276.725 Y212.312
G1 X276.432 Y212.312
G1 X276.285 Y212.458
G1 X276.139 Y212.458
G1 X275.993 Y212.605
G1 X275.700 Y212.605
G1 X275.553 Y212.751
G1 X275.407 Y212.751
G1 X275.261 Y212.898
G1 X274.968 Y212.898
G1 X274.821 Y213.044
G1 X274.675 Y213.044
G1 X274.529 Y213.190
G1 X274.236 Y213.190
G1 X274.089 Y213.337
G1 X273.943 Y213.337
G1 X273.797 Y213.483
G1 X273.504 Y213.483
G1 X273.357 Y213.630
G1 X273.211 Y213.630
G1 X273.065 Y213.776
G1 X272.772 Y213.776
G1 X272.625 Y213.922
G1 X272.479 Y213.922
G1 X272.333 Y214.069
G1 X272.186 Y214.215
G1 X271.893 Y214.215
G1 X271.747 Y214.362
G1 X271.601 Y214.362
G1 X271.454 Y214.508
G1 X271.161 Y214.508
G1 X271.015 Y214.654
G1 X270.722 Y214.654
G1 X270.576 Y214.801
G1 X270.429 Y214.801
G1 X270.283 Y214.947
G1 X269.990 Y214.947
G1 X269.844 Y215.094
G1 X269.697 Y215.094
G1 X269.551 Y215.240
G1 X269.404 Y215.240
G1 X269.258 Y215.386
G1 X268.965 Y215.386
G1 X268.819 Y215.533
G1 X268.672 Y215.533
G1 X268.526 Y215.679
G1 X268.380 Y215.679
G1 X268.233 Y215.826
G1 X268.087 Y215.826
G1 X267.940 Y215.972
G1 X267.794 Y215.972
G1 X267.501 Y216.265
G1 X267.355 Y216.265
G1 X267.208 Y216.411
G1 X266.916 Y216.411
G1 X266.623 Y216.704
G1 X266.476 Y216.850
G1 X266.330 Y216.850
G1 X266.184 Y216.997
G1 X266.037 Y216.997
G1 X264.866 Y218.168
G1 X264.720 Y218.315
G1 X264.720 Y218.461
G1 X264.573 Y218.607
G1 X264.427 Y218.754
G1 X264.427 Y218.900
G1 X264.134 Y219.193
G1 X264.134 Y219.339
G1 X263.988 Y219.486
G1 X263.841 Y219.632
G1 X263.841 Y219.779
G1 X263.695 Y219.925
G1 X263.695 Y220.218
G1 X263.548 Y220.364
G1 X263.548 Y220.803
G1 X263.402 Y220.950
G1 X263.402 Y225.342
G1 X263.548 Y225.488
G1 X263.548 Y227.684
G1 X263.695 Y227.831
G1 X263.695 Y229.295
G1 X263.841 Y229.441
G1 X263.841 Y230.027
G1 X263.988 Y230.173
G1 X263.988 Y230.466
G1 X264.134 Y230.612
G1 X264.280 Y230.759
G1 X264.427 Y230.905
G1 X264.573 Y231.052
G1 X264.720 Y231.198
G1 X264.866 Y231.344
G1 X265.012 Y231.491
G1 X265.159 Y231.637
G1 X265.452 Y231.637
G1 X265.598 Y231.784
G1 X265.744 Y231.930
G1 X266.037 Y231.930
G1 X266.184 Y232.076
G1 X266.476 Y232.076
G1 X266.769 Y232.369
G1 X267.062 Y232.369
G1 X267.208 Y232.516
G1 X267.501 Y232.516
G1 X267.648 Y232.662
G1 X267.940 Y232.662
G1 X268.087 Y232.808
G1 X268.526 Y232.808
G1 X268.672 Y232.955
G1 X269.112 Y232.955
G1 X269.258 Y233.101
G1 X269.697 Y233.101
G1 X269.844 Y233.248
G1 X270.283 Y233.248
G1 X270.429 Y233.394
G1 X271.015 Y233.394
G1 X271.161 Y233.541
G1 X272.040 Y233.541
G1 X272.186 Y233.687
G1 X273.211 Y233.687
G1 X273.357 Y233.833
G1 X279.067 Y233.833
G1 X279.214 Y233.980
G1 X282.434 Y233.980
G1 X282.581 Y234.126
G1 X283.313 Y234.126
G1 X283.459 Y234.273
G1 X283.898 Y234.273
G1 X284.045 Y234.419
G1 X284.191 Y234.419
G1 X284.338 Y234.565
G1 X284.484 Y234.565
G1 X284.630 Y234.712
G1 X284.777 Y234.712
G1 X284.923 Y234.858
G1 X285.070 Y234.858
G1 X285.216 Y235.005
G1 X285.362 Y235.005
G1 X285.509 Y235.151
G1 X285.802 Y235.444
G1 X285.948 Y235.444
G1 X286.095 Y235.590
G1 X286.241 Y235.737
G1 X286.241 Y235.883
G1 X286.387 Y236.029
G1 X286.387 Y236.176
G1 X286.534 Y236.322
G1 X286.534 Y236.615
G1 X286.387 Y236.761
G1 X286.241 Y236.908
G1 X285.802 Y237.347
G1 X285.655 Y237.493
G1 X285.509 Y237.493
G1 X285.362 Y237.640
G1 X285.070 Y237.640
G1 X285.070 Y238.225
G1 X284.923 Y238.372
G1 X284.923 Y239.543
G1 X284.777 Y239.689
G1 X284.777 Y241.007
G1 X284.630 Y241.154
G1 X284.630 Y242.325
G1 X283.606 Y242.325
G1 X283.459 Y242.471
G1 X282.288 Y242.471
G1 X282.142 Y242.618
G1 X281.556 Y242.618
G1 X281.410 Y242.764
G1 X279.799 Y242.764
G1 X279.653 Y242.910
G1 X274.821 Y242.910
G1 X274.675 Y242.764
G1 X272.625 Y242.764
G1 X272.479 Y242.618
G1 X271.161 Y242.618
G1 X271.015 Y242.471
G1 X270.136 Y242.471
G1 X269.990 Y242.325
G1 X269.258 Y242.325
G1 X269.112 Y242.178
G1 X268.965 Y242.178
G1 X268.819 Y242.032
G1 X268.526 Y242.032
G1 X268.380 Y241.886
G1 X267.940 Y241.886
G1 X267.794 Y241.739
G1 X267.648 Y241.739
G1 X267.501 Y241.593
G1 X267.355 Y241.593
G1 X267.208 Y241.446
G1 X267.062 Y241.446
G1 X266.916 Y241.300
G1 X266.769 Y241.300
G1 X266.623 Y241.154
G1 X266.476 Y241.154
G1 X266.330 Y241.007
G1 X266.184 Y240.861
G1 X266.037 Y240.861
G1 X265.891 Y240.714
G1 X265.744 Y240.568
G1 X265.598 Y240.421
G1 X265.452 Y240.275
G1 X265.305 Y240.129
G1 X265.159 Y239.982
G1 X265.159 Y239.836
G1 X263.988 Y238.665
G1 X263.988 Y238.518
G1 X263.841 Y238.372
G1 X263.695 Y238.225
G1 X263.695 Y238.079
G1 X263.548 Y237.933
G1 X263.402 Y237.786
G1 X263.402 Y237.640
G1 X263.256 Y237.493
G1 X263.109 Y237.347
G1 X263.109 Y236.908
G1 X262.963 Y236.761
G1 X262.963 Y236.322
G1 X262.816 Y236.176
G1 X262.816 Y236.029
G1 X262.670 Y235.883
G1 X262.523 Y235.737
G1 X262.377 Y235.590
G1 X262.231 Y235.444
G1 X261.791 Y235.444
G1 X261.645 Y235.297
G1 X261.352 Y235.297
G1 X261.206 Y235.151
G1 X261.059 Y235.151
G1 X260.913 Y235.297
G1 X259.595 Y235.297
G1 X259.449 Y235.444
G1 X258.717 Y235.444
G1 X258.571 Y235.590
G1 X258.131 Y235.590
G1 X257.985 Y235.737
G1 X257.253 Y235.737
G1 X257.107 Y235.883
G1 X256.521 Y235.883
G1 X256.375 Y236.029
G1 X255.935 Y236.029
G1 X255.789 Y236.176
G1 X255.203 Y236.176
G1 X255.057 Y236.322
G1 X254.471 Y236.322
G1 X254.325 Y236.469
G1 X253.886 Y236.469
G1 X253.739 Y236.615
G1 X253.300 Y236.615
G1 X253.154 Y236.761
G1 X252.714 Y236.761
G1 X252.568 Y236.908
G1 X251.982 Y236.908
G1 X251.836 Y237.054
G1 X251.250 Y237.054
G1 X251.104 Y237.201
G1 X250.226 Y237.201
G1 X250.079 Y237.347
G1 X249.933 Y237.493
G1 X244.223 Y237.493
G1 X244.077 Y237.347
G1 X243.930 Y237.347
G1 X243.784 Y237.201
G1 X242.905 Y237.201
G1 X242.759 Y237.054
G1 X242.613 Y237.054
G1 X242.613 Y234.126
G1 X240.563 Y234.126
G1 X240.417 Y234.273
G1 X239.392 Y234.273
G1 X239.245 Y234.419
G1 X238.806 Y234.419
G1 X238.660 Y234.565
G1 X238.513 Y234.565
G1 X238.367 Y234.712
G1 X238.074 Y234.712
G1 X237.635 Y235.151
G1 X237.488 Y235.297
G1 X237.342 Y235.444
G1 X237.342 Y235.590
G1 X237.196 Y235.737
G1 X237.196 Y235.883
G1 X237.049 Y236.029
G1 X237.049 Y236.176
G1 X237.049 Y236.029
G1 X237.196 Y235.883
G1 X237.196 Y235.737
G1 X237.342 Y235.590
G1 X237.342 Y235.444
G1 X237.488 Y235.297
G1 X237.635 Y235.151
G1 X238.074 Y234.712
G1 X238.367 Y234.712
G1 X238.513 Y234.565
G1 X238.660 Y234.565
G1 X238.806 Y234.419
G1 X239.245 Y234.419
G1 X239.392 Y234.273
G1 X240.417 Y234.273
G1 X240.563 Y234.126
G1 X242.613 Y234.126
G1 X242.759 Y233.980
G1 X245.101 Y233.980
G1 X245.248 Y233.833
G1 X248.030 Y233.833
G1 X248.176 Y233.687
G1 X249.494 Y233.687
G1 X249.640 Y233.541
G1 X250.811 Y233.541
G1 X250.958 Y233.394
G1 X252.129 Y233.394
G1 X252.275 Y233.248
G1 X253.300 Y233.248
G1 X253.446 Y233.101
G1 X254.032 Y233.101
G1 X254.178 Y232.955
G1 X254.618 Y232.955
G1 X254.764 Y232.808
G1 X255.350 Y232.808
G1 X255.496 Y232.662
G1 X256.082 Y232.662
G1 X256.228 Y232.516
G1 X256.521 Y232.516
G1 X256.667 Y232.369
G1 X257.107 Y232.369
G1 X257.253 Y232.223
G1 X257.692 Y232.223
G1 X257.985 Y231.930
G1 X258.131 Y231.930
G1 X258.278 Y231.784
G1 X258.424 Y231.784
G1 X258.717 Y231.491
G1 X258.863 Y231.491
G1 X259.156 Y231.198
G1 X259.303 Y231.052
G1 X259.449 Y230.905
G1 X259.742 Y230.612
G1 X259.742 Y230.466
G1 X259.888 Y230.320
G1 X259.888 Y230.173
G1 X260.035 Y230.027
G1 X260.035 Y229.734
G1 X260.181 Y229.588
G1 X260.181 Y229.148
G1 X260.327 Y229.002
G1 X260.327 Y227.977
G1 X260.474 Y227.831
G1 X260.474 Y223.439
G1 X260.327 Y223.292
G1 X260.327 Y221.096
G1 X260.181 Y220.950
G1 X260.181 Y220.218
G1 X260.035 Y220.071
G1 X259.888 Y219.925
G1 X259.888 Y219.779
G1 X259.742 Y219.632
G1 X259.742 Y219.339
G1 X259.595 Y219.193
G1 X259.449 Y219.047
G1 X259.449 Y218.900
G1 X259.010 Y218.461
G1 X258.863 Y218.315
G1 X258.717 Y218.168
G1 X257.985 Y217.436
G1 X257.839 Y217.436
G1 X257.692 Y217.290
G1 X257.546 Y217.143
G1 X257.399 Y217.143
G1 X257.253 Y216.997
G1 X257.107 Y216.997
G1 X256.814 Y216.704
G1 X256.667 Y216.704
G1 X256.521 Y216.558
G1 X256.375 Y216.558
G1 X256.228 Y216.411
G1 X256.082 Y216.411
G1 X255.935 Y216.265
G1 X255.789 Y216.265
G1 X255.643 Y216.118
G1 X255.496 Y216.118
G1 X255.350 Y215.972
G1 X255.203 Y215.972
G1 X254.910 Y215.679
G1 X254.764 Y215.679
G1 X254.618 Y215.533
G1 X254.471 Y215.533
G1 X254.325 Y215.386
G1 X254.032 Y215.386
G1 X253.886 Y215.240
G1 X253.739 Y215.240
G1 X253.593 Y215.094
G1 X253.300 Y215.094
G1 X253.154 Y214.947
G1 X253.007 Y214.947
G1 X252.861 Y214.801
G1 X252.714 Y214.801
G1 X252.568 Y214.654
G1 X252.422 Y214.654
G1 X252.275 Y214.508
G1 X251.982 Y214.508
G1 X251.836 Y214.362
G1 X251.690 Y214.362
G1 X251.543 Y214.215
G1 X251.397 Y214.215
G1 X251.250 Y214.069
G1 X251.104 Y214.069
G1 X250.958 Y213.922
G1 X250.665 Y213.922
G1 X250.518 Y213.776
G1 X250.372 Y213.776
G1 X250.226 Y213.630
G1 X249.933 Y213.630
G1 X249.786 Y213.483
G1 X249.640 Y213.483
G1 X249.494 Y213.337
G1 X249.347 Y213.337
G1 X249.201 Y213.190
G1 X249.054 Y213.190
G1 X248.908 Y213.044
G1 X248.762 Y213.044
G1 X248.615 Y212.898
G1 X248.469 Y212.898
G1 X248.322 Y212.751
G1 X248.030 Y212.751
G1 X247.883 Y212.605
G1 X247.590 Y212.605
G1 X247.444 Y212.458
G1 X247.151 Y212.458
G1 X247.005 Y212.312
G1 X246.712 Y212.312
G1 X246.565 Y212.166
G1 X246.419 Y212.166
G1 X246.273 Y212.019
G1 X246.126 Y212.019
G1 X245.980 Y211.873
G1 X245.687 Y211.873
G1 X245.541 Y211.726
G1 X245.394 Y211.580
G1 X245.101 Y211.580
G1 X244.955 Y211.434
G1 X244.809 Y211.434
G1 X244.662 Y211.287
G1 X244.369 Y211.287
G1 X244.223 Y211.141
G1 X244.077 Y211.141
G1 X243.930 Y210.994
G1 X243.784 Y210.994
G1 X243.637 Y210.848
G1 X243.345 Y210.848
G1 X243.198 Y210.701
G1 X242.905 Y210.701
G1 X242.759 Y210.555
G1 X242.466 Y210.555
G1 X242.320 Y210.409
G1 X242.173 Y210.409
G1 X242.027 Y210.262
G1 X241.734 Y210.262
G1 X241.588 Y210.116
G1 X241.149 Y210.116
G1 X241.002 Y209.969
G1 X240.417 Y209.969
G1 X240.270 Y209.823
G1 X239.684 Y209.823
G1 X239.538 Y209.677
G1 X238.220 Y209.677
G1 X238.074 Y209.530
G1 X237.928 Y209.530
G1 X237.781 Y209.677
G1 X236.756 Y209.677
G1 X236.610 Y209.823
G1 X236.317 Y209.823
G1 X236.171 Y209.969
G1 X235.585 Y209.969
G1 X235.439 Y210.116
G1 X235.146 Y210.116
G1 X235.000 Y210.262
G1 X234.853 Y210.262
G1 X234.707 Y210.409
G1 X234.560 Y210.409
G1 X234.414 Y210.555
G1 X234.121 Y210.555
G1 X233.975 Y210.701
G1 X233.828 Y210.701
G1 X233.682 Y210.848
G1 X233.536 Y210.848
G1 X233.389 Y210.994
G1 X233.243 Y210.994
G1 X232.950 Y211.287
G1 X232.804 Y211.287
G1 X232.657 Y211.434
G1 X232.511 Y211.434
G1 X232.364 Y211.580
G1 X232.218 Y211.580
G1 X232.071 Y211.726
G1 X231.925 Y211.873
G1 X231.779 Y211.873
G1 X231.632 Y212.019
G1 X231.486 Y212.166
G1 X231.339 Y212.166
G1 X231.193 Y212.312
G1 X231.047 Y212.312
G1 X230.900 Y212.458
G1 X230.754 Y212.458
G1 X230.461 Y212.751
G1 X230.315 Y212.751
G1 X230.022 Y213.044
G1 X229.875 Y213.044
G1 X229.729 Y213.190
G1 X229.583 Y213.337
G1 X229.436 Y213.337
G1 X229.143 Y213.630
G1 X228.997 Y213.630
G1 X228.851 Y213.776
G1 X228.704 Y213.922
G1 X228.558 Y213.922
G1 X228.265 Y214.215
G1 X228.119 Y214.362
G1 X227.972 Y214.362
G1 X227.826 Y214.508
G1 X227.679 Y214.654
G1 X227.533 Y214.654
G1 X227.387 Y214.801
G1 X227.240 Y214.947
G1 X227.094 Y215.094
G1 X226.947 Y215.240
G1 X226.801 Y215.240
G1 X226.069 Y215.972
G1 X225.923 Y215.972
G1 X225.776 Y216.118
G1 X225.630 Y216.265
G1 X225.483 Y216.411
G1 X225.337 Y216.558
G1 X225.191 Y216.704
G1 X225.044 Y216.850
G1 X224.898 Y216.997
G1 X224.751 Y216.997
G1 X223.580 Y218.168
G1 X223.434 Y218.315
G1 X223.287 Y218.461
G1 X222.848 Y218.900
G1 X222.702 Y219.047
G1 X222.555 Y219.193
G1 X222.116 Y219.632
G1 X222.116 Y219.779
G1 X221.970 Y219.925
G1 X221.823 Y220.071
G1 X221.677 Y220.218
G1 X221.530 Y220.364
G1 X221.530 Y220.511
G1 X221.091 Y220.950
G1 X221.091 Y221.096
G1 X220.945 Y221.243
G1 X220.945 Y221.389
G1 X220.798 Y221.535
G1 X220.798 Y221.682
G1 X220.652 Y221.828
G1 X220.652 Y222.414
G1 X220.506 Y222.560
G1 X220.506 Y223.878
G1 X220.652 Y224.024
G1 X220.652 Y224.463
G1 X220.798 Y224.610
G1 X220.798 Y224.903
G1 X220.945 Y225.049
G1 X221.384 Y225.488
G1 X221.384 Y225.635
G1 X221.823 Y226.074
G1 X221.970 Y226.220
G1 X222.116 Y226.367
G1 X222.555 Y226.806
G1 X222.702 Y226.952
G1 X222.848 Y227.099
G1 X222.994 Y227.099
G1 X223.141 Y227.245
G1 X223.287 Y227.392
G1 X223.434 Y227.538
G1 X223.580 Y227.538
G1 X223.873 Y227.831
G1 X224.019 Y227.831
G1 X224.166 Y227.977
G1 X224.312 Y228.124
G1 X224.458 Y228.270
G1 X224.605 Y228.416
G1 X224.751 Y228.416
G1 X224.898 Y228.563
G1 X225.044 Y228.563
G1 X225.191 Y228.709
G1 X225.337 Y228.856
G1 X225.483 Y228.856
G1 X225.630 Y229.002
G1 X225.776 Y229.002
G1 X225.923 Y229.148
G1 X226.069 Y229.295
G1 X226.215 Y229.295
G1 X226.362 Y229.441
G1 X226.508 Y229.441
G1 X226.801 Y229.734
G1 X226.947 Y229.734
G1 X227.094 Y229.880
G1 X227.240 Y229.880
G1 X227.387 Y230.027
G1 X227.533 Y230.027
G1 X227.679 Y230.173
G1 X227.826 Y230.173
G1 X227.972 Y230.320
G1 X228.119 Y230.320
G1 X228.265 Y230.466
G1 X228.558 Y230.466
G1 X228.704 Y230.612
G1 X228.851 Y230.612
G1 X228.997 Y230.759
G1 X229.143 Y230.759
G1 X229.290 Y230.905
G1 X229.583 Y230.905
G1 X229.729 Y231.052
G1 X230.168 Y231.052
G1 X230.315 Y231.198
G1 X230.607 Y231.198
G1 X230.754 Y231.344
G1 X231.193 Y231.344
G1 X231.339 Y231.491
G1 X231.779 Y231.491
G1 X231.925 Y231.637
G1 X232.364 Y231.637
G1 X232.511 Y231.784
G1 X236.024 Y231.784
G1 X236.171 Y231.637
G1 X236.464 Y231.637
G1 X236.171 Y231.637
G1 X236.024 Y231.784
G1 X232.511 Y231.784
G1 X232.364 Y231.637
G1 X231.925 Y231.637
G1 X231.779 Y231.491
G1 X231.339 Y231.491
G1 X231.193 Y231.344
G1 X230.754 Y231.344
G1 X230.607 Y231.198
G1 X230.315 Y231.198
G1 X230.168 Y231.052
G1 X229.729 Y231.052
G1 X229.583 Y230.905
G1 X229.290 Y230.905
G1 X229.143 Y230.759
G1 X228.997 Y230.759
G1 X228.851 Y230.612
G1 X228.704 Y230.612
G1 X228.558 Y230.466
G1 X228.265 Y230.466
G1 X228.119 Y230.320
G1 X227.972 Y230.320
G1 X227.826 Y230.173
G1 X227.679 Y230.173
G1 X227.533 Y230.027
G1 X227.387 Y230.027
G1 X227.240 Y229.880
G1 X227.094 Y229.880
G1 X226.947 Y229.734
G1 X226.801 Y229.734
G1 X226.508 Y229.441
G1 X226.362 Y229.441
G1 X226.215 Y229.295
G1 X226.069 Y229.295
G1 X225.923 Y229.148
G1 X225.776 Y229.002
G1 X225.630 Y229.002
G1 X225.483 Y228.856
G1 X225.337 Y228.856
G1 X225.191 Y228.709
G1 X225.044 Y228.563
G1 X224.898 Y228.563
G1 X224.751 Y228.416
G1 X224.605 Y228.416
G1 X224.458 Y228.270
G1 X224.312 Y228.124
G1 X224.166 Y227.977
G1 X224.019 Y227.831
G1 X223.873 Y227.831
G1 X223.580 Y227.538
G1 X223.434 Y227.538
G1 X223.287 Y227.392
G1 X223.141 Y227.245
G1 X222.994 Y227.099
G1 X222.848 Y227.099
G1 X222.702 Y226.952
G1 X222.555 Y226.806
G1 X222.116 Y226.367
G1 X221.970 Y226.220
G1 X221.823 Y226.074
G1 X221.384 Y225.635
G1 X221.384 Y225.488
G1 X220.945 Y225.049
G1 X220.798 Y224.903
G1 X220.798 Y224.610
G1 X220.652 Y224.463
G1 X220.652 Y224.024
G1 X220.506 Y223.878
G1 X220.506 Y222.560
G1 X220.652 Y222.414
G1 X220.652 Y221.828
G1 X220.798 Y221.682
G1 X220.798 Y221.535
G1 X220.945 Y221.389
G1 X220.945 Y221.243
G1 X221.091 Y221.096
G1 X221.091 Y220.950
G1 X221.530 Y220.511
G1 X221.530 Y220.364
G1 X221.677 Y220.218
G1 X221.823 Y220.071
G1 X221.970 Y219.925
G1 X222.116 Y219.779
G1 X222.116 Y219.632
G1 X222.555 Y219.193
G1 X222.702 Y219.047
G1 X222.848 Y218.900
G1 X223.287 Y218.461
G1 X223.434 Y218.315
G1 X223.580 Y218.168
G1 X224.751 Y216.997
G1 X224.898 Y216.997
G1 X225.044 Y216.850
G1 X225.191 Y216.704
G1 X225.337 Y216.558
G1 X225.483 Y216.411
G1 X225.630 Y216.265
G1 X225.776 Y216.118
G1 X225.923 Y215.972
G1 X226.069 Y215.972
G1 X226.801 Y215.240
G1 X226.947 Y215.240
G1 X227.094 Y215.094
G1 X227.240 Y214.947
G1 X227.387 Y214.801
G1 X227.533 Y214.654
G1 X227.679 Y214.654
G1 X227.826 Y214.508
G1 X227.972 Y214.362
G1 X228.119 Y214.362
G1 X228.265 Y214.215
G1 X228.558 Y213.922
G1 X228.704 Y213.922
G1 X228.851 Y213.776
G1 X228.997 Y213.630
G1 X229.143 Y213.630
G1 X229.436 Y213.337
G1 X229.583 Y213.337
G1 X229.729 Y213.190
G1 X229.875 Y213.044
G1 X230.022 Y213.044
G1 X230.315 Y212.751
G1 X230.461 Y212.751
G1 X230.754 Y212.458
G1 X230.900 Y212.458
G1 X231.047 Y212.312
G1 X231.193 Y212.312
G1 X231.339 Y212.166
G1 X231.486 Y212.166
G1 X231.632 Y212.019
G1 X231.779 Y211.873
G1 X231.925 Y211.873
G1 X232.071 Y211.726
G1 X232.218 Y211.580
G1 X232.364 Y211.580
G1 X232.511 Y211.434
G1 X232.657 Y211.434
G1 X232.804 Y211.287
G1 X232.950 Y211.287
G1 X233.243 Y210.994
G1 X233.389 Y210.994
G1 X233.536 Y210.848
G1 X233.682 Y210.848
G1 X233.828 Y210.701
G1 X233.975 Y210.701
G1 X234.121 Y210.555
G1 X234.414 Y210.555
G1 X234.560 Y210.409
G1 X234.707 Y210.409
G1 X234.853 Y210.262
G1 X235.000 Y210.262
G1 X235.146 Y210.116
G1 X235.439 Y210.116
G1 X235.585 Y209.969
G1 X236.171 Y209.969
G1 X236.317 Y209.823
G1 X236.610 Y209.823
G1 X236.756 Y209.677
G1 X237.781 Y209.677
G1 X237.928 Y209.530
G1 X238.074 Y209.530
G1 X238.220 Y209.677
G1 X239.538 Y209.677
G1 X239.684 Y209.823
G1 X240.270 Y209.823
G1 X240.417 Y209.969
G1 X241.002 Y209.969
G1 X241.149 Y210.116
G1 X241.588 Y210.116
G1 X241.734 Y210.262
G1 X242.027 Y210.262
G1 X242.173 Y210.409
G1 X242.320 Y210.409
G1 X242.466 Y210.555
G1 X242.759 Y210.555
G1 X242.905 Y210.701
G1 X243.198 Y210.701
G1 X243.345 Y210.848
G1 X243.637 Y210.848
G1 X243.784 Y210.994
G1 X243.930 Y210.994
G1 X244.077 Y211.141
G1 X244.223 Y211.141
G1 X244.369 Y211.287
G1 X244.662 Y211.287
G1 X244.809 Y211.434
G1 X244.955 Y211.434
G1 X245.101 Y211.580
G1 X245.394 Y211.580
G1 X245.541 Y211.726
G1 X245.687 Y211.873
G1 X245.980 Y211.873
G1 X246.126 Y212.019
G1 X246.273 Y212.019
G1 X246.419 Y212.166
G1 X246.565 Y212.166
G1 X246.712 Y212.312
G1 X247.005 Y212.312
G1 X247.151 Y212.458
G1 X247.444 Y212.458
G1 X247.590 Y212.605
G1 X247.883 Y212.605
G1 X248.030 Y212.751
G1 X248.322 Y212.751
G1 X248.469 Y212.898
G1 X248.615 Y212.898
G1 X248.762 Y213.044
G1 X248.908 Y213.044
G1 X249.054 Y213.190
G1 X249.201 Y213.190
G1 X249.347 Y213.337
G1 X249.494 Y213.337
G1 X249.640 Y213.483
G1 X249.786 Y213.483
G1 X249.933 Y213.630
G1 X250.226 Y213.630
G1 X250.372 Y213.776
G1 X250.518 Y213.776
G1 X250.665 Y213.922
G1 X250.958 Y213.922
G1 X251.104 Y214.069
G1 X251.250 Y214.069
G1 X251.397 Y214.215
G1 X251.543 Y214.215
G1 X251.690 Y214.362
G1 X251.836 Y214.362
G1 X251.982 Y214.508
G1 X252.275 Y214.508
G1 X252.422 Y214.654
G1 X252.568 Y214.654
G1 X252.714 Y214.801
G1 X252.861 Y214.801
G1 X253.007 Y214.947
G1 X253.154 Y214.947
G1 X253.300 Y215.094
G1 X253.593 Y215.094
G1 X253.739 Y215.240
G1 X253.886 Y215.240
G1 X254.032 Y215.386
G1 X254.325 Y215.386
G1 X254.471 Y215.533
G1 X254.618 Y215.533
G1 X254.764 Y215.679
G1 X254.910 Y215.679
G1 X255.203 Y215.972
G1 X255.350 Y215.972
G1 X255.496 Y216.118
G1 X255.643 Y216.118
G1 X255.789 Y216.265
G1 X255.935 Y216.265
G1 X256.082 Y216.411
G1 X256.228 Y216.411
G1 X256.375 Y216.558
G1 X256.521 Y216.558
G1 X256.667 Y216.704
G1 X256.814 Y216.704
G1 X257.107 Y216.997
G1 X257.253 Y216.997
G1 X257.399 Y217.143
G1 X257.546 Y217.143
G1 X257.692 Y217.290
G1 X257.839 Y217.436
G1 X257.985 Y217.436
G1 X258.717 Y218.168
G1 X258.863 Y218.315
G1 X259.010 Y218.461
G1 X259.449 Y218.900
G1 X259.449 Y219.047
G1 X259.595 Y219.193
G1 X259.742 Y219.339
G1 X259.742 Y219.632
G1 X259.888 Y219.779
G1 X259.888 Y219.925
G1 X260.035 Y220.071
G1 X260.181 Y220.218
G1 X260.181 Y220.950
G1 X260.327 Y221.096
G1 X260.327 Y223.292
G1 X260.474 Y223.439
G1 X260.474 Y227.831
G1 X260.327 Y227.977
G1 X260.327 Y229.002
G1 X260.181 Y229.148
G1 X260.181 Y229.588
G1 X260.035 Y229.734
G1 X260.035 Y230.027
G1 X259.888 Y230.173
G1 X259.888 Y230.320
G1 X259.742 Y230.466
G1 X259.742 Y230.612
G1 X259.449 Y230.905
G1 X259.303 Y231.052
G1 X259.156 Y231.198
G1 X258.863 Y231.491
G1 X258.717 Y231.491
G1 X258.424 Y231.784
G1 X258.278 Y231.784
G1 X258.131 Y231.930
G1 X257.985 Y231.930
G1 X257.692 Y232.223
G1 X257.253 Y232.223
G1 X257.107 Y232.369
G1 X256.667 Y232.369
G1 X256.521 Y232.516
G1 X256.228 Y232.516
G1 X256.082 Y232.662
G1 X255.496 Y232.662
G1 X255.350 Y232.808
G1 X254.764 Y232.808
G1 X254.618 Y232.955
G1 X254.178 Y232.955
G1 X254.032 Y233.101
G1 X253.446 Y233.101
G1 X253.300 Y233.248
G1 X252.275 Y233.248
G1 X252.129 Y233.394
G1 X250.958 Y233.394
G1 X250.811 Y233.541
G1 X249.640 Y233.541
G1 X249.494 Y233.687
G1 X248.176 Y233.687
G1 X248.030 Y233.833
G1 X245.248 Y233.833
G1 X245.101 Y233.980
G1 X242.759 Y233.980
G1 X242.613 Y234.126
G1 X242.613 Y237.054
G1 X241.295 Y237.054
G1 X241.149 Y237.201
G1 X239.977 Y237.201
G1 X239.831 Y237.347
G1 X239.538 Y237.347
G1 X239.392 Y237.493
G1 X239.245 Y237.493
G1 X239.099 Y237.640
G1 X238.952 Y237.640
G1 X238.952 Y241.739
G1 X238.806 Y241.886
G1 X238.806 Y242.325
G1 X238.952 Y242.471
G1 X238.952 Y242.764
G1 X239.099 Y242.910
G1 X239.099 Y243.203
G1 X239.245 Y243.350
G1 X239.245 Y243.789
G1 X239.392 Y243.935
G1 X239.392 Y244.082
G1 X239.831 Y244.521
G1 X239.831 Y244.667
G1 X239.977 Y244.814
G1 X239.977 Y244.960
G1 X240.124 Y245.106
G1 X240.270 Y245.253
G1 X240.417 Y245.399
G1 X240.563 Y245.546
G1 X240.709 Y245.692
G1 X240.856 Y245.838
G1 X240.856 Y245.985
G1 X241.149 Y246.278
G1 X241.149 Y246.424
G1 X241.295 Y246.570
G1 X241.441 Y246.717
G1 X241.588 Y246.863
G1 X241.588 Y247.010
G1 X241.734 Y247.156
G1 X241.881 Y247.302
G1 X242.027 Y247.449
G1 X242.173 Y247.595
G1 X242.173 Y247.742
G1 X242.320 Y247.888
G1 X242.759 Y248.327
G1 X242.905 Y248.474
G1 X243.052 Y248.474
G1 X243.198 Y248.620
G1 X243.198 Y249.059
G1 X243.052 Y249.206
G1 X243.052 Y249.938
G1 X242.905 Y250.084
G1 X242.905 Y250.377
G1 X243.052 Y250.523
G1 X243.052 Y252.866
G1 X242.905 Y253.012
G1 X242.905 Y253.891
G1 X242.759 Y254.037
G1 X242.759 Y255.208
G1 X243.052 Y255.208
G1 X243.198 Y255.355
G1 X243.345 Y255.501
G1 X243.491 Y255.501
G1 X243.637 Y255.647
G1 X243.784 Y255.647
G1 X243.930 Y255.794
G1 X244.077 Y255.940
G1 X244.223 Y256.087
G1 X244.369 Y256.233
G1 X244.369 Y256.380
G1 X244.516 Y256.526
G1 X244.955 Y256.965
G1 X244.955 Y257.112
G1 X245.101 Y257.258
G1 X245.248 Y257.404
G1 X245.248 Y257.551
G1 X245.394 Y257.697
G1 X245.394 Y257.990
G1 X245.541 Y258.136
G1 X245.687 Y258.283
G1 X246.126 Y258.722
G1 X246.419 Y258.722
G1 X246.565 Y258.576
G1 X246.858 Y258.576
G1 X247.005 Y258.429
G1 X247.444 Y258.429
G1 X247.590 Y258.283
G1 X247.737 Y258.283
G1 X247.883 Y258.136
G1 X248.322 Y258.136
G1 X248.469 Y257.990
G1 X248.615 Y257.990
G1 X248.762 Y257.844
G1 X249.054 Y257.844
G1 X249.201 Y257.697
G1 X249.494 Y257.697
G1 X249.640 Y257.551
G1 X250.518 Y257.551
G1 X250.665 Y257.404
G1 X251.690 Y257.404
G1 X251.836 Y257.551
G1 X252.275 Y257.551
G1 X252.422 Y257.697
G1 X252.714 Y257.697
G1 X253.007 Y257.990
G1 X253.154 Y258.136
G1 X253.300 Y258.283
G1 X253.593 Y258.576
G1 X253.593 Y258.722
G1 X253.739 Y258.868
G1 X253.739 Y259.015
G1 X253.886 Y259.161
G1 X253.886 Y259.454
G1 X254.032 Y259.600
G1 X254.032 Y259.893
G1 X254.178 Y260.040
G1 X254.178 Y260.625
G1 X254.325 Y260.772
G1 X254.325 Y263.553
G1 X254.178 Y263.700
G1 X254.178 Y264.139
G1 X254.032 Y264.285
G1 X254.032 Y264.432
G1 X253.886 Y264.578
G1 X253.886 Y265.017
G1 X252.861 Y266.042
G1 X252.714 Y266.042
G1 X252.568 Y266.189
G1 X252.422 Y266.335
G1 X252.275 Y266.335
G1 X252.129 Y266.481
G1 X251.690 Y266.481
G1 X251.543 Y266.628
G1 X250.665 Y266.628
G1 X250.518 Y266.774
G1 X250.079 Y266.774
G1 X249.933 Y266.628
G1 X248.615 Y266.628
G1 X248.469 Y266.481
G1 X248.030 Y266.481
G1 X247.883 Y266.335
G1 X247.590 Y266.335
G1 X247.444 Y266.189
G1 X247.297 Y266.189
G1 X247.151 Y266.042
G1 X247.005 Y266.042
G1 X246.858 Y265.896
G1 X246.712 Y265.896
G1 X245.248 Y264.432
G1 X245.248 Y264.285
G1 X245.101 Y264.139
G1 X244.955 Y263.993
G1 X244.955 Y263.846
G1 X244.809 Y263.700
G1 X244.809 Y263.114
G1 X244.662 Y262.968
G1 X244.662 Y262.528
G1 X244.516 Y262.382
G1 X244.516 Y262.089
G1 X244.077 Y262.089
G1 X243.930 Y261.943
G1 X243.637 Y261.943
G1 X243.491 Y261.796
G1 X242.466 Y261.796
G1 X242.320 Y261.650
G1 X242.027 Y261.650
G1 X241.881 Y261.504
G1 X241.734 Y261.504
G1 X241.588 Y261.357
G1 X241.441 Y261.211
G1 X241.295 Y261.357
G1 X241.149 Y261.504
G1 X241.002 Y261.650
G1 X241.002 Y261.796
G1 X240.856 Y261.943
G1 X240.856 Y262.675
G1 X240.709 Y262.821
G1 X240.709 Y273.216
G1 X240.856 Y273.362
G1 X241.002 Y273.509
G1 X241.149 Y273.655
G1 X241.295 Y273.802
G1 X241.295 Y274.094
G1 X241.149 Y274.241
G1 X241.149 Y274.387
G1 X241.002 Y274.534
G1 X241.002 Y274.826
G1 X240.856 Y274.973
G1 X240.856 Y275.266
G1 X240.709 Y275.412
G1 X240.709 Y277.462
G1 X240.856 Y277.608
G1 X240.856 Y278.340
G1 X241.295 Y278.779
G1 X241.441 Y278.926
G1 X241.441 Y279.951
G1 X241.588 Y280.097
G1 X241.588 Y281.268
G1 X241.734 Y281.415
G1 X241.734 Y282.439
G1 X241.881 Y282.586
G1 X241.881 Y283.025
G1 X242.027 Y283.171
G1 X242.173 Y283.318
G1 X242.320 Y283.464
G1 X242.466 Y283.464
G1 X242.613 Y283.611
G1 X242.759 Y283.611
G1 X242.905 Y283.757
G1 X243.052 Y283.757
G1 X243.198 Y283.903
G1 X243.345 Y283.903
G1 X243.491 Y284.050
G1 X243.637 Y284.196
G1 X243.930 Y284.196
G1 X244.077 Y284.343
G1 X244.369 Y284.343
G1 X244.369 Y284.635
G1 X244.516 Y284.782
G1 X244.516 Y285.367
G1 X244.662 Y285.514
G1 X244.662 Y285.953
G1 X244.809 Y286.099
G1 X244.809 Y286.392
G1 X244.955 Y286.539
G1 X245.248 Y286.832
G1 X245.394 Y286.832
G1 X245.394 Y287.124
G1 X245.541 Y287.271
G1 X245.541 Y287.564
G1 X245.687 Y287.710
G1 X245.687 Y288.003
G1 X245.833 Y288.149
G1 X245.833 Y288.442
G1 X245.980 Y288.588
G1 X245.980 Y288.735
G1 X246.273 Y289.028
G1 X246.565 Y289.028
G1 X246.712 Y289.174
G1 X247.444 Y289.174
G1 X247.444 Y289.906
G1 X247.590 Y290.052
G1 X247.590 Y290.199
G1 X247.737 Y290.345
G1 X247.883 Y290.492
G1 X248.030 Y290.638
G1 X248.176 Y290.784
G1 X248.322 Y290.931
G1 X248.469 Y290.931
G1 X248.762 Y291.224
G1 X248.908 Y291.224
G1 X249.054 Y291.370
G1 X249.201 Y291.370
G1 X249.347 Y291.516
G1 X249.494 Y291.516
G1 X249.640 Y291.663
G1 X249.786 Y291.809
G1 X249.933 Y291.809
G1 X250.079 Y291.956
G1 X250.226 Y292.102
G1 X250.372 Y292.248
G1 X250.811 Y292.248
G1 X250.958 Y292.395
G1 X251.250 Y292.395
G1 X251.397 Y292.541
G1 X251.836 Y292.541
G1 X251.982 Y292.688
G1 X252.275 Y292.688
G1 X251.982 Y292.688
G1 X251.836 Y292.541
G1 X251.397 Y292.541
G1 X251.250 Y292.395
G1 X250.958 Y292.395
G1 X250.811 Y292.248
G1 X250.372 Y292.248
G1 X250.226 Y292.102
G1 X250.079 Y291.956
G1 X249.933 Y291.809
G1 X249.786 Y291.809
G1 X249.640 Y291.663
G1 X249.494 Y291.516
G1 X249.347 Y291.516
G1 X249.201 Y291.370
G1 X249.054 Y291.370
G1 X248.908 Y291.224
G1 X248.762 Y291.224
G1 X248.469 Y290.931
G1 X248.322 Y290.931
G1 X248.176 Y290.784
G1 X248.030 Y290.638
G1 X247.883 Y290.492
G1 X247.737 Y290.345
G1 X247.590 Y290.199
G1 X247.590 Y290.052
G1 X247.444 Y289.906
G1 X247.444 Y289.467
G1 X247.297 Y289.467
G1 X247.444 Y289.467
G1 X247.444 Y289.320
G1 X247.297 Y289.320
G1 X247.444 Y289.320
G1 X247.444 Y289.174
G1 X247.590 Y289.174
G1 X247.737 Y289.028
G1 X247.883 Y288.881
G1 X248.030 Y288.735
G1 X248.176 Y288.735
G1 X248.322 Y288.588
G1 X248.469 Y288.442
G1 X248.908 Y288.003
G1 X249.054 Y287.856
G1 X249.201 Y287.710
G1 X249.347 Y287.564
G1 X249.347 Y287.417
G1 X249.494 Y287.271
G1 X249.640 Y287.124
G1 X249.786 Y286.978
G1 X249.933 Y286.832
G1 X249.933 Y286.685
G1 X250.079 Y286.539
G1 X250.079 Y286.392
G1 X250.226 Y286.246
G1 X250.226 Y286.099
G1 X250.372 Y285.953
G1 X250.372 Y285.807
G1 X250.518 Y285.660
G1 X250.518 Y284.489
G1 X250.372 Y284.343
G1 X250.372 Y283.318
G1 X250.226 Y283.171
G1 X250.226 Y282.879
G1 X250.079 Y282.732
G1 X250.079 Y282.439
G1 X249.933 Y282.293
G1 X249.786 Y282.147
G1 X249.640 Y282.000
G1 X249.640 Y281.854
G1 X249.494 Y281.707
G1 X249.347 Y281.561
G1 X249.054 Y281.268
G1 X248.908 Y281.268
G1 X248.762 Y281.122
G1 X248.615 Y281.122
G1 X248.469 Y280.975
G1 X248.322 Y280.975
G1 X248.322 Y280.683
G1 X248.176 Y280.536
G1 X248.176 Y280.390
G1 X248.030 Y280.243
G1 X247.883 Y280.097
G1 X247.444 Y279.658
G1 X247.297 Y279.658
G1 X247.151 Y279.511
G1 X247.005 Y279.365
G1 X246.858 Y279.365
G1 X246.712 Y279.511
G1 X246.419 Y279.511
G1 X246.273 Y279.658
G1 X245.980 Y279.658
G1 X245.833 Y279.804
G1 X245.541 Y279.804
G1 X245.394 Y279.951
G1 X245.248 Y279.951
G1 X245.101 Y280.097
G1 X244.809 Y280.097
G1 X244.662 Y280.243
G1 X244.516 Y280.390
G1 X244.516 Y280.829
G1 X244.369 Y280.975
G1 X244.369 Y282.000
G1 X244.516 Y282.147
G1 X244.516 Y282.586
G1 X244.662 Y282.732
G1 X244.662 Y283.171
G1 X244.955 Y283.464
G1 X244.662 Y283.171
G1 X244.662 Y282.732
G1 X244.516 Y282.586
G1 X244.516 Y282.147
G1 X244.369 Y282.000
G1 X244.369 Y280.975
G1 X244.516 Y280.829
G1 X244.516 Y280.390
G1 X244.662 Y280.243
G1 X244.809 Y280.097
G1 X245.101 Y280.097
G1 X245.248 Y279.951
G1 X245.394 Y279.951
G1 X245.541 Y279.804
G1 X245.833 Y279.804
G1 X245.980 Y279.658
G1 X246.273 Y279.658
G1 X246.419 Y279.511
G1 X246.712 Y279.511
G1 X246.858 Y279.365
G1 X247.005 Y279.365
G1 X247.151 Y279.511
G1 X247.297 Y279.658
G1 X247.444 Y279.658
G1 X247.883 Y280.097
G1 X248.030 Y280.243
G1 X248.176 Y280.390
G1 X248.176 Y280.536
G1 X248.322 Y280.683
G1 X248.322 Y280.975
G1 X248.469 Y280.975
G1 X248.615 Y281.122
G1 X248.762 Y281.122
G1 X248.908 Y281.268
G1 X249.054 Y281.268
G1 X249.347 Y281.561
G1 X249.494 Y281.707
G1 X249.640 Y281.854
G1 X249.640 Y282.000
G1 X249.786 Y282.147
G1 X249.933 Y282.293
G1 X250.079 Y282.439
G1 X250.079 Y282.732
G1 X250.226 Y282.879
G1 X250.226 Y283.171
G1 X250.372 Y283.318
G1 X250.372 Y284.343
G1 X250.518 Y284.489
G1 X250.518 Y285.660
G1 X250.372 Y285.807
G1 X250.372 Y285.953
G1 X250.226 Y286.099
G1 X250.226 Y286.246
G1 X250.079 Y286.392
G1 X250.079 Y286.539
G1 X249.933 Y286.685
G1 X249.933 Y286.832
G1 X249.786 Y286.978
G1 X249.640 Y287.124
G1 X249.494 Y287.271
G1 X249.347 Y287.417
G1 X249.347 Y287.564
G1 X249.201 Y287.710
G1 X249.054 Y287.856
G1 X248.908 Y288.003
G1 X248.469 Y288.442
G1 X248.322 Y288.588
G1 X248.176 Y288.735
G1 X248.030 Y288.735
G1 X247.883 Y288.881
G1 X247.737 Y289.028
G1 X247.590 Y289.174
G1 X247.297 Y289.174
G1 X247.297 Y289.467
G1 X247.297 Y289.174
G1 X246.712 Y289.174
G1 X246.565 Y289.028
G1 X246.273 Y289.028
G1 X245.980 Y288.735
G1 X245.980 Y288.588
G1 X245.833 Y288.442
G1 X245.833 Y288.149
G1 X245.687 Y288.003
G1 X245.687 Y287.710
G1 X245.541 Y287.564
G1 X245.541 Y287.271
G1 X245.394 Y287.124
G1 X245.394 Y286.832
G1 X245.687 Y286.539
G1 X245.833 Y286.392
G1 X246.126 Y286.392
G1 X246.273 Y286.246
G1 X246.419 Y286.392
G1 X246.712 Y286.392
G1 X246.858 Y286.246
G1 X247.151 Y286.246
G1 X247.297 Y286.099
G1 X247.444 Y286.099
G1 X247.590 Y285.953
G1 X247.737 Y285.807
G1 X247.883 Y285.660
G1 X248.030 Y285.514
G1 X248.176 Y285.367
G1 X248.322 Y285.221
G1 X248.322 Y285.075
G1 X248.615 Y284.782
G1 X248.615 Y284.489
G1 X248.762 Y284.343
G1 X248.762 Y284.196
G1 X248.762 Y284.343
G1 X248.615 Y284.489
G1 X248.615 Y284.782
G1 X248.322 Y285.075
G1 X248.322 Y285.221
G1 X248.176 Y285.367
G1 X248.030 Y285.514
G1 X247.883 Y285.660
G1 X247.737 Y285.807
G1 X247.590 Y285.953
G1 X247.444 Y286.099
G1 X247.297 Y286.099
G1 X247.151 Y286.246
G1 X246.858 Y286.246
G1 X246.712 Y286.392
G1 X246.419 Y286.392
G1 X246.273 Y286.246
G1 X246.419 Y286.099
G1 X246.419 Y285.660
G1 X246.712 Y285.660
G1 X246.565 Y285.660
G1 X246.712 Y285.807
G1 X246.712 Y285.660
G1 X246.712 Y285.807
G1 X246.565 Y285.660
G1 X246.419 Y285.660
G1 X246.565 Y285.514
G1 X246.565 Y285.660
G1 X246.565 Y285.514
G1 X246.419 Y285.660
G1 X246.419 Y285.807
G1 X246.565 Y285.807
G1 X246.419 Y285.807
G1 X246.419 Y286.099
G1 X246.273 Y286.246
G1 X246.126 Y286.392
G1 X246.273 Y286.392
G1 X245.833 Y286.392
G1 X245.687 Y286.539
G1 X245.394 Y286.832
G1 X245.248 Y286.832
G1 X244.955 Y286.539
G1 X244.809 Y286.392
G1 X244.809 Y286.099
G1 X244.662 Y285.953
G1 X244.662 Y285.514
G1 X244.516 Y285.367
G1 X244.516 Y284.782
G1 X244.369 Y284.635
G1 X244.369 Y284.343
G1 X244.516 Y284.343
G1 X244.662 Y284.196
G1 X244.809 Y284.050
G1 X244.955 Y283.903
G1 X244.955 Y283.464
G1 X245.980 Y283.464
G1 X246.126 Y283.318
G1 X246.273 Y283.318
G1 X246.419 Y283.171
G1 X246.565 Y283.171
G1 X246.712 Y283.025
G1 X247.005 Y283.025
G1 X247.151 Y282.879
G1 X247.297 Y282.879
G1 X247.737 Y282.439
G1 X247.737 Y282.000
G1 X247.883 Y281.854
G1 X247.883 Y281.415
G1 X248.176 Y281.122
G1 X248.322 Y280.975
G1 X248.176 Y281.122
G1 X247.883 Y281.415
G1 X247.883 Y281.854
G1 X247.737 Y282.000
G1 X247.737 Y282.439
G1 X247.297 Y282.879
G1 X247.151 Y282.879
G1 X247.005 Y283.025
G1 X246.712 Y283.025
G1 X246.565 Y283.171
G1 X246.419 Y283.171
G1 X246.273 Y283.318
G1 X246.126 Y283.318
G1 X245.980 Y283.464
G1 X244.955 Y283.464
G1 X244.955 Y283.903
G1 X244.809 Y284.050
G1 X244.662 Y284.196
G1 X244.516 Y284.343
G1 X244.077 Y284.343
G1 X243.930 Y284.196
G1 X243.637 Y284.196
G1 X243.491 Y284.050
G1 X243.345 Y283.903
G1 X243.198 Y283.903
G1 X243.052 Y283.757
G1 X242.905 Y283.757
G1 X242.759 Y283.611
G1 X242.613 Y283.611
G1 X242.466 Y283.464
G1 X242.320 Y283.464
G1 X242.173 Y283.318
G1 X242.027 Y283.171
G1 X241.881 Y283.025
G1 X241.881 Y282.586
G1 X241.734 Y282.439
G1 X241.734 Y281.415
G1 X241.588 Y281.268
G1 X241.588 Y280.097
G1 X241.441 Y279.951
G1 X241.441 Y278.926
G1 X241.588 Y278.926
G1 X241.734 Y278.779
G1 X241.881 Y278.633
G1 X242.027 Y278.486
G1 X242.173 Y278.340
G1 X242.320 Y278.194
G1 X242.466 Y278.047
G1 X242.613 Y277.901
G1 X242.759 Y277.754
G1 X242.759 Y277.462
G1 X242.905 Y277.315
G1 X242.905 Y277.169
G1 X243.198 Y276.876
G1 X243.345 Y276.730
G1 X243.491 Y276.583
G1 X243.930 Y276.144
G1 X244.077 Y275.998
G1 X244.077 Y275.851
G1 X244.223 Y275.705
G1 X244.369 Y275.558
G1 X244.516 Y275.412
G1 X244.662 Y275.266
G1 X244.516 Y275.412
G1 X244.369 Y275.558
G1 X244.223 Y275.705
G1 X244.077 Y275.851
G1 X244.077 Y275.998
G1 X243.930 Y276.144
G1 X243.491 Y276.583
G1 X243.345 Y276.730
G1 X243.198 Y276.876
G1 X242.905 Y277.169
G1 X242.905 Y277.315
G1 X242.759 Y277.462
G1 X242.759 Y277.754
G1 X242.613 Y277.901
G1 X242.466 Y278.047
G1 X242.320 Y278.194
G1 X242.173 Y278.340
G1 X242.027 Y278.486
G1 X241.881 Y278.633
G1 X241.734 Y278.779
G1 X241.588 Y278.926
G1 X241.441 Y278.926
G1 X241.295 Y278.779
G1 X240.856 Y278.340
G1 X240.856 Y277.608
G1 X240.709 Y277.462
G1 X240.709 Y275.412
G1 X240.856 Y275.266
G1 X240.856 Y274.973
G1 X241.002 Y274.826
G1 X241.002 Y274.534
G1 X241.149 Y274.387
G1 X241.149 Y274.241
G1 X241.295 Y274.094
G1 X241.295 Y273.802
G1 X241.881 Y273.802
G1 X242.027 Y273.948
G1 X242.613 Y273.948
G1 X242.759 Y274.094
G1 X243.345 Y274.094
G1 X243.491 Y274.241
G1 X243.930 Y274.241
G1 X244.077 Y274.387
G1 X244.223 Y274.387
G1 X244.369 Y274.534
G1 X244.516 Y274.680
G1 X244.662 Y274.826
G1 X244.662 Y275.266
G1 X244.809 Y275.266
G1 X244.955 Y275.119
G1 X245.101 Y275.266
G1 X245.394 Y275.266
G1 X245.541 Y275.412
G1 X246.273 Y275.412
G1 X246.419 Y275.558
G1 X246.565 Y275.558
G1 X246.858 Y275.851
G1 X247.005 Y275.851
G1 X247.151 Y275.998
G1 X247.444 Y275.998
G1 X247.590 Y276.144
G1 X247.737 Y276.144
G1 X247.883 Y276.290
G1 X248.030 Y276.290
G1 X248.176 Y276.437
G1 X248.469 Y276.730
G1 X248.615 Y276.730
G1 X248.762 Y276.876
G1 X248.908 Y277.022
G1 X249.054 Y277.169
G1 X249.201 Y277.169
G1 X250.665 Y278.633
G1 X250.665 Y278.779
G1 X250.811 Y278.926
G1 X250.958 Y279.072
G1 X251.104 Y279.219
G1 X251.104 Y279.365
G1 X251.250 Y279.511
G1 X251.250 Y279.658
G1 X251.397 Y279.804
G1 X251.397 Y279.951
G1 X251.543 Y280.097
G1 X251.543 Y280.243
G1 X251.690 Y280.390
G1 X251.690 Y280.536
G1 X251.836 Y280.683
G1 X251.836 Y280.975
G1 X251.982 Y281.122
G1 X251.982 Y281.415
G1 X252.129 Y281.561
G1 X252.129 Y281.707
G1 X252.275 Y281.854
G1 X252.275 Y282.147
G1 X252.422 Y282.293
G1 X252.422 Y282.732
G1 X252.568 Y282.879
G1 X252.568 Y283.464
G1 X252.714 Y283.611
G1 X252.714 Y284.928
G1 X252.861 Y285.075
G1 X252.861 Y286.246
G1 X253.007 Y286.392
G1 X253.007 Y289.320
G1 X252.861 Y289.467
G1 X252.861 Y290.638
G1 X252.714 Y290.784
G1 X252.714 Y292.248
G1 X252.568 Y292.395
G1 X252.422 Y292.541
G1 X252.422 Y292.688
G1 X252.422 Y292.541
G1 X252.568 Y292.395
G1 X252.714 Y292.248
G1 X252.714 Y290.784
G1 X252.861 Y290.638
G1 X252.861 Y289.467
G1 X253.007 Y289.320
G1 X253.007 Y286.392
G1 X252.861 Y286.246
G1 X252.861 Y285.075
G1 X252.714 Y284.928
G1 X252.714 Y283.611
G1 X252.568 Y283.464
G1 X252.568 Y282.879
G1 X252.422 Y282.732
G1 X252.422 Y282.293
G1 X252.275 Y282.147
G1 X252.275 Y281.854
G1 X252.129 Y281.707
G1 X252.129 Y281.561
G1 X251.982 Y281.415
G1 X251.982 Y281.122
G1 X251.836 Y280.975
G1 X251.836 Y280.683
G1 X251.690 Y280.536
G1 X251.690 Y280.390
G1 X251.543 Y280.243
G1 X251.543 Y280.097
G1 X251.397 Y279.951
G1 X251.397 Y279.804
G1 X251.250 Y279.658
G1 X251.250 Y279.511
G1 X251.104 Y279.365
G1 X251.104 Y279.219
G1 X250.958 Y279.072
G1 X250.811 Y278.926
G1 X250.665 Y278.779
G1 X250.665 Y278.633
G1 X249.201 Y277.169
G1 X249.054 Y277.169
G1 X248.908 Y277.022
G1 X248.762 Y276.876
G1 X248.615 Y276.730
G1 X248.469 Y276.730
G1 X248.176 Y276.437
G1 X248.030 Y276.290
G1 X247.883 Y276.290
G1 X247.737 Y276.144
G1 X247.590 Y276.144
G1 X247.444 Y275.998
G1 X247.151 Y275.998
G1 X247.005 Y275.851
G1 X246.858 Y275.851
G1 X246.565 Y275.558
G1 X246.419 Y275.558
G1 X246.273 Y275.412
G1 X245.541 Y275.412
G1 X245.394 Y275.266
G1 X245.101 Y275.266
G1 X244.955 Y275.119
G1 X244.809 Y275.266
G1 X244.955 Y275.266
G1 X244.662 Y275.266
G1 X244.662 Y275.119
G1 X244.809 Y275.119
G1 X244.662 Y275.119
G1 X244.662 Y274.826
G1 X244.516 Y274.680
G1 X244.369 Y274.534
G1 X244.223 Y274.387
G1 X244.077 Y274.387
G1 X243.930 Y274.241
G1 X243.491 Y274.241
G1 X243.345 Y274.094
G1 X242.759 Y274.094
G1 X242.613 Y273.948
G1 X242.027 Y273.948
G1 X241.881 Y273.802
G1 X241.295 Y273.802
G1 X241.149 Y273.655
G1 X241.002 Y273.509
G1 X240.856 Y273.362
G1 X240.709 Y273.216
G1 X240.709 Y269.263
G1 X241.295 Y269.263
G1 X241.441 Y269.409
G1 X242.320 Y269.409
G1 X242.466 Y269.556
G1 X243.491 Y269.556
G1 X243.637 Y269.702
G1 X244.516 Y269.702
G1 X244.662 Y269.849
G1 X245.101 Y269.849
G1 X245.248 Y269.995
G1 X245.833 Y269.995
G1 X245.980 Y270.141
G1 X246.273 Y270.141
G1 X246.419 Y270.288
G1 X246.565 Y270.288
G1 X246.712 Y270.434
G1 X246.858 Y270.434
G1 X247.005 Y270.581
G1 X247.151 Y270.581
G1 X247.297 Y270.727
G1 X247.444 Y270.873
G1 X247.590 Y270.873
G1 X247.737 Y271.020
G1 X247.883 Y271.020
G1 X248.030 Y271.166
G1 X248.176 Y271.313
G1 X248.322 Y271.313
G1 X248.469 Y271.459
G1 X248.615 Y271.606
G1 X248.762 Y271.752
G1 X248.908 Y271.898
G1 X249.054 Y271.898
G1 X250.665 Y273.509
G1 X250.665 Y273.655
G1 X250.811 Y273.802
G1 X250.958 Y273.948
G1 X251.104 Y274.094
G1 X251.250 Y274.241
G1 X251.250 Y274.387
G1 X251.543 Y274.680
G1 X251.543 Y274.826
G1 X251.836 Y275.119
G1 X251.836 Y275.266
G1 X251.982 Y275.412
G1 X252.129 Y275.558
G1 X252.129 Y275.705
G1 X252.422 Y275.998
G1 X252.568 Y275.998
G1 X252.714 Y276.144
G1 X253.007 Y276.144
G1 X253.154 Y276.290
G1 X253.300 Y276.290
G1 X253.446 Y276.437
G1 X253.739 Y276.437
G1 X253.446 Y276.437
G1 X253.300 Y276.290
G1 X253.154 Y276.290
G1 X253.007 Y276.144
G1 X252.714 Y276.144
G1 X252.568 Y275.998
G1 X252.422 Y275.998
G1 X252.129 Y275.705
G1 X252.129 Y275.558
G1 X251.982 Y275.412
G1 X251.836 Y275.266
G1 X251.836 Y275.119
G1 X251.543 Y274.826
G1 X251.543 Y274.680
G1 X251.250 Y274.387
G1 X251.250 Y274.241
G1 X251.104 Y274.094
G1 X250.958 Y273.948
G1 X250.811 Y273.802
G1 X250.665 Y273.655
G1 X250.665 Y273.509
G1 X249.054 Y271.898
G1 X248.908 Y271.898
G1 X248.762 Y271.752
G1 X248.615 Y271.606
G1 X248.469 Y271.459
G1 X248.322 Y271.313
G1 X248.176 Y271.313
G1 X248.030 Y271.166
G1 X247.883 Y271.020
G1 X247.737 Y271.020
G1 X247.590 Y270.873
G1 X247.444 Y270.873
G1 X247.297 Y270.727
G1 X247.151 Y270.581
G1 X247.005 Y270.581
G1 X246.858 Y270.434
G1 X246.712 Y270.434
G1 X246.565 Y270.288
G1 X246.419 Y270.288
G1 X246.273 Y270.141
G1 X245.980 Y270.141
G1 X245.833 Y269.995
G1 X245.248 Y269.995
G1 X245.101 Y269.849
G1 X244.662 Y269.849
G1 X244.516 Y269.702
G1 X243.637 Y269.702
G1 X243.491 Y269.556
G1 X242.466 Y269.556
G1 X242.320 Y269.409
G1 X241.441 Y269.409
G1 X241.295 Y269.263
G1 X240.709 Y269.263
G1 X240.709 Y262.821
G1 X240.856 Y262.675
G1 X240.856 Y261.943
G1 X241.002 Y261.796
G1 X241.002 Y261.650
G1 X241.149 Y261.504
G1 X241.295 Y261.357
G1 X241.441 Y261.357
G1 X241.295 Y261.357
G1 X241.441 Y261.211
G1 X241.588 Y261.357
G1 X241.734 Y261.504
G1 X241.881 Y261.504
G1 X242.027 Y261.650
G1 X242.320 Y261.650
G1 X242.466 Y261.796
G1 X243.491 Y261.796
G1 X243.637 Y261.943
G1 X243.930 Y261.943
G1 X244.077 Y262.089
G1 X244.662 Y262.089
G1 X244.516 Y262.089
G1 X244.516 Y262.382
G1 X244.662 Y262.528
G1 X244.662 Y262.968
G1 X244.809 Y263.114
G1 X244.809 Y263.700
G1 X244.955 Y263.846
G1 X244.955 Y263.993
G1 X245.101 Y264.139
G1 X245.248 Y264.285
G1 X245.248 Y264.432
G1 X246.712 Y265.896
G1 X246.858 Y265.896
G1 X247.005 Y266.042
G1 X247.151 Y266.042
G1 X247.297 Y266.189
G1 X247.444 Y266.189
G1 X247.590 Y266.335
G1 X247.883 Y266.335
G1 X248.030 Y266.481
G1 X248.469 Y266.481
G1 X248.615 Y266.628
G1 X249.933 Y266.628
G1 X250.079 Y266.774
G1 X250.518 Y266.774
G1 X250.665 Y266.628
G1 X251.543 Y266.628
G1 X251.690 Y266.481
G1 X252.129 Y266.481
G1 X252.275 Y266.335
G1 X252.422 Y266.335
G1 X252.568 Y266.189
G1 X252.714 Y266.042
G1 X252.861 Y266.042
G1 X253.886 Y265.017
G1 X253.886 Y264.578
G1 X254.032 Y264.432
G1 X254.032 Y264.285
G1 X254.178 Y264.139
G1 X254.178 Y263.700
G1 X254.325 Y263.553
G1 X254.325 Y260.772
G1 X254.178 Y260.625
G1 X254.178 Y260.040
G1 X254.032 Y259.893
G1 X254.032 Y259.600
G1 X253.886 Y259.454
G1 X253.886 Y259.161
G1 X253.739 Y259.015
G1 X253.739 Y258.868
G1 X253.593 Y258.722
G1 X253.593 Y258.576
G1 X253.300 Y258.283
G1 X253.154 Y258.136
G1 X253.007 Y257.990
G1 X252.714 Y257.697
G1 X252.422 Y257.697
G1 X252.275 Y257.551
G1 X251.836 Y257.551
G1 X251.690 Y257.404
G1 X250.665 Y257.404
G1 X250.518 Y257.551
G1 X249.640 Y257.551
G1 X249.494 Y257.697
G1 X249.201 Y257.697
G1 X249.054 Y257.844
G1 X248.762 Y257.844
G1 X248.615 Y257.990
G1 X248.469 Y257.990
G1 X248.322 Y258.136
G1 X247.883 Y258.136
G1 X247.737 Y258.283
G1 X247.590 Y258.283
G1 X247.444 Y258.429
G1 X247.005 Y258.429
G1 X246.858 Y258.576
G1 X246.565 Y258.576
G1 X246.419 Y258.722
G1 X246.126 Y258.722
G1 X246.126 Y259.015
G1 X245.980 Y259.161
G1 X245.980 Y259.454
G1 X245.833 Y259.600
G1 X245.687 Y259.747
G1 X245.687 Y260.186
G1 X245.541 Y260.332
G1 X245.541 Y260.479
G1 X245.394 Y260.625
G1 X245.394 Y260.772
G1 X245.248 Y260.918
G1 X245.248 Y261.064
G1 X245.101 Y261.211
G1 X245.101 Y261.504
G1 X244.809 Y261.796
G1 X244.809 Y261.943
G1 X244.662 Y262.089
G1 X244.662 Y262.236
G1 X244.516 Y262.236
G1 X244.662 Y262.236
G1 X244.662 Y262.089
G1 X244.809 Y261.943
G1 X244.809 Y261.796
G1 X245.101 Y261.504
G1 X245.101 Y261.211
G1 X245.248 Y261.064
G1 X245.248 Y260.918
G1 X245.394 Y260.772
G1 X245.394 Y260.625
G1 X245.541 Y260.479
G1 X245.541 Y260.332
G1 X245.687 Y260.186
G1 X245.687 Y259.747
G1 X245.833 Y259.600
G1 X245.980 Y259.454
G1 X245.980 Y259.161
G1 X246.126 Y259.015
G1 X246.126 Y258.722
G1 X245.687 Y258.283
G1 X245.541 Y258.136
G1 X245.394 Y257.990
G1 X245.394 Y257.697
G1 X245.248 Y257.551
G1 X245.248 Y257.404
G1 X245.101 Y257.258
G1 X244.955 Y257.112
G1 X244.955 Y256.965
G1 X244.516 Y256.526
G1 X244.369 Y256.380
G1 X244.369 Y256.233
G1 X244.223 Y256.087
G1 X244.077 Y255.940
G1 X243.930 Y255.794
G1 X243.784 Y255.647
G1 X243.637 Y255.647
G1 X243.491 Y255.501
G1 X243.345 Y255.501
G1 X243.198 Y255.355
G1 X243.052 Y255.208
G1 X242.613 Y255.208
G1 X242.759 Y255.208
G1 X242.759 Y255.062
G1 X242.466 Y255.355
G1 X242.320 Y255.355
G1 X242.173 Y255.501
G1 X242.173 Y255.647
G1 X242.027 Y255.794
G1 X242.027 Y256.233
G1 X241.881 Y256.380
G1 X241.881 Y256.819
G1 X241.734 Y256.965
G1 X241.734 Y257.404
G1 X241.588 Y257.551
G1 X241.588 Y259.015
G1 X241.441 Y259.161
G1 X241.441 Y261.211
G1 X241.441 Y259.161
G1 X241.588 Y259.015
G1 X241.588 Y257.551
G1 X241.734 Y257.404
G1 X241.734 Y256.965
G1 X241.881 Y256.819
G1 X241.881 Y256.380
G1 X242.027 Y256.233
G1 X242.027 Y255.794
G1 X242.173 Y255.647
G1 X242.173 Y255.501
G1 X242.320 Y255.355
G1 X242.466 Y255.355
G1 X242.759 Y255.062
G1 X242.759 Y254.037
G1 X242.905 Y253.891
G1 X242.905 Y253.012
G1 X243.052 Y252.866
G1 X243.052 Y250.523
G1 X242.905 Y250.377
G1 X242.905 Y250.084
G1 X243.052 Y249.938
G1 X243.052 Y249.206
G1 X243.198 Y249.059
G1 X243.198 Y248.620
G1 X243.052 Y248.474
G1 X242.905 Y248.474
G1 X242.759 Y248.327
G1 X242.320 Y247.888
G1 X242.173 Y247.742
G1 X242.173 Y247.595
G1 X242.027 Y247.449
G1 X241.881 Y247.302
G1 X241.734 Y247.156
G1 X241.588 Y247.010
G1 X241.588 Y246.863
G1 X241.441 Y246.717
G1 X241.295 Y246.570
G1 X241.149 Y246.424
G1 X241.149 Y246.278
G1 X240.856 Y245.985
G1 X240.856 Y245.838
G1 X240.709 Y245.692
G1 X240.563 Y245.546
G1 X240.417 Y245.399
G1 X240.270 Y245.253
G1 X240.124 Y245.106
G1 X239.977 Y244.960
G1 X239.977 Y244.814
G1 X239.831 Y244.667
G1 X239.831 Y244.521
G1 X239.392 Y244.082
G1 X239.392 Y243.935
G1 X239.245 Y243.789
G1 X239.245 Y243.350
G1 X239.099 Y243.203
G1 X239.099 Y242.910
G1 X238.952 Y242.764
G1 X238.952 Y242.471
G1 X238.806 Y242.325
G1 X238.806 Y242.032
G1 X238.660 Y242.032
G1 X238.806 Y242.032
G1 X238.806 Y241.886
G1 X238.660 Y242.032
G1 X238.367 Y242.032
G1 X238.220 Y241.886
G1 X237.342 Y241.886
G1 X237.196 Y241.739
G1 X236.171 Y241.739
G1 X236.024 Y241.593
G1 X234.853 Y241.593
G1 X234.707 Y241.446
G1 X233.096 Y241.446
G1 X232.950 Y241.593
G1 X232.804 Y241.739
G1 X232.657 Y241.739
G1 X232.511 Y241.886
G1 X232.364 Y241.886
G1 X232.218 Y242.032
G1 X232.071 Y242.178
G1 X231.925 Y242.325
G1 X231.779 Y242.325
G1 X231.632 Y242.471
G1 X231.486 Y242.471
G1 X231.193 Y242.764
G1 X231.047 Y242.764
G1 X230.900 Y242.910
G1 X230.754 Y242.910
G1 X230.607 Y243.057
G1 X230.461 Y243.057
G1 X230.315 Y243.203
G1 X230.168 Y243.203
G1 X230.022 Y243.350
G1 X229.729 Y243.350
G1 X229.583 Y243.496
G1 X229.143 Y243.496
G1 X228.997 Y243.642
G1 X227.826 Y243.642
G1 X227.679 Y243.496
G1 X226.655 Y243.496
G1 X226.508 Y243.350
G1 X226.362 Y243.350
G1 X226.215 Y243.203
G1 X225.776 Y243.203
G1 X225.630 Y243.057
G1 X225.337 Y243.057
G1 X225.191 Y242.910
G1 X224.898 Y242.910
G1 X224.751 Y242.764
G1 X224.458 Y242.764
G1 X224.312 Y242.618
G1 X224.019 Y242.618
G1 X223.873 Y242.471
G1 X223.580 Y242.471
G1 X223.434 Y242.325
G1 X223.141 Y242.325
G1 X222.994 Y242.178
G1 X222.848 Y242.178
G1 X222.702 Y242.032
G1 X222.555 Y242.032
G1 X222.409 Y241.886
G1 X222.262 Y241.886
G1 X222.116 Y241.739
G1 X221.970 Y241.739
G1 X221.823 Y241.593
G1 X221.677 Y241.593
G1 X221.530 Y241.446
G1 X221.384 Y241.446
G1 X221.238 Y241.300
G1 X221.091 Y241.300
G1 X220.945 Y241.154
G1 X220.798 Y241.154
G1 X220.652 Y241.007
G1 X220.506 Y241.007
G1 X220.359 Y240.861
G1 X220.213 Y240.861
G1 X220.066 Y240.714
G1 X219.920 Y240.714
G1 X219.627 Y240.421
G1 X219.481 Y240.421
G1 X219.334 Y240.275
G1 X219.188 Y240.275
G1 X218.895 Y239.982
G1 X218.749 Y239.982
G1 X218.602 Y239.836
G1 X218.456 Y239.689
G1 X218.310 Y239.689
G1 X218.163 Y239.543
G1 X218.017 Y239.397
G1 X217.870 Y239.397
G1 X217.724 Y239.250
G1 X217.577 Y239.104
G1 X217.431 Y238.957
G1 X217.285 Y238.811
G1 X217.138 Y238.811
G1 X216.699 Y238.372
G1 X216.553 Y238.225
G1 X216.406 Y238.079
G1 X215.967 Y237.640
G1 X215.821 Y237.493
G1 X215.674 Y237.347
G1 X215.674 Y237.201
G1 X215.528 Y237.054
G1 X215.528 Y236.761
G1 X215.381 Y236.615
G1 X215.381 Y236.322
G1 X214.942 Y236.322
G1 X214.796 Y236.176
G1 X214.503 Y236.176
G1 X214.357 Y236.029
G1 X214.210 Y236.029
G1 X214.064 Y235.883
G1 X213.917 Y235.737
G1 X213.771 Y235.590
G1 X213.332 Y235.151
G1 X213.185 Y235.005
G1 X213.185 Y234.858
G1 X213.039 Y234.712
G1 X213.039 Y234.419
G1 X212.453 Y234.419
G1 X212.307 Y234.273
G1 X212.014 Y234.273
G1 X211.868 Y234.126
G1 X211.721 Y233.980
G1 X211.575 Y233.980
G1 X211.429 Y233.833
G1 X211.282 Y233.687
G1 X211.136 Y233.687
G1 X210.989 Y233.541
G1 X210.843 Y233.541
G1 X210.697 Y233.394
G1 X210.550 Y233.394
G1 X210.257 Y233.101
G1 X210.111 Y233.101
G1 X209.964 Y232.955
G1 X209.818 Y232.955
G1 X209.672 Y232.808
G1 X209.525 Y232.662
G1 X209.379 Y232.662
G1 X209.232 Y232.516
G1 X209.086 Y232.369
G1 X208.940 Y232.369
G1 X208.793 Y232.223
G1 X208.647 Y232.223
G1 X208.500 Y232.076
G1 X208.354 Y232.076
G1 X208.208 Y231.930
G1 X208.061 Y231.930
G1 X207.915 Y231.784
G1 X207.622 Y231.784
G1 X207.476 Y231.637
G1 X207.329 Y231.637
G1 X207.183 Y231.491
G1 X207.036 Y231.491
G1 X206.890 Y231.344
G1 X206.744 Y231.344
G1 X206.597 Y231.198
G1 X206.304 Y231.198
G1 X206.158 Y231.052
G1 X206.012 Y231.052
G1 X205.865 Y230.905
G1 X205.572 Y230.905
G1 X205.426 Y230.759
G1 X205.280 Y230.759
G1 X205.133 Y230.612
G1 X204.987 Y230.612
G1 X204.840 Y230.466
G1 X204.694 Y230.320
G1 X204.548 Y230.320
G1 X204.401 Y230.173
G1 X204.255 Y230.173
G1 X204.108 Y230.027
G1 X203.962 Y230.027
G1 X203.816 Y229.880
G1 X203.669 Y229.880
G1 X203.523 Y229.734
G1 X203.376 Y229.734
G1 X203.230 Y229.588
G1 X203.084 Y229.588
G1 X202.937 Y229.441
G1 X202.791 Y229.441
G1 X202.644 Y229.295
G1 X202.498 Y229.295
G1 X202.351 Y229.148
G1 X202.205 Y229.148
G1 X202.059 Y229.002
G1 X201.912 Y228.856
G1 X201.766 Y228.709
G1 X201.619 Y228.709
G1 X201.473 Y228.563
G1 X201.327 Y228.416
G1 X201.180 Y228.416
G1 X201.034 Y228.270
G1 X200.887 Y228.124
G1 X200.741 Y227.977
G1 X200.302 Y227.538
G1 X200.155 Y227.392
G1 X200.155 Y227.245
G1 X200.009 Y227.099
G1 X199.863 Y226.952
G1 X199.716 Y226.806
G1 X199.716 Y226.660
G1 X199.570 Y226.513
G1 X199.570 Y226.367
G1 X199.131 Y225.928
G1 X199.131 Y225.781
G1 X198.984 Y225.635
G1 X198.984 Y225.488
G1 X198.838 Y225.342
G1 X198.838 Y224.756
G1 X198.691 Y224.610
G1 X198.691 Y224.317
G1 X198.545 Y224.171
G1 X198.545 Y224.024
G1 X198.106 Y223.585
G1 X198.106 Y223.439
G1 X197.813 Y223.146
G1 X197.667 Y222.999
G1 X197.520 Y222.853
G1 X197.520 Y222.707
G1 X197.374 Y222.560
G1 X197.374 Y222.414
G1 X197.227 Y222.267
G1 X197.227 Y222.121
G1 X197.081 Y221.975
G1 X197.081 Y221.828
G1 X196.935 Y221.682
G1 X196.935 Y221.535
G1 X196.788 Y221.389
G1 X196.349 Y220.950
G1 X196.349 Y220.803
G1 X196.203 Y220.657
G1 X196.203 Y220.511
G1 X195.763 Y220.071
G1 X195.763 Y219.925
G1 X195.617 Y219.779
G1 X195.471 Y219.632
G1 X195.471 Y219.486
G1 X195.178 Y219.193
G1 X195.031 Y219.047
G1 X195.031 Y218.900
G1 X194.885 Y218.754
G1 X194.885 Y218.607
G1 X194.738 Y218.461
G1 X194.592 Y218.315
G1 X194.592 Y218.168
G1 X194.153 Y217.729
G1 X194.153 Y217.582
G1 X194.006 Y217.436
G1 X193.860 Y217.290
G1 X193.714 Y217.143
G1 X193.567 Y216.997
G1 X193.421 Y216.850
G1 X193.274 Y216.704
G1 X193.128 Y216.704
G1 X192.396 Y215.972
G1 X192.250 Y215.972
G1 X192.103 Y215.826
G1 X191.957 Y215.679
G1 X191.664 Y215.679
G1 X191.518 Y215.826
G1 X190.786 Y215.826
G1 X190.639 Y215.972
G1 X189.907 Y215.972
G1 X189.761 Y216.118
G1 X189.322 Y216.118
G1 X189.175 Y216.265
G1 X188.590 Y216.265
G1 X188.443 Y216.411
G1 X187.711 Y216.411
G1 X187.565 Y216.558
G1 X186.979 Y216.558
G1 X186.979 Y216.411
G1 X186.833 Y216.265
G1 X186.833 Y216.118
G1 X186.686 Y215.972
G1 X186.686 Y215.826
G1 X186.540 Y215.679
G1 X186.540 Y215.386
G1 X186.393 Y215.240
G1 X186.393 Y215.094
G1 X186.247 Y214.947
G1 X186.247 Y214.801
G1 X186.101 Y214.654
G1 X186.101 Y214.362
G1 X185.954 Y214.215
G1 X185.954 Y214.069
G1 X185.808 Y213.922
G1 X185.808 Y213.776
G1 X185.661 Y213.630
G1 X185.661 Y213.483
G1 X185.515 Y213.337
G1 X185.515 Y213.044
G1 X185.369 Y212.898
G1 X185.369 Y212.751
G1 X185.222 Y212.605
G1 X185.222 Y212.458
G1 X185.076 Y212.312
G1 X185.076 Y212.166
G1 X184.929 Y212.019
G1 X184.929 Y211.726
G1 X184.783 Y211.580
G1 X184.783 Y211.287
G1 X184.637 Y211.141
G1 X184.637 Y210.994
G1 X184.490 Y210.848
G1 X184.490 Y210.555
G1 X184.344 Y210.409
G1 X184.344 Y210.262
G1 X184.197 Y210.116
G1 X184.197 Y209.823
G1 X184.051 Y209.677
G1 X184.051 Y209.530
G1 X183.905 Y209.384
G1 X183.905 Y209.237
G1 X183.758 Y209.091
G1 X183.758 Y208.798
G1 X183.612 Y208.652
G1 X183.612 Y208.359
G1 X183.465 Y208.213
G1 X183.465 Y207.920
G1 X183.319 Y207.773
G1 X183.319 Y207.481
G1 X183.173 Y207.334
G1 X183.173 Y206.749
G1 X183.026 Y206.602
G1 X183.026 Y206.309
G1 X182.880 Y206.163
G1 X182.880 Y205.724
G1 X182.587 Y205.431
G1 X182.587 Y203.821
G1 X182.441 Y203.674
G1 X182.441 Y203.088
G1 X182.294 Y203.088
G1 X182.148 Y202.942
G1 X182.001 Y202.942
G1 X181.855 Y202.796
G1 X181.416 Y202.796
G1 X181.269 Y202.649
G1 X181.123 Y202.649
G1 X180.977 Y202.503
G1 X180.684 Y202.503
G1 X180.684 Y200.600
G1 X180.830 Y200.600
G1 X180.977 Y200.453
G1 X180.977 Y200.307
G1 X181.123 Y200.160
G1 X181.123 Y199.575
G1 X181.269 Y199.428
G1 X181.416 Y199.282
G1 X181.416 Y198.843
G1 X181.562 Y198.696
G1 X181.709 Y198.696
G1 X182.148 Y198.257
G1 X182.294 Y198.257
G1 X182.441 Y198.111
G1 X182.587 Y197.964
G1 X182.733 Y197.818
G1 X182.880 Y197.672
G1 X182.880 Y196.793
G1 X182.733 Y196.647
G1 X182.733 Y195.915
G1 X182.587 Y195.768
G1 X182.587 Y195.036
G1 X182.441 Y194.890
G1 X182.441 Y194.158
G1 X182.294 Y194.011
G1 X182.294 Y193.719
G1 X182.148 Y193.572
G1 X182.148 Y192.987
G1 X182.001 Y192.840
G1 X182.001 Y192.547
G1 X181.855 Y192.401
G1 X181.855 Y191.815
G1 X181.709 Y191.669
G1 X181.709 Y191.376
G1 X181.562 Y191.230
G1 X181.562 Y190.937
G1 X181.416 Y190.791
G1 X181.416 Y190.498
G1 X181.269 Y190.351
G1 X181.269 Y190.059
G1 X181.123 Y189.912
G1 X180.830 Y189.619
G1 X180.684 Y189.619
G1 X180.537 Y189.473
G1 X180.391 Y189.327
G1 X180.098 Y189.327
G1 X180.098 Y188.448
G1 X179.952 Y188.302
G1 X179.952 Y187.277
G1 X179.805 Y187.130
G1 X179.805 Y186.398
G1 X179.659 Y186.252
G1 X179.659 Y182.885
G1 X179.512 Y182.738
G1 X179.512 Y182.446
G1 X179.366 Y182.299
G1 X179.366 Y182.006
G1 X179.220 Y181.860
G1 X179.220 Y181.714
G1 X178.927 Y181.421
G1 X178.927 Y181.274
G1 X178.780 Y181.128
G1 X178.780 Y180.982
G1 X178.634 Y180.835
G1 X178.634 Y180.689
G1 X178.488 Y180.542
G1 X178.488 Y180.249
G1 X178.341 Y180.103
G1 X178.341 Y179.957
G1 X178.195 Y179.810
G1 X178.195 Y179.371
G1 X178.488 Y179.078
G1 X178.488 Y176.736
G1 X178.341 Y176.589
G1 X178.341 Y174.540
G1 X178.195 Y174.393
G1 X178.195 Y171.904
G1 X178.048 Y171.758
G1 X178.048 Y170.001
G1 X177.902 Y169.855
G1 X177.902 Y168.244
G1 X177.756 Y168.098
G1 X177.756 Y166.634
G1 X177.609 Y166.488
G1 X177.609 Y165.609
G1 X177.463 Y165.463
G1 X177.463 Y164.145
G1 X177.316 Y163.999
G1 X177.316 Y161.949
G1 X177.170 Y161.803
G1 X177.170 Y160.339
G1 X177.316 Y160.192
G1 X177.316 Y158.875
G1 X177.170 Y158.728
G1 X177.170 Y158.289
G1 X177.316 Y158.143
G1 X177.316 Y146.869
G1 X177.463 Y146.723
G1 X177.463 Y145.113
G1 X177.609 Y144.966
G1 X177.609 Y143.356
G1 X177.756 Y143.209
G1 X177.756 Y142.477
G1 X177.902 Y142.331
G1 X178.048 Y142.184
G1 X178.048 Y140.428
G1 X178.195 Y140.281
G1 X178.195 Y139.696
G1 X178.341 Y139.549
G1 X178.341 Y138.964
G1 X178.488 Y138.817
G1 X178.488 Y138.085
G1 X178.634 Y137.939
G1 X178.634 Y137.353
G1 X178.780 Y137.207
G1 X178.780 Y136.768
G1 X178.927 Y136.621
G1 X178.927 Y136.182
G1 X179.073 Y136.036
G1 X179.073 Y135.450
G1 X179.220 Y135.304
G1 X179.220 Y135.011
G1 X179.366 Y134.864
G1 X179.366 Y134.425
G1 X179.512 Y134.279
G1 X179.512 Y133.986
G1 X179.659 Y133.839
G1 X179.659 Y133.693
G1 X179.805 Y133.547
G1 X179.805 Y133.254
G1 X179.952 Y133.107
G1 X179.952 Y132.668
G1 X180.098 Y132.522
G1 X180.098 Y132.229
G1 X180.245 Y132.083
G1 X180.245 Y131.643
G1 X180.391 Y131.497
G1 X180.391 Y131.204
G1 X180.537 Y131.058
G1 X180.537 Y130.765
G1 X180.684 Y130.619
G1 X180.684 Y130.179
G1 X180.830 Y130.033
G1 X180.830 Y129.447
G1 X180.977 Y129.301
G1 X180.977 Y128.715
G1 X181.123 Y128.569
G1 X181.123 Y128.130
G1 X181.269 Y127.983
G1 X181.269 Y127.544
G1 X181.416 Y127.398
G1 X181.416 Y126.812
G1 X181.562 Y126.666
G1 X181.562 Y126.080
G1 X181.709 Y125.934
G1 X181.709 Y125.348
G1 X181.855 Y125.202
G1 X181.855 Y124.762
G1 X182.001 Y124.616
G1 X182.001 Y124.177
G1 X182.148 Y124.030
G1 X182.148 Y123.591
G1 X182.294 Y123.445
G1 X182.294 Y123.006
G1 X182.441 Y122.859
G1 X182.441 Y122.420
G1 X182.587 Y122.274
G1 X182.733 Y122.127
G1 X182.733 Y121.834
G1 X182.880 Y121.688
G1 X182.880 Y121.395
G1 X183.026 Y121.249
G1 X183.026 Y120.956
G1 X183.173 Y120.810
G1 X183.173 Y120.517
G1 X183.319 Y120.370
G1 X183.319 Y120.077
G1 X183.465 Y119.931
G1 X183.465 Y119.785
G1 X183.612 Y119.638
G1 X183.612 Y119.345
G1 X183.758 Y119.199
G1 X183.758 Y119.053
G1 X183.905 Y118.906
G1 X183.905 Y118.760
G1 X184.051 Y118.613
G1 X184.051 Y118.467
G1 X184.197 Y118.321
G1 X184.197 Y118.174
G1 X184.344 Y118.028
G1 X184.344 Y117.881
G1 X184.490 Y117.735
G1 X184.490 Y117.589
G1 X184.637 Y117.442
G1 X184.637 Y117.296
G1 X184.783 Y117.149
G1 X184.783 Y117.003
G1 X185.076 Y116.710
G1 X185.076 Y116.564
G1 X185.222 Y116.417
G1 X185.222 Y116.271
G1 X185.369 Y116.125
G1 X185.515 Y115.978
G1 X185.515 Y115.832
G1 X185.661 Y115.685
G1 X185.808 Y115.539
G1 X185.808 Y115.393
G1 X185.954 Y115.246
G1 X186.101 Y115.100
G1 X186.101 Y114.953
G1 X186.540 Y114.514
G1 X186.540 Y114.368
G1 X186.686 Y114.221
G1 X186.833 Y114.075
G1 X186.979 Y113.929
G1 X187.125 Y113.782
G1 X187.272 Y113.636
G1 X187.272 Y113.489
G1 X187.418 Y113.343
G1 X187.565 Y113.197
G1 X187.711 Y113.050
G1 X187.858 Y112.904
G1 X188.004 Y112.757
G1 X188.004 Y112.611
G1 X188.150 Y112.464
G1 X188.297 Y112.318
G1 X188.297 Y112.172
G1 X188.443 Y112.025
G1 X188.590 Y111.879
G1 X188.590 Y111.732
G1 X188.736 Y111.586
G1 X188.736 Y111.440
G1 X188.882 Y111.293
G1 X188.882 Y111.147
G1 X189.029 Y111.000
G1 X189.029 Y110.854
G1 X189.468 Y110.415
G1 X189.468 Y110.122
G1 X189.614 Y109.976
G1 X189.614 Y109.829
G1 X189.761 Y109.683
G1 X189.907 Y109.536
G1 X189.907 Y109.390
G1 X190.054 Y109.244
G1 X190.054 Y109.097
G1 X190.200 Y108.951
G1 X190.200 Y108.804
G1 X190.346 Y108.658
G1 X190.346 Y108.512
G1 X190.493 Y108.365
G1 X190.493 Y108.219
G1 X190.639 Y108.072
G1 X190.639 Y107.926
G1 X190.786 Y107.780
G1 X190.786 Y107.487
G1 X190.932 Y107.340
G1 X190.932 Y107.194
G1 X191.078 Y107.048
G1 X191.078 Y106.755
G1 X191.225 Y106.608
G1 X191.225 Y106.462
G1 X191.518 Y106.169
G1 X191.518 Y105.876
G1 X191.664 Y105.730
G1 X191.664 Y105.437
G1 X191.810 Y105.291
G1 X191.810 Y104.998
G1 X191.957 Y104.851
G1 X191.957 Y104.559
G1 X192.103 Y104.412
G1 X192.103 Y104.119
G1 X192.250 Y103.973
G1 X192.250 Y103.680
G1 X192.396 Y103.534
G1 X192.396 Y103.095
G1 X192.542 Y102.948
G1 X192.542 Y102.655
G1 X192.689 Y102.509
G1 X192.689 Y102.216
G1 X192.835 Y102.070
G1 X192.835 Y101.923
G1 X192.982 Y101.777
G1 X192.982 Y101.631
G1 X193.128 Y101.484
G1 X193.128 Y101.338
G1 X193.274 Y101.191
G1 X193.274 Y100.899
G1 X193.421 Y100.752
G1 X193.421 Y100.606
G1 X193.567 Y100.459
G1 X193.567 Y100.167
G1 X193.860 Y99.874
G1 X194.006 Y99.727
G1 X194.006 Y99.581
G1 X194.153 Y99.435
G1 X194.153 Y99.288
G1 X194.299 Y99.142
G1 X194.299 Y98.995
G1 X194.446 Y98.849
G1 X194.592 Y98.703
G1 X194.592 Y98.556
G1 X194.738 Y98.410
G1 X194.738 Y98.263
G1 X194.885 Y98.117
G1 X194.885 Y97.971
G1 X195.031 Y97.824
G1 X195.178 Y97.678
G1 X195.178 Y97.531
G1 X195.471 Y97.238
G1 X195.471 Y97.092
G1 X195.617 Y96.946
G1 X195.763 Y96.799
G1 X195.763 Y96.653
G1 X196.056 Y96.360
G1 X196.056 Y96.214
G1 X196.349 Y95.921
G1 X196.349 Y95.774
G1 X196.495 Y95.628
G1 X196.642 Y95.482
G1 X196.788 Y95.335
G1 X196.935 Y95.189
G1 X196.935 Y95.042
G1 X197.374 Y94.603
G1 X197.374 Y94.457
G1 X197.520 Y94.310
G1 X197.667 Y94.164
G1 X197.813 Y94.018
G1 X197.959 Y93.871
G1 X197.959 Y93.725
G1 X198.252 Y93.432
G1 X198.399 Y93.286
G1 X198.545 Y93.139
G1 X198.691 Y92.993
G1 X198.691 Y92.846
G1 X198.838 Y92.700
G1 X199.277 Y92.261
G1 X199.423 Y92.114
G1 X199.570 Y91.968
G1 X199.863 Y91.675
G1 X199.863 Y91.529
G1 X200.009 Y91.382
G1 X200.155 Y91.236
G1 X200.302 Y91.090
G1 X200.448 Y90.943
G1 X200.595 Y90.797
G1 X200.741 Y90.650
G1 X200.887 Y90.504
G1 X200.887 Y90.358
G1 X201.473 Y89.772
G1 X201.619 Y89.625
G1 X201.766 Y89.479
G1 X201.912 Y89.479
G1 X202.059 Y89.333
G1 X202.351 Y89.333
G1 X202.498 Y89.186
G1 X202.791 Y89.186
G1 X202.937 Y89.040
G1 X203.084 Y89.040
G1 X202.937 Y89.040
G1 X202.791 Y89.186
G1 X202.498 Y89.186
G1 X202.351 Y89.333
G1 X202.059 Y89.333
G1 X201.912 Y89.479
G1 X201.766 Y89.479
G1 X201.619 Y89.625
G1 X201.473 Y89.772
G1 X200.887 Y90.358
G1 X200.887 Y90.504
G1 X200.741 Y90.650
G1 X200.595 Y90.797
G1 X200.448 Y90.943
G1 X200.302 Y91.090
G1 X200.155 Y91.236
G1 X200.009 Y91.382
G1 X199.863 Y91.529
G1 X199.863 Y91.675
G1 X199.570 Y91.968
G1 X199.423 Y92.114
G1 X199.277 Y92.261
G1 X198.838 Y92.700
G1 X198.691 Y92.846
G1 X198.691 Y92.993
G1 X198.545 Y93.139
G1 X198.399 Y93.286
G1 X198.252 Y93.432
G1 X197.959 Y93.725
G1 X197.959 Y93.871
G1 X197.813 Y94.018
G1 X197.667 Y94.164
G1 X197.520 Y94.310
G1 X197.374 Y94.457
G1 X197.374 Y94.603
G1 X196.935 Y95.042
G1 X196.935 Y95.189
G1 X196.788 Y95.335
G1 X196.642 Y95.482
G1 X196.495 Y95.628
G1 X196.349 Y95.774
G1 X196.349 Y95.921
G1 X196.056 Y96.214
G1 X196.056 Y96.360
G1 X195.763 Y96.653
G1 X195.763 Y96.799
G1 X195.617 Y96.946
G1 X195.471 Y97.092
G1 X195.471 Y97.238
G1 X195.178 Y97.531
G1 X195.178 Y97.678
G1 X195.031 Y97.824
G1 X194.885 Y97.971
G1 X194.885 Y98.117
G1 X194.738 Y98.263
G1 X194.738 Y98.410
G1 X194.592 Y98.556
G1 X194.592 Y98.703
G1 X194.446 Y98.849
G1 X194.299 Y98.995
G1 X194.299 Y99.142
G1 X194.153 Y99.288
G1 X194.153 Y99.435
G1 X194.006 Y99.581
G1 X194.006 Y99.727
G1 X193.860 Y99.874
G1 X193.567 Y100.167
G1 X193.567 Y100.459
G1 X193.421 Y100.606
G1 X193.421 Y100.752
G1 X193.274 Y100.899
G1 X193.274 Y101.191
G1 X193.128 Y101.338
G1 X193.128 Y101.484
G1 X192.982 Y101.631
G1 X192.982 Y101.777
G1 X192.835 Y101.923
G1 X192.835 Y102.070
G1 X192.689 Y102.216
G1 X192.689 Y102.509
G1 X192.542 Y102.655
G1 X192.542 Y102.948
G1 X192.396 Y103.095
G1 X192.396 Y103.534
G1 X192.250 Y103.680
G1 X192.250 Y103.973
G1 X192.103 Y104.119
G1 X192.103 Y104.412
G1 X191.957 Y104.559
G1 X191.957 Y104.851
G1 X191.810 Y104.998
G1 X191.810 Y105.291
G1 X191.664 Y105.437
G1 X191.664 Y105.730
G1 X191.518 Y105.876
G1 X191.518 Y106.169
G1 X191.225 Y106.462
G1 X191.225 Y106.608
G1 X191.078 Y106.755
G1 X191.078 Y107.048
G1 X190.932 Y107.194
G1 X190.932 Y107.340
G1 X190.786 Y107.487
G1 X190.786 Y107.780
G1 X190.639 Y107.926
G1 X190.639 Y108.072
G1 X190.493 Y108.219
G1 X190.493 Y108.365
G1 X190.346 Y108.512
G1 X190.346 Y108.658
G1 X190.200 Y108.804
G1 X190.200 Y108.951
G1 X190.054 Y109.097
G1 X190.054 Y109.244
G1 X189.907 Y109.390
G1 X189.907 Y109.536
G1 X189.761 Y109.683
G1 X189.614 Y109.829
G1 X189.614 Y109.976
G1 X189.468 Y110.122
G1 X189.468 Y110.415
G1 X189.029 Y110.854
G1 X189.029 Y111.000
G1 X188.882 Y111.147
G1 X188.882 Y111.293
G1 X188.736 Y111.440
G1 X188.736 Y111.586
G1 X188.590 Y111.732
G1 X188.590 Y111.879
G1 X188.443 Y112.025
G1 X188.297 Y112.172
G1 X188.297 Y112.318
G1 X188.150 Y112.464
G1 X188.004 Y112.611
G1 X188.004 Y112.757
G1 X187.858 Y112.904
G1 X187.711 Y113.050
G1 X187.565 Y113.197
G1 X187.418 Y113.343
G1 X187.272 Y113.489
G1 X187.272 Y113.636
G1 X187.125 Y113.782
G1 X186.979 Y113.929
G1 X186.833 Y114.075
G1 X186.686 Y114.221
G1 X186.540 Y114.368
G1 X186.540 Y114.514
G1 X186.101 Y114.953
G1 X186.101 Y115.100
G1 X185.954 Y115.246
G1 X185.808 Y115.393
G1 X185.808 Y115.539
G1 X185.661 Y115.685
G1 X185.515 Y115.832
G1 X185.515 Y115.978
G1 X185.369 Y116.125
G1 X185.222 Y116.271
G1 X185.222 Y116.417
G1 X185.076 Y116.564
G1 X185.076 Y116.710
G1 X184.783 Y117.003
G1 X184.783 Y117.149
G1 X184.637 Y117.296
G1 X184.637 Y117.442
G1 X184.490 Y117.589
G1 X184.490 Y117.735
G1 X184.344 Y117.881
G1 X184.344 Y118.028
G1 X184.197 Y118.174
G1 X184.197 Y118.321
G1 X184.051 Y118.467
G1 X184.051 Y118.613
G1 X183.905 Y118.760
G1 X183.905 Y118.906
G1 X183.758 Y119.053
G1 X183.758 Y119.199
G1 X183.612 Y119.345
G1 X183.612 Y119.638
G1 X183.465 Y119.785
G1 X183.465 Y119.931
G1 X183.319 Y120.077
G1 X183.319 Y120.370
G1 X183.173 Y120.517
G1 X183.173 Y120.810
G1 X183.026 Y120.956
G1 X183.026 Y121.249
G1 X182.880 Y121.395
G1 X182.880 Y121.688
G1 X182.733 Y121.834
G1 X182.733 Y122.127
G1 X182.587 Y122.274
G1 X182.441 Y122.420
G1 X182.441 Y122.859
G1 X182.294 Y123.006
G1 X182.294 Y123.445
G1 X182.148 Y123.591
G1 X182.148 Y124.030
G1 X182.001 Y124.177
G1 X182.001 Y124.616
G1 X181.855 Y124.762
G1 X181.855 Y125.202
G1 X181.709 Y125.348
G1 X181.709 Y125.934
G1 X181.562 Y126.080
G1 X181.562 Y126.666
G1 X181.416 Y126.812
G1 X181.416 Y127.398
G1 X181.269 Y127.544
G1 X181.269 Y127.983
G1 X181.123 Y128.130
G1 X181.123 Y128.569
G1 X180.977 Y128.715
G1 X180.977 Y129.301
G1 X180.830 Y129.447
G1 X180.830 Y130.033
G1 X180.684 Y130.179
G1 X180.684 Y130.619
G1 X180.537 Y130.765
G1 X180.537 Y131.058
G1 X180.391 Y131.204
G1 X180.391 Y131.497
G1 X180.245 Y131.643
G1 X180.245 Y132.083
G1 X180.098 Y132.229
G1 X180.098 Y132.522
G1 X179.952 Y132.668
G1 X179.952 Y133.107
G1 X179.805 Y133.254
G1 X179.805 Y133.547
G1 X179.659 Y133.693
G1 X179.659 Y133.839
G1 X179.512 Y133.986
G1 X179.512 Y134.279
G1 X179.366 Y134.425
G1 X179.366 Y134.864
G1 X179.220 Y135.011
G1 X179.220 Y135.304
G1 X179.073 Y135.450
G1 X179.073 Y136.036
G1 X178.927 Y136.182
G1 X178.927 Y136.621
G1 X178.780 Y136.768
G1 X178.780 Y137.207
G1 X178.634 Y137.353
G1 X178.634 Y137.939
G1 X178.488 Y138.085
G1 X178.488 Y138.817
G1 X178.341 Y138.964
G1 X178.341 Y139.549
G1 X178.195 Y139.696
G1 X178.195 Y140.281
G1 X178.048 Y140.428
G1 X178.048 Y142.184
G1 X178.634 Y142.184
G1 X178.780 Y142.331
G1 X179.512 Y142.331
G1 X179.659 Y142.477
G1 X179.805 Y142.477
G1 X179.952 Y142.624
G1 X180.098 Y142.624
G1 X180.245 Y142.770
G1 X180.391 Y142.770
G1 X180.537 Y142.917
G1 X180.684 Y142.917
G1 X180.830 Y143.063
G1 X180.977 Y143.063
G1 X181.123 Y143.209
G1 X181.269 Y143.209
G1 X181.416 Y143.356
G1 X181.709 Y143.356
G1 X181.855 Y143.502
G1 X182.148 Y143.502
G1 X182.294 Y143.649
G1 X182.441 Y143.649
G1 X182.587 Y143.795
G1 X182.733 Y143.795
G1 X182.880 Y143.941
G1 X183.026 Y143.941
G1 X183.173 Y144.088
G1 X183.465 Y144.088
G1 X183.612 Y144.234
G1 X183.758 Y144.234
G1 X183.905 Y144.381
G1 X184.051 Y144.381
G1 X184.197 Y144.527
G1 X184.344 Y144.527
G1 X184.490 Y144.673
G1 X184.637 Y144.673
G1 X184.783 Y144.820
G1 X184.929 Y144.820
G1 X185.076 Y144.966
G1 X185.369 Y144.966
G1 X185.515 Y145.113
G1 X185.954 Y145.113
G1 X186.101 Y145.259
G1 X186.686 Y145.259
G1 X186.833 Y145.405
G1 X187.711 Y145.405
G1 X187.858 Y145.259
G1 X188.004 Y145.259
G1 X188.590 Y144.673
G1 X188.590 Y144.527
G1 X188.736 Y144.381
G1 X188.736 Y144.088
G1 X188.882 Y143.941
G1 X189.029 Y143.795
G1 X189.029 Y143.356
G1 X189.175 Y143.209
G1 X189.175 Y142.917
G1 X189.322 Y142.770
G1 X189.322 Y142.477
G1 X189.468 Y142.331
G1 X189.468 Y142.038
G1 X189.614 Y141.892
G1 X189.614 Y141.599
G1 X189.761 Y141.452
G1 X189.761 Y141.013
G1 X189.907 Y140.867
G1 X189.907 Y140.574
G1 X190.054 Y140.428
G1 X190.054 Y139.988
G1 X190.200 Y139.842
G1 X190.200 Y139.403
G1 X190.346 Y139.256
G1 X190.346 Y138.817
G1 X190.493 Y138.671
G1 X190.493 Y138.085
G1 X190.639 Y137.939
G1 X190.639 Y137.500
G1 X190.786 Y137.353
G1 X190.786 Y136.914
G1 X190.932 Y136.768
G1 X190.932 Y136.328
G1 X191.078 Y136.182
G1 X191.078 Y135.743
G1 X191.225 Y135.596
G1 X191.225 Y135.011
G1 X191.371 Y134.864
G1 X191.371 Y134.718
G1 X191.518 Y134.571
G1 X191.518 Y133.839
G1 X191.664 Y133.693
G1 X191.664 Y133.254
G1 X191.810 Y133.107
G1 X191.810 Y132.668
G1 X191.957 Y132.522
G1 X191.957 Y131.936
G1 X192.103 Y131.790
G1 X192.103 Y131.643
G1 X192.250 Y131.497
G1 X192.250 Y131.058
G1 X192.396 Y130.911
G1 X192.396 Y130.326
G1 X192.542 Y130.179
G1 X192.542 Y129.740
G1 X192.689 Y129.594
G1 X192.689 Y129.155
G1 X192.835 Y129.008
G1 X192.835 Y128.569
G1 X192.982 Y128.423
G1 X192.982 Y127.105
G1 X193.128 Y126.958
G1 X193.128 Y125.787
G1 X193.274 Y125.641
G1 X193.274 Y125.348
G1 X193.274 Y125.641
G1 X193.128 Y125.787
G1 X193.128 Y126.958
G1 X192.982 Y127.105
G1 X192.982 Y128.423
G1 X192.835 Y128.569
G1 X192.835 Y129.008
G1 X192.689 Y129.155
G1 X192.689 Y129.594
G1 X192.542 Y129.740
G1 X192.542 Y130.179
G1 X192.396 Y130.326
G1 X192.396 Y130.911
G1 X192.250 Y131.058
G1 X192.250 Y131.497
G1 X192.103 Y131.643
G1 X192.103 Y131.790
G1 X191.957 Y131.936
G1 X191.957 Y132.522
G1 X191.810 Y132.668
G1 X191.810 Y133.107
G1 X191.664 Y133.254
G1 X191.664 Y133.693
G1 X191.518 Y133.839
G1 X191.518 Y134.571
G1 X191.371 Y134.718
G1 X191.371 Y134.864
G1 X191.225 Y135.011
G1 X191.225 Y135.596
G1 X191.078 Y135.743
G1 X191.078 Y136.182
G1 X190.932 Y136.328
G1 X190.932 Y136.768
G1 X190.786 Y136.914
G1 X190.786 Y137.353
G1 X190.639 Y137.500
G1 X190.639 Y137.939
G1 X190.493 Y138.085
G1 X190.493 Y138.671
G1 X190.346 Y138.817
G1 X190.346 Y139.256
G1 X190.200 Y139.403
G1 X190.200 Y139.842
G1 X190.054 Y139.988
G1 X190.054 Y140.428
G1 X189.907 Y140.574
G1 X189.907 Y140.867
G1 X189.761 Y141.013
G1 X189.761 Y141.452
G1 X189.614 Y141.599
G1 X189.614 Y141.892
G1 X189.468 Y142.038
G1 X189.468 Y142.331
G1 X189.322 Y142.477
G1 X189.322 Y142.770
G1 X189.175 Y142.917
G1 X189.175 Y143.209
G1 X189.029 Y143.356
G1 X189.029 Y143.795
G1 X188.882 Y143.941
G1 X188.736 Y144.088
G1 X188.736 Y144.381
G1 X188.590 Y144.527
G1 X188.590 Y144.673
G1 X188.004 Y145.259
G1 X187.858 Y145.259
G1 X187.711 Y145.405
G1 X186.833 Y145.405
G1 X186.686 Y145.259
G1 X186.101 Y145.259
G1 X185.954 Y145.113
G1 X185.515 Y145.113
G1 X185.369 Y144.966
G1 X185.076 Y144.966
G1 X184.929 Y144.820
G1 X184.783 Y144.820
G1 X184.637 Y144.673
G1 X184.490 Y144.673
G1 X184.344 Y144.527
G1 X184.197 Y144.527
G1 X184.051 Y144.381
G1 X183.905 Y144.381
G1 X183.758 Y144.234
G1 X183.612 Y144.234
G1 X183.465 Y144.088
G1 X183.173 Y144.088
G1 X183.026 Y143.941
G1 X182.880 Y143.941
G1 X182.733 Y143.795
G1 X182.587 Y143.795
G1 X182.441 Y143.649
G1 X182.294 Y143.649
G1 X182.148 Y143.502
G1 X181.855 Y143.502
G1 X181.709 Y143.356
G1 X181.416 Y143.356
G1 X181.269 Y143.209
G1 X181.123 Y143.209
G1 X180.977 Y143.063
G1 X180.830 Y143.063
G1 X180.684 Y142.917
G1 X180.537 Y142.917
G1 X180.391 Y142.770
G1 X180.245 Y142.770
G1 X180.098 Y142.624
G1 X179.952 Y142.624
G1 X179.805 Y142.477
G1 X179.659 Y142.477
G1 X179.512 Y142.331
G1 X178.780 Y142.331
G1 X178.634 Y142.184
G1 X178.048 Y142.184
G1 X177.902 Y142.331
G1 X177.756 Y142.477
G1 X177.756 Y143.209
G1 X177.609 Y143.356
G1 X177.609 Y144.966
G1 X177.463 Y145.113
G1 X177.463 Y146.723
G1 X177.316 Y146.869
G1 X177.316 Y158.143
G1 X177.170 Y158.289
G1 X177.170 Y158.728
G1 X177.316 Y158.875
G1 X177.316 Y160.192
G1 X177.170 Y160.339
G1 X177.170 Y161.803
G1 X177.316 Y161.949
G1 X177.316 Y163.999
G1 X177.463 Y164.145
G1 X177.463 Y165.463
G1 X177.609 Y165.609
G1 X177.609 Y166.488
G1 X177.756 Y166.634
G1 X177.756 Y168.098
G1 X177.902 Y168.244
G1 X177.902 Y169.855
G1 X178.048 Y170.001
G1 X178.048 Y171.758
G1 X178.195 Y171.904
G1 X178.195 Y174.393
G1 X178.341 Y174.540
G1 X178.341 Y176.589
G1 X178.488 Y176.736
G1 X178.488 Y179.078
G1 X178.195 Y179.371
G1 X178.195 Y179.517
G1 X178.048 Y179.517
G1 X178.195 Y179.517
G1 X178.195 Y179.664
G1 X178.048 Y179.664
G1 X177.902 Y179.517
G1 X177.609 Y179.517
G1 X177.463 Y179.371
G1 X177.170 Y179.371
G1 X177.024 Y179.225
G1 X176.731 Y179.225
G1 X176.584 Y179.078
G1 X176.292 Y179.078
G1 X176.145 Y178.932
G1 X175.999 Y178.932
G1 X174.096 Y177.029
G1 X174.096 Y176.882
G1 X173.949 Y176.736
G1 X173.803 Y176.589
G1 X173.656 Y176.443
G1 X173.510 Y176.297
G1 X173.364 Y176.150
G1 X173.217 Y176.004
G1 X173.071 Y175.857
G1 X172.924 Y175.711
G1 X172.778 Y175.565
G1 X172.632 Y175.418
G1 X172.485 Y175.272
G1 X172.339 Y175.125
G1 X172.192 Y174.979
G1 X172.192 Y174.833
G1 X172.046 Y174.686
G1 X171.899 Y174.540
G1 X171.753 Y174.393
G1 X171.607 Y174.247
G1 X171.460 Y174.101
G1 X171.460 Y173.954
G1 X170.289 Y172.783
G1 X170.143 Y172.636
G1 X169.996 Y172.490
G1 X169.557 Y172.051
G1 X169.411 Y171.904
G1 X169.264 Y171.758
G1 X169.118 Y171.758
G1 X168.971 Y171.612
G1 X168.679 Y171.612
G1 X168.532 Y171.465
G1 X168.239 Y171.465
G1 X168.093 Y171.319
G1 X167.947 Y171.319
G1 X167.800 Y171.172
G1 X167.800 Y171.465
G1 X167.654 Y171.612
G1 X167.507 Y171.758
G1 X167.507 Y171.904
G1 X167.361 Y172.051
G1 X167.361 Y172.636
G1 X167.215 Y172.783
G1 X167.215 Y172.929
G1 X167.068 Y173.076
G1 X167.068 Y173.222
G1 X166.922 Y173.369
G1 X166.922 Y173.808
G1 X166.775 Y173.954
G1 X166.775 Y174.393
G1 X166.629 Y174.540
G1 X166.629 Y175.418
G1 X166.483 Y175.565
G1 X166.483 Y179.810
G1 X166.336 Y179.957
G1 X166.336 Y180.396
G1 X166.190 Y180.542
G1 X166.190 Y180.689
G1 X166.043 Y180.835
G1 X166.043 Y180.982
G1 X165.897 Y181.128
G1 X165.897 Y181.274
G1 X165.751 Y181.421
G1 X165.604 Y181.567
G1 X165.458 Y181.714
G1 X165.458 Y181.860
G1 X165.311 Y182.006
G1 X165.165 Y182.153
G1 X164.726 Y182.592
G1 X164.579 Y182.738
G1 X164.433 Y182.885
G1 X164.286 Y183.031
G1 X164.140 Y183.178
G1 X163.994 Y183.324
G1 X163.847 Y183.470
G1 X163.701 Y183.617
G1 X163.554 Y183.763
G1 X163.408 Y183.910
G1 X163.262 Y184.056
G1 X163.115 Y184.202
G1 X162.969 Y184.349
G1 X162.822 Y184.495
G1 X162.676 Y184.642
G1 X162.530 Y184.788
G1 X162.383 Y184.934
G1 X162.383 Y185.081
G1 X161.944 Y185.520
G1 X161.358 Y185.520
G1 X161.212 Y185.374
G1 X160.773 Y185.374
G1 X160.626 Y185.227
G1 X160.334 Y185.227
G1 X160.187 Y185.081
G1 X160.041 Y185.081
G1 X159.894 Y184.934
G1 X159.748 Y184.934
G1 X159.602 Y184.788
G1 X159.455 Y184.642
G1 X159.309 Y184.642
G1 X159.016 Y184.349
G1 X158.870 Y184.202
G1 X158.723 Y184.056
G1 X158.284 Y183.617
G1 X158.138 Y183.470
G1 X158.138 Y183.324
G1 X157.991 Y183.178
G1 X157.845 Y183.031
G1 X157.698 Y182.885
G1 X157.698 Y182.738
G1 X157.552 Y182.592
G1 X157.552 Y182.446
G1 X157.406 Y182.299
G1 X157.406 Y182.153
G1 X157.259 Y182.006
G1 X157.259 Y181.860
G1 X157.113 Y181.714
G1 X157.113 Y181.421
G1 X156.820 Y181.128
G1 X156.820 Y180.542
G1 X156.673 Y180.396
G1 X156.673 Y179.517
G1 X156.527 Y179.371
G1 X156.527 Y176.589
G1 X156.673 Y176.443
G1 X156.673 Y175.711
G1 X156.381 Y175.711
G1 X156.234 Y175.565
G1 X155.063 Y175.565
G1 X154.917 Y175.418
G1 X154.038 Y175.418
G1 X153.892 Y175.272
G1 X153.745 Y175.272
G1 X153.599 Y175.125
G1 X153.453 Y174.979
G1 X153.160 Y174.979
G1 X153.013 Y174.833
G1 X152.867 Y174.686
G1 X152.721 Y174.540
G1 X152.574 Y174.540
G1 X152.428 Y174.393
G1 X152.281 Y174.247
G1 X152.135 Y174.101
G1 X151.989 Y173.954
G1 X151.842 Y173.808
G1 X151.696 Y173.661
G1 X151.549 Y173.515
G1 X151.403 Y173.369
G1 X151.257 Y173.222
G1 X151.110 Y173.076
G1 X151.110 Y172.929
G1 X150.232 Y172.051
G1 X150.232 Y171.904
G1 X150.085 Y171.758
G1 X150.085 Y171.612
G1 X149.939 Y171.465
G1 X149.646 Y171.172
G1 X149.646 Y171.026
G1 X149.500 Y170.880
G1 X149.500 Y170.733
G1 X149.353 Y170.587
G1 X149.207 Y170.440
G1 X149.207 Y170.294
G1 X149.060 Y170.148
G1 X149.060 Y170.001
G1 X148.914 Y169.855
G1 X148.914 Y169.708
G1 X148.768 Y169.562
G1 X148.621 Y169.416
G1 X148.621 Y169.123
G1 X148.475 Y168.976
G1 X148.475 Y168.830
G1 X148.328 Y168.684
G1 X148.328 Y168.537
G1 X148.182 Y168.391
G1 X148.182 Y168.098
G1 X148.036 Y167.952
G1 X148.036 Y167.805
G1 X147.889 Y167.659
G1 X147.889 Y167.366
G1 X147.743 Y167.220
G1 X147.743 Y166.927
G1 X147.450 Y166.634
G1 X147.450 Y166.488
G1 X147.304 Y166.341
G1 X147.304 Y166.048
G1 X147.157 Y165.902
G1 X147.157 Y165.756
G1 X147.011 Y165.609
G1 X147.011 Y165.463
G1 X146.864 Y165.316
G1 X146.864 Y165.023
G1 X146.572 Y164.731
G1 X146.572 Y164.584
G1 X146.425 Y164.438
G1 X146.425 Y164.291
G1 X146.279 Y164.145
G1 X146.279 Y163.999
G1 X145.986 Y163.706
G1 X145.986 Y163.413
G1 X144.668 Y162.095
G1 X144.522 Y162.095
G1 X144.376 Y161.949
G1 X144.229 Y161.803
G1 X144.083 Y161.656
G1 X143.936 Y161.510
G1 X143.790 Y161.363
G1 X143.644 Y161.217
G1 X143.497 Y161.217
G1 X143.204 Y160.924
G1 X143.058 Y160.924
G1 X142.912 Y160.778
G1 X142.765 Y160.778
G1 X142.619 Y160.631
G1 X142.180 Y160.631
G1 X142.033 Y160.485
G1 X141.594 Y160.485
G1 X141.447 Y160.339
G1 X141.008 Y160.339
G1 X140.862 Y160.192
G1 X140.715 Y160.192
G1 X140.715 Y160.046
G1 X140.569 Y159.899
G1 X140.569 Y159.753
G1 X140.423 Y159.607
G1 X140.423 Y159.460
G1 X140.276 Y159.314
G1 X140.276 Y159.167
G1 X140.130 Y159.021
G1 X139.983 Y158.875
G1 X139.983 Y158.728
G1 X139.837 Y158.582
G1 X139.691 Y158.435
G1 X139.544 Y158.289
G1 X139.544 Y158.143
G1 X139.398 Y157.996
G1 X139.398 Y157.703
G1 X139.251 Y157.557
G1 X139.251 Y157.264
G1 X139.105 Y157.118
G1 X139.105 Y155.946
G1 X139.251 Y155.800
G1 X139.251 Y154.629
G1 X139.105 Y154.482
G1 X139.105 Y153.311
G1 X138.959 Y153.165
G1 X138.959 Y152.726
G1 X138.812 Y152.579
G1 X138.812 Y151.847
G1 X138.666 Y151.701
G1 X138.666 Y151.262
G1 X138.373 Y150.969
G1 X138.373 Y150.676
G1 X138.227 Y150.530
G1 X138.227 Y150.383
G1 X138.080 Y150.237
G1 X138.080 Y150.090
G1 X137.934 Y149.944
G1 X137.934 Y149.797
G1 X137.787 Y149.651
G1 X137.787 Y149.505
G1 X137.641 Y149.358
G1 X137.348 Y149.065
G1 X137.348 Y148.773
G1 X137.202 Y148.626
G1 X137.055 Y148.480
G1 X136.909 Y148.333
G1 X136.909 Y148.187
G1 X136.470 Y147.748
G1 X136.323 Y147.748
G1 X136.323 Y147.601
G1 X136.323 Y147.748
G1 X135.884 Y147.748
G1 X135.738 Y147.894
G1 X135.299 Y147.894
G1 X135.152 Y148.041
G1 X134.420 Y148.041
G1 X134.274 Y148.187
G1 X133.834 Y148.187
G1 X133.688 Y148.333
G1 X133.102 Y148.333
G1 X132.956 Y148.480
G1 X132.663 Y148.480
G1 X132.517 Y148.626
G1 X131.492 Y148.626
G1 X131.346 Y148.773
G1 X130.760 Y148.773
G1 X130.614 Y148.919
G1 X130.467 Y148.919
G1 X130.321 Y149.065
G1 X130.467 Y148.919
G1 X130.614 Y148.919
G1 X130.760 Y148.773
G1 X131.346 Y148.773
G1 X131.492 Y148.626
G1 X132.517 Y148.626
G1 X132.663 Y148.480
G1 X132.956 Y148.480
G1 X133.102 Y148.333
G1 X133.688 Y148.333
G1 X133.834 Y148.187
G1 X134.274 Y148.187
G1 X134.420 Y148.041
G1 X135.152 Y148.041
G1 X135.299 Y147.894
G1 X135.738 Y147.894
G1 X135.884 Y147.748
G1 X136.470 Y147.748
G1 X136.909 Y148.187
G1 X136.909 Y148.333
G1 X137.055 Y148.480
G1 X137.202 Y148.626
G1 X137.348 Y148.773
G1 X137.348 Y149.065
G1 X137.641 Y149.358
G1 X137.787 Y149.505
G1 X137.787 Y149.651
G1 X137.934 Y149.797
G1 X137.934 Y149.944
G1 X138.080 Y150.090
G1 X138.080 Y150.237
G1 X138.227 Y150.383
G1 X138.227 Y150.530
G1 X138.373 Y150.676
G1 X138.373 Y150.969
G1 X138.666 Y151.262
G1 X138.666 Y151.701
G1 X138.812 Y151.847
G1 X138.812 Y152.579
G1 X138.959 Y152.726
G1 X138.959 Y153.165
G1 X139.105 Y153.311
G1 X139.105 Y154.482
G1 X139.251 Y154.629
G1 X139.251 Y155.800
G1 X139.105 Y155.946
G1 X139.105 Y156.678
G1 X138.959 Y156.678
G1 X139.105 Y156.678
G1 X139.105 Y156.825
G1 X138.959 Y156.678
G1 X136.616 Y156.678
G1 X136.470 Y156.825
G1 X134.713 Y156.825
G1 X134.567 Y156.971
G1 X133.834 Y156.971
G1 X133.688 Y157.118
G1 X132.956 Y157.118
G1 X132.810 Y157.264
G1 X132.663 Y157.264
G1 X132.517 Y157.410
G1 X132.370 Y157.410
G1 X132.224 Y157.557
G1 X132.370 Y157.410
G1 X132.517 Y157.410
G1 X132.663 Y157.264
G1 X132.810 Y157.264
G1 X132.956 Y157.118
G1 X133.688 Y157.118
G1 X133.834 Y156.971
G1 X134.567 Y156.971
G1 X134.713 Y156.825
G1 X136.470 Y156.825
G1 X136.616 Y156.678
G1 X138.959 Y156.678
G1 X139.105 Y156.825
G1 X139.105 Y157.118
G1 X139.251 Y157.264
G1 X139.251 Y157.557
G1 X139.398 Y157.703
G1 X139.398 Y157.996
G1 X139.544 Y158.143
G1 X139.544 Y158.289
G1 X139.691 Y158.435
G1 X139.837 Y158.582
G1 X139.983 Y158.728
G1 X139.983 Y158.875
G1 X140.130 Y159.021
G1 X140.276 Y159.167
G1 X140.276 Y159.314
G1 X140.423 Y159.460
G1 X140.423 Y159.607
G1 X140.569 Y159.753
G1 X140.569 Y159.899
G1 X140.715 Y160.046
G1 X140.715 Y165.756
G1 X140.569 Y165.902
G1 X140.569 Y166.341
G1 X140.569 Y165.902
G1 X140.715 Y165.756
G1 X140.715 Y160.192
G1 X140.862 Y160.192
G1 X141.008 Y160.339
G1 X141.447 Y160.339
G1 X141.594 Y160.485
G1 X142.033 Y160.485
G1 X142.180 Y160.631
G1 X142.619 Y160.631
G1 X142.765 Y160.778
G1 X142.912 Y160.778
G1 X143.058 Y160.924
G1 X143.204 Y160.924
G1 X143.497 Y161.217
G1 X143.644 Y161.217
G1 X143.790 Y161.363
G1 X143.936 Y161.510
G1 X144.083 Y161.656
G1 X144.229 Y161.803
G1 X144.376 Y161.949
G1 X144.522 Y162.095
G1 X144.668 Y162.095
G1 X145.986 Y163.413
G1 X145.986 Y163.706
G1 X146.279 Y163.999
G1 X146.279 Y164.145
G1 X146.425 Y164.291
G1 X146.425 Y164.438
G1 X146.572 Y164.584
G1 X146.572 Y164.731
G1 X146.864 Y165.023
G1 X146.864 Y165.316
G1 X147.011 Y165.463
G1 X147.011 Y165.609
G1 X147.157 Y165.756
G1 X147.157 Y165.902
G1 X147.304 Y166.048
G1 X147.304 Y166.341
G1 X147.450 Y166.488
G1 X147.450 Y166.634
G1 X147.743 Y166.927
G1 X147.743 Y167.220
G1 X147.889 Y167.366
G1 X147.889 Y167.659
G1 X148.036 Y167.805
G1 X148.036 Y167.952
G1 X148.182 Y168.098
G1 X148.182 Y168.391
G1 X148.328 Y168.537
G1 X148.328 Y168.684
G1 X148.475 Y168.830
G1 X148.475 Y168.976
G1 X148.621 Y169.123
G1 X148.621 Y169.416
G1 X148.768 Y169.562
G1 X148.914 Y169.708
G1 X148.914 Y169.855
G1 X149.060 Y170.001
G1 X149.060 Y170.148
G1 X149.207 Y170.294
G1 X149.207 Y170.440
G1 X149.353 Y170.587
G1 X149.500 Y170.733
G1 X149.500 Y170.880
G1 X149.646 Y171.026
G1 X149.646 Y171.172
G1 X149.939 Y171.465
G1 X150.085 Y171.612
G1 X150.085 Y171.758
G1 X150.232 Y171.904
G1 X150.232 Y172.051
G1 X151.110 Y172.929
G1 X151.110 Y173.076
G1 X151.257 Y173.222
G1 X151.403 Y173.369
G1 X151.549 Y173.515
G1 X151.696 Y173.661
G1 X151.842 Y173.808
G1 X151.989 Y173.954
G1 X152.135 Y174.101
G1 X152.281 Y174.247
G1 X152.428 Y174.393
G1 X152.574 Y174.540
G1 X152.721 Y174.540
G1 X152.867 Y174.686
G1 X153.013 Y174.833
G1 X153.160 Y174.979
G1 X153.453 Y174.979
G1 X153.599 Y175.125
G1 X153.745 Y175.272
G1 X153.892 Y175.272
G1 X154.038 Y175.418
G1 X154.917 Y175.418
G1 X155.063 Y175.565
G1 X156.234 Y175.565
G1 X156.381 Y175.711
G1 X156.673 Y175.711
G1 X156.673 Y176.443
G1 X156.527 Y176.589
G1 X156.527 Y179.371
G1 X156.673 Y179.517
G1 X156.673 Y180.396
G1 X156.820 Y180.542
G1 X156.820 Y181.128
G1 X157.113 Y181.421
G1 X157.113 Y181.714
G1 X157.259 Y181.860
G1 X157.259 Y182.006
G1 X157.406 Y182.153
G1 X157.406 Y182.299
G1 X157.552 Y182.446
G1 X157.552 Y182.592
G1 X157.698 Y182.738
G1 X157.698 Y182.885
G1 X157.845 Y183.031
G1 X157.991 Y183.178
G1 X158.138 Y183.324
G1 X158.138 Y183.470
G1 X158.284 Y183.617
G1 X158.723 Y184.056
G1 X158.870 Y184.202
G1 X159.016 Y184.349
G1 X159.309 Y184.642
G1 X159.455 Y184.642
G1 X159.602 Y184.788
G1 X159.748 Y184.934
G1 X159.894 Y184.934
G1 X160.041 Y185.081
G1 X160.187 Y185.081
G1 X160.334 Y185.227
G1 X160.626 Y185.227
G1 X160.773 Y185.374
G1 X161.212 Y185.374
G1 X161.358 Y185.520
G1 X161.944 Y185.520
G1 X161.944 Y185.813
G1 X162.090 Y185.959
G1 X162.090 Y186.252
G1 X162.237 Y186.398
G1 X162.237 Y186.545
G1 X162.383 Y186.691
G1 X162.383 Y186.838
G1 X162.530 Y186.984
G1 X162.676 Y187.130
G1 X162.822 Y187.277
G1 X162.969 Y187.423
G1 X163.115 Y187.570
G1 X163.262 Y187.716
G1 X163.554 Y187.716
G1 X163.701 Y187.862
G1 X163.847 Y188.009
G1 X163.994 Y188.009
G1 X164.140 Y188.155
G1 X164.286 Y188.302
G1 X164.433 Y188.302
G1 X164.726 Y188.595
G1 X164.872 Y188.595
G1 X165.019 Y188.741
G1 X165.165 Y188.741
G1 X165.311 Y188.887
G1 X165.458 Y188.887
G1 X165.604 Y189.034
G1 X166.043 Y189.034
G1 X166.190 Y189.180
G1 X166.922 Y189.180
G1 X167.068 Y189.327
G1 X168.679 Y189.327
G1 X168.825 Y189.473
G1 X169.703 Y189.473
G1 X169.703 Y189.327
G1 X169.703 Y189.619
G1 X169.850 Y189.766
G1 X169.850 Y190.059
G1 X169.996 Y190.205
G1 X170.143 Y190.351
G1 X170.289 Y190.498
G1 X170.728 Y190.937
G1 X170.875 Y191.083
G1 X171.021 Y191.230
G1 X171.167 Y191.230
G1 X171.314 Y191.376
G1 X171.753 Y191.376
G1 X171.899 Y191.523
G1 X172.924 Y191.523
G1 X173.071 Y191.376
G1 X173.656 Y191.376
G1 X173.803 Y191.230
G1 X173.949 Y191.230
G1 X174.242 Y190.937
G1 X174.388 Y190.937
G1 X174.535 Y190.791
G1 X174.681 Y190.644
G1 X174.828 Y190.498
G1 X174.974 Y190.351
G1 X175.120 Y190.205
G1 X175.120 Y190.059
G1 X175.267 Y189.912
G1 X175.267 Y189.619
G1 X175.413 Y189.473
G1 X175.413 Y188.448
G1 X175.267 Y188.302
G1 X175.267 Y187.716
G1 X175.120 Y187.570
G1 X175.120 Y187.423
G1 X174.974 Y187.277
G1 X174.828 Y187.130
G1 X174.681 Y186.984
G1 X174.242 Y186.545
G1 X173.803 Y186.545
G1 X173.656 Y186.398
G1 X172.192 Y186.398
G1 X172.046 Y186.545
G1 X171.753 Y186.545
G1 X171.607 Y186.691
G1 X171.460 Y186.691
G1 X171.314 Y186.838
G1 X171.167 Y186.838
G1 X169.996 Y188.009
G1 X169.996 Y188.302
G1 X169.850 Y188.448
G1 X169.850 Y188.887
G1 X169.703 Y189.034
G1 X169.703 Y189.327
G1 X169.703 Y189.034
G1 X169.850 Y188.887
G1 X169.850 Y188.448
G1 X169.996 Y188.302
G1 X169.996 Y188.009
G1 X171.167 Y186.838
G1 X171.314 Y186.838
G1 X171.460 Y186.691
G1 X171.607 Y186.691
G1 X171.753 Y186.545
G1 X172.046 Y186.545
G1 X172.192 Y186.398
G1 X173.656 Y186.398
G1 X173.803 Y186.545
G1 X174.242 Y186.545
G1 X174.681 Y186.984
G1 X174.828 Y187.130
G1 X174.974 Y187.277
G1 X175.120 Y187.423
G1 X175.120 Y187.570
G1 X175.267 Y187.716
G1 X175.267 Y188.302
G1 X175.413 Y188.448
G1 X175.413 Y189.473
G1 X175.267 Y189.619
G1 X175.267 Y189.912
G1 X175.120 Y190.059
G1 X175.120 Y190.205
G1 X174.974 Y190.351
G1 X174.828 Y190.498
G1 X174.681 Y190.644
G1 X174.535 Y190.791
G1 X174.388 Y190.937
G1 X174.242 Y190.937
G1 X173.949 Y191.230
G1 X173.803 Y191.230
G1 X173.656 Y191.376
G1 X173.071 Y191.376
G1 X172.924 Y191.523
G1 X171.899 Y191.523
G1 X171.753 Y191.376
G1 X171.314 Y191.376
G1 X171.167 Y191.230
G1 X171.021 Y191.230
G1 X170.875 Y191.083
G1 X170.728 Y190.937
G1 X170.289 Y190.498
G1 X170.143 Y190.351
G1 X169.996 Y190.205
G1 X169.850 Y190.059
G1 X169.850 Y189.766
G1 X169.703 Y189.619
G1 X169.703 Y189.473
G1 X168.825 Y189.473
G1 X168.679 Y189.327
G1 X167.068 Y189.327
G1 X166.922 Y189.180
G1 X166.190 Y189.180
G1 X166.043 Y189.034
G1 X165.604 Y189.034
G1 X165.458 Y188.887
G1 X165.311 Y188.887
G1 X165.165 Y188.741
G1 X165.019 Y188.741
G1 X164.872 Y188.595
G1 X164.726 Y188.595
G1 X164.433 Y188.302
G1 X164.286 Y188.302
G1 X164.140 Y188.155
G1 X163.994 Y188.009
G1 X163.847 Y188.009
G1 X163.701 Y187.862
G1 X163.554 Y187.716
G1 X163.262 Y187.716
G1 X163.115 Y187.570
G1 X162.969 Y187.423
G1 X162.822 Y187.277
G1 X162.676 Y187.130
G1 X162.530 Y186.984
G1 X162.383 Y186.838
G1 X162.383 Y186.691
G1 X162.237 Y186.545
G1 X162.237 Y186.398
G1 X162.090 Y186.252
G1 X162.090 Y185.959
G1 X161.944 Y185.813
G1 X161.944 Y185.520
G1 X162.383 Y185.081
G1 X162.383 Y184.934
G1 X162.530 Y184.788
G1 X162.676 Y184.642
G1 X162.822 Y184.495
G1 X162.969 Y184.349
G1 X163.115 Y184.202
G1 X163.262 Y184.056
G1 X163.408 Y183.910
G1 X163.554 Y183.763
G1 X163.701 Y183.617
G1 X163.847 Y183.470
G1 X163.994 Y183.324
G1 X164.140 Y183.178
G1 X164.286 Y183.031
G1 X164.433 Y182.885
G1 X164.579 Y182.738
G1 X164.726 Y182.592
G1 X165.165 Y182.153
G1 X165.311 Y182.006
G1 X165.458 Y181.860
G1 X165.458 Y181.714
G1 X165.604 Y181.567
G1 X165.751 Y181.421
G1 X165.897 Y181.274
G1 X165.897 Y181.128
G1 X166.043 Y180.982
G1 X166.043 Y180.835
G1 X166.190 Y180.689
G1 X166.190 Y180.542
G1 X166.336 Y180.396
G1 X166.336 Y179.957
G1 X166.483 Y179.810
G1 X166.483 Y178.346
G1 X166.629 Y178.346
G1 X166.483 Y178.346
G1 X166.483 Y178.200
G1 X166.629 Y178.346
G1 X166.483 Y178.200
G1 X166.483 Y175.565
G1 X166.629 Y175.418
G1 X166.629 Y174.540
G1 X166.775 Y174.393
G1 X166.775 Y173.954
G1 X166.922 Y173.808
G1 X166.922 Y173.369
G1 X167.068 Y173.222
G1 X167.068 Y173.076
G1 X167.215 Y172.929
G1 X167.215 Y172.783
G1 X167.361 Y172.636
G1 X167.361 Y172.051
G1 X167.507 Y171.904
G1 X167.507 Y171.758
G1 X167.654 Y171.612
G1 X167.800 Y171.465
G1 X167.800 Y171.319
G1 X167.947 Y171.319
G1 X167.800 Y171.319
G1 X167.800 Y170.880
G1 X167.654 Y170.733
G1 X167.654 Y170.440
G1 X167.507 Y170.294
G1 X167.507 Y170.001
G1 X167.361 Y169.855
G1 X167.361 Y169.562
G1 X166.922 Y169.123
G1 X166.922 Y168.976
G1 X166.775 Y168.830
G1 X166.629 Y168.684
G1 X166.483 Y168.537
G1 X166.336 Y168.391
G1 X166.336 Y168.244
G1 X166.190 Y168.098
G1 X166.043 Y167.952
G1 X165.897 Y167.805
G1 X165.751 Y167.659
G1 X165.751 Y167.512
G1 X165.604 Y167.366
G1 X165.165 Y166.927
G1 X165.019 Y166.780
G1 X165.019 Y166.634
G1 X164.872 Y166.488
G1 X164.726 Y166.341
G1 X164.726 Y166.195
G1 X164.433 Y165.902
G1 X164.286 Y165.756
G1 X164.140 Y165.609
G1 X163.994 Y165.609
G1 X163.847 Y165.463
G1 X163.408 Y165.463
G1 X163.262 Y165.316
G1 X162.676 Y165.902
G1 X162.676 Y166.048
G1 X162.530 Y166.195
G1 X162.383 Y166.341
G1 X162.237 Y166.488
G1 X162.090 Y166.634
G1 X161.944 Y166.780
G1 X161.798 Y166.927
G1 X161.651 Y167.073
G1 X161.505 Y167.220
G1 X161.358 Y167.366
G1 X161.212 Y167.512
G1 X161.066 Y167.659
G1 X160.919 Y167.805
G1 X160.919 Y167.952
G1 X160.773 Y168.098
G1 X160.626 Y168.244
G1 X160.480 Y168.391
G1 X160.480 Y168.537
G1 X160.334 Y168.684
G1 X160.187 Y168.830
G1 X160.187 Y168.976
G1 X160.041 Y169.123
G1 X160.041 Y169.269
G1 X159.748 Y169.562
G1 X159.748 Y169.708
G1 X159.602 Y169.855
G1 X159.602 Y170.001
G1 X159.455 Y170.148
G1 X159.455 Y170.294
G1 X159.162 Y170.587
G1 X159.162 Y170.733
G1 X159.016 Y170.880
G1 X159.016 Y171.026
G1 X158.870 Y171.172
G1 X158.870 Y171.319
G1 X158.723 Y171.465
G1 X158.723 Y171.758
G1 X158.577 Y171.904
G1 X158.577 Y172.051
G1 X158.430 Y172.197
G1 X158.430 Y172.344
G1 X158.284 Y172.490
G1 X158.284 Y172.636
G1 X158.138 Y172.783
G1 X158.138 Y172.929
G1 X157.991 Y173.076
G1 X157.991 Y173.369
G1 X157.845 Y173.515
G1 X157.845 Y173.661
G1 X157.698 Y173.808
G1 X157.698 Y173.954
G1 X157.552 Y174.101
G1 X157.552 Y174.393
G1 X157.406 Y174.540
G1 X157.406 Y174.833
G1 X157.259 Y174.979
G1 X157.113 Y175.125
G1 X157.113 Y175.272
G1 X156.966 Y175.418
G1 X156.966 Y175.565
G1 X156.820 Y175.711
G1 X156.673 Y175.711
G1 X156.820 Y175.711
G1 X156.966 Y175.565
G1 X156.966 Y175.418
G1 X157.113 Y175.272
G1 X157.113 Y175.125
G1 X157.259 Y174.979
G1 X157.406 Y174.833
G1 X157.406 Y174.540
G1 X157.552 Y174.393
G1 X157.552 Y174.101
G1 X157.698 Y173.954
G1 X157.698 Y173.808
G1 X157.845 Y173.661
G1 X157.845 Y173.515
G1 X157.991 Y173.369
G1 X157.991 Y173.076
G1 X158.138 Y172.929
G1 X158.138 Y172.783
G1 X158.284 Y172.636
G1 X158.284 Y172.490
G1 X158.430 Y172.344
G1 X158.430 Y172.197
G1 X158.577 Y172.051
G1 X158.577 Y171.904
G1 X158.723 Y171.758
G1 X158.723 Y171.465
G1 X158.870 Y171.319
G1 X158.870 Y171.172
G1 X159.016 Y171.026
G1 X159.016 Y170.880
G1 X159.162 Y170.733
G1 X159.162 Y170.587
G1 X159.455 Y170.294
G1 X159.455 Y170.148
G1 X159.602 Y170.001
G1 X159.602 Y169.855
G1 X159.748 Y169.708
G1 X159.748 Y169.562
G1 X160.041 Y169.269
G1 X160.041 Y169.123
G1 X160.187 Y168.976
G1 X160.187 Y168.830
G1 X160.334 Y168.684
G1 X160.480 Y168.537
G1 X160.480 Y168.391
G1 X160.626 Y168.244
G1 X160.773 Y168.098
G1 X160.919 Y167.952
G1 X160.919 Y167.805
G1 X161.066 Y167.659
G1 X161.212 Y167.512
G1 X161.358 Y167.366
G1 X161.505 Y167.220
G1 X161.651 Y167.073
G1 X161.798 Y166.927
G1 X161.944 Y166.780
G1 X162.090 Y166.634
G1 X162.237 Y166.488
G1 X162.383 Y166.341
G1 X162.530 Y166.195
G1 X162.676 Y166.048
G1 X162.676 Y165.902
G1 X163.262 Y165.316
G1 X163.262 Y165.023
G1 X163.115 Y164.877
G1 X163.115 Y164.438
G1 X162.969 Y164.291
G1 X162.969 Y163.852
G1 X162.822 Y163.706
G1 X162.822 Y163.559
G1 X162.530 Y163.267
G1 X162.530 Y163.120
G1 X162.383 Y162.974
G1 X162.237 Y162.827
G1 X162.237 Y162.535
G1 X161.944 Y162.242
G1 X161.944 Y162.095
G1 X161.798 Y161.949
G1 X161.798 Y161.803
G1 X161.505 Y161.510
G1 X161.505 Y161.363
G1 X161.358 Y161.217
G1 X161.212 Y161.071
G1 X161.212 Y160.924
G1 X160.773 Y160.485
G1 X160.626 Y160.485
G1 X160.480 Y160.339
G1 X160.334 Y160.339
G1 X160.187 Y160.192
G1 X160.187 Y160.339
G1 X160.041 Y160.485
G1 X159.894 Y160.631
G1 X159.748 Y160.778
G1 X159.602 Y160.924
G1 X159.455 Y160.924
G1 X159.309 Y161.071
G1 X159.162 Y161.217
G1 X159.016 Y161.363
G1 X158.870 Y161.510
G1 X158.723 Y161.656
G1 X158.577 Y161.803
G1 X158.430 Y161.949
G1 X158.284 Y162.095
G1 X158.138 Y162.242
G1 X157.991 Y162.242
G1 X157.552 Y162.681
G1 X157.259 Y162.681
G1 X157.406 Y162.681
G1 X157.406 Y165.756
G1 X157.259 Y165.902
G1 X157.259 Y166.048
G1 X157.113 Y166.195
G1 X157.113 Y166.488
G1 X156.966 Y166.634
G1 X156.966 Y166.927
G1 X156.673 Y167.220
G1 X156.673 Y167.366
G1 X156.527 Y167.512
G1 X156.381 Y167.659
G1 X156.234 Y167.805
G1 X156.088 Y167.952
G1 X155.649 Y167.952
G1 X155.502 Y168.098
G1 X154.185 Y168.098
G1 X154.038 Y167.952
G1 X153.745 Y167.952
G1 X153.599 Y167.805
G1 X153.453 Y167.805
G1 X153.306 Y167.659
G1 X153.160 Y167.512
G1 X153.013 Y167.366
G1 X152.867 Y167.220
G1 X152.721 Y167.073
G1 X152.721 Y166.780
G1 X152.574 Y166.634
G1 X152.574 Y166.488
G1 X152.428 Y166.341
G1 X152.428 Y164.731
G1 X152.574 Y164.584
G1 X152.574 Y163.999
G1 X152.721 Y163.852
G1 X152.721 Y163.559
G1 X153.160 Y163.120
G1 X153.160 Y162.974
G1 X153.306 Y162.827
G1 X153.453 Y162.681
G1 X153.599 Y162.535
G1 X153.745 Y162.535
G1 X153.892 Y162.388
G1 X154.185 Y162.388
G1 X154.331 Y162.242
G1 X155.209 Y162.242
G1 X155.356 Y162.388
G1 X156.381 Y162.388
G1 X156.527 Y162.535
G1 X156.820 Y162.535
G1 X156.966 Y162.681
G1 X157.259 Y162.681
G1 X156.966 Y162.681
G1 X156.820 Y162.535
G1 X156.527 Y162.535
G1 X156.381 Y162.388
G1 X155.356 Y162.388
G1 X155.209 Y162.242
G1 X154.331 Y162.242
G1 X154.185 Y162.388
G1 X153.892 Y162.388
G1 X153.745 Y162.535
G1 X153.599 Y162.535
G1 X153.453 Y162.681
G1 X153.306 Y162.827
G1 X153.160 Y162.974
G1 X153.160 Y163.120
G1 X152.721 Y163.559
G1 X152.721 Y163.852
G1 X152.574 Y163.999
G1 X152.574 Y164.584
G1 X152.428 Y164.731
G1 X152.428 Y166.341
G1 X152.574 Y166.488
G1 X152.574 Y166.634
G1 X152.721 Y166.780
G1 X152.721 Y167.073
G1 X152.867 Y167.220
G1 X153.013 Y167.366
G1 X153.160 Y167.512
G1 X153.306 Y167.659
G1 X153.453 Y167.805
G1 X153.599 Y167.805
G1 X153.745 Y167.952
G1 X154.038 Y167.952
G1 X154.185 Y168.098
G1 X155.502 Y168.098
G1 X155.649 Y167.952
G1 X156.088 Y167.952
G1 X156.234 Y167.805
G1 X156.381 Y167.659
G1 X156.527 Y167.512
G1 X156.673 Y167.366
G1 X156.673 Y167.220
G1 X156.966 Y166.927
G1 X156.966 Y166.634
G1 X157.113 Y166.488
G1 X157.113 Y166.195
G1 X157.259 Y166.048
G1 X157.259 Y165.902
G1 X157.406 Y165.756
G1 X157.406 Y162.681
G1 X157.552 Y162.681
G1 X157.991 Y162.242
G1 X158.138 Y162.242
G1 X158.284 Y162.095
G1 X158.430 Y161.949
G1 X158.577 Y161.803
G1 X158.723 Y161.656
G1 X158.870 Y161.510
G1 X159.016 Y161.363
G1 X159.162 Y161.217
G1 X159.309 Y161.071
G1 X159.455 Y160.924
G1 X159.602 Y160.924
G1 X159.748 Y160.778
G1 X159.894 Y160.631
G1 X160.041 Y160.485
G1 X160.187 Y160.339
G1 X160.187 Y159.460
G1 X160.041 Y159.314
G1 X160.041 Y158.582
G1 X159.894 Y158.435
G1 X159.894 Y157.703
G1 X159.748 Y157.557
G1 X159.748 Y157.264
G1 X159.602 Y157.118
G1 X159.602 Y156.678
G1 X159.455 Y156.532
G1 X159.455 Y156.239
G1 X159.309 Y156.093
G1 X159.309 Y155.946
G1 X159.162 Y155.800
G1 X159.016 Y155.654
G1 X158.870 Y155.507
G1 X158.723 Y155.361
G1 X158.430 Y155.361
G1 X158.430 Y155.068
G1 X158.284 Y154.922
G1 X158.284 Y153.897
G1 X158.138 Y153.750
G1 X158.138 Y152.579
G1 X157.991 Y152.433
G1 X157.991 Y151.408
G1 X157.845 Y151.262
G1 X157.845 Y150.822
G1 X157.698 Y150.676
G1 X157.698 Y150.237
G1 X157.552 Y150.090
G1 X157.552 Y149.505
G1 X157.406 Y149.358
G1 X157.406 Y148.919
G1 X157.259 Y148.773
G1 X157.259 Y148.480
G1 X157.113 Y148.333
G1 X157.113 Y148.041
G1 X156.966 Y147.894
G1 X156.966 Y147.748
G1 X156.820 Y147.601
G1 X156.673 Y147.455
G1 X156.527 Y147.309
G1 X156.381 Y147.162
G1 X156.381 Y147.016
G1 X156.527 Y146.869
G1 X156.527 Y145.698
G1 X156.381 Y145.552
G1 X156.381 Y144.673
G1 X156.234 Y144.527
G1 X156.234 Y144.088
G1 X156.088 Y143.941
G1 X156.088 Y143.795
G1 X155.941 Y143.649
G1 X155.941 Y143.356
G1 X155.795 Y143.209
G1 X155.795 Y142.770
G1 X155.649 Y142.624
G1 X155.649 Y142.477
G1 X155.502 Y142.331
G1 X155.502 Y142.038
G1 X155.356 Y141.892
G1 X155.356 Y141.599
G1 X155.209 Y141.452
G1 X155.209 Y141.306
G1 X155.063 Y141.160
G1 X155.063 Y140.867
G1 X154.917 Y140.720
G1 X154.917 Y140.574
G1 X154.770 Y140.428
G1 X154.770 Y140.281
G1 X154.477 Y139.988
G1 X154.477 Y139.696
G1 X154.331 Y139.549
G1 X154.331 Y139.403
G1 X154.185 Y139.256
G1 X154.185 Y139.110
G1 X154.038 Y138.964
G1 X154.038 Y138.817
G1 X153.892 Y138.671
G1 X153.892 Y138.524
G1 X153.745 Y138.378
G1 X153.745 Y138.232
G1 X153.599 Y138.085
G1 X153.599 Y137.939
G1 X153.453 Y137.792
G1 X153.453 Y137.646
G1 X153.306 Y137.500
G1 X153.306 Y137.353
G1 X153.013 Y137.060
G1 X153.013 Y136.768
G1 X152.867 Y136.621
G1 X152.721 Y136.475
G1 X152.721 Y136.328
G1 X152.574 Y136.182
G1 X152.574 Y136.036
G1 X152.428 Y135.889
G1 X152.281 Y135.743
G1 X152.281 Y135.596
G1 X151.989 Y135.304
G1 X151.989 Y135.157
G1 X151.842 Y135.011
G1 X151.696 Y134.864
G1 X151.696 Y134.718
G1 X151.257 Y134.279
G1 X151.257 Y134.132
G1 X151.110 Y133.986
G1 X150.964 Y133.839
G1 X150.964 Y133.693
G1 X150.817 Y133.547
G1 X150.671 Y133.400
G1 X150.525 Y133.254
G1 X150.525 Y133.107
G1 X150.378 Y132.961
G1 X149.939 Y132.522
G1 X149.793 Y132.375
G1 X149.646 Y132.375
G1 X149.500 Y132.229
G1 X149.353 Y132.229
G1 X149.207 Y132.083
G1 X149.060 Y132.083
G1 X148.914 Y131.936
G1 X148.768 Y131.936
G1 X148.621 Y131.790
G1 X148.475 Y131.790
G1 X148.475 Y131.936
G1 X147.743 Y132.668
G1 X147.743 Y132.815
G1 X147.596 Y132.961
G1 X147.450 Y133.107
G1 X147.450 Y133.400
G1 X147.304 Y133.547
G1 X147.304 Y133.693
G1 X147.157 Y133.839
G1 X147.157 Y133.986
G1 X147.011 Y134.132
G1 X147.011 Y134.425
G1 X146.864 Y134.571
G1 X146.718 Y134.718
G1 X146.718 Y134.864
G1 X146.572 Y135.011
G1 X146.572 Y135.157
G1 X146.425 Y135.304
G1 X146.425 Y135.450
G1 X146.279 Y135.596
G1 X146.279 Y135.743
G1 X146.132 Y135.889
G1 X145.986 Y136.036
G1 X145.986 Y136.328
G1 X145.840 Y136.475
G1 X145.693 Y136.621
G1 X145.693 Y136.768
G1 X145.547 Y136.914
G1 X145.547 Y137.060
G1 X145.254 Y137.353
G1 X145.254 Y137.500
G1 X145.108 Y137.646
G1 X145.108 Y137.792
G1 X144.815 Y138.085
G1 X144.815 Y138.232
G1 X144.668 Y138.378
G1 X144.522 Y138.524
G1 X144.522 Y138.671
G1 X144.083 Y139.110
G1 X144.083 Y139.256
G1 X143.790 Y139.549
G1 X143.644 Y139.696
G1 X143.497 Y139.842
G1 X143.204 Y140.135
G1 X143.058 Y140.135
G1 X142.912 Y140.281
G1 X142.472 Y140.281
G1 X142.326 Y140.428
G1 X141.008 Y140.428
G1 X140.862 Y140.281
G1 X140.715 Y140.281
G1 X140.569 Y140.135
G1 X140.423 Y139.988
G1 X140.276 Y139.842
G1 X140.130 Y139.696
G1 X140.130 Y139.549
G1 X139.983 Y139.403
G1 X139.983 Y139.256
G1 X139.691 Y138.964
G1 X139.691 Y138.817
G1 X139.544 Y138.671
G1 X139.544 Y138.378
G1 X139.398 Y138.232
G1 X139.398 Y137.939
G1 X139.251 Y137.792
G1 X139.251 Y137.500
G1 X139.105 Y137.353
G1 X139.105 Y136.768
G1 X138.959 Y136.621
G1 X138.959 Y135.011
G1 X138.812 Y134.864
G1 X138.812 Y133.547
G1 X138.959 Y133.400
G1 X138.959 Y131.936
G1 X139.105 Y131.790
G1 X139.105 Y131.497
G1 X139.251 Y131.351
G1 X139.251 Y130.911
G1 X139.398 Y130.765
G1 X139.398 Y130.472
G1 X139.544 Y130.326
G1 X139.544 Y130.179
G1 X139.691 Y130.033
G1 X139.691 Y129.740
G1 X139.837 Y129.594
G1 X139.983 Y129.447
G1 X139.983 Y129.155
G1 X140.130 Y129.008
G1 X140.130 Y128.862
G1 X140.276 Y128.715
G1 X140.276 Y128.569
G1 X140.423 Y128.423
G1 X140.569 Y128.276
G1 X140.715 Y128.130
G1 X140.715 Y127.983
G1 X140.862 Y127.837
G1 X141.301 Y127.398
G1 X141.447 Y127.251
G1 X141.594 Y127.105
G1 X141.740 Y126.958
G1 X141.887 Y126.812
G1 X142.326 Y126.373
G1 X142.472 Y126.226
G1 X142.619 Y126.226
G1 X142.765 Y126.080
G1 X142.912 Y125.934
G1 X143.058 Y125.787
G1 X143.351 Y125.494
G1 X143.644 Y125.494
G1 X143.790 Y125.348
G1 X143.936 Y125.348
G1 X144.083 Y125.202
G1 X144.229 Y125.055
G1 X144.083 Y125.202
G1 X143.936 Y125.348
G1 X143.790 Y125.348
G1 X143.644 Y125.494
G1 X143.351 Y125.494
G1 X143.058 Y125.787
G1 X142.912 Y125.934
G1 X142.765 Y126.080
G1 X142.619 Y126.226
G1 X142.472 Y126.226
G1 X142.326 Y126.373
G1 X141.887 Y126.812
G1 X141.740 Y126.958
G1 X141.594 Y127.105
G1 X141.447 Y127.251
G1 X141.301 Y127.398
G1 X140.862 Y127.837
G1 X140.715 Y127.983
G1 X140.715 Y128.130
G1 X140.569 Y128.276
G1 X140.423 Y128.423
G1 X140.276 Y128.569
G1 X140.276 Y128.715
G1 X140.130 Y128.862
G1 X140.130 Y129.008
G1 X139.983 Y129.155
G1 X139.983 Y129.447
G1 X139.837 Y129.594
G1 X139.691 Y129.740
G1 X139.691 Y130.033
G1 X139.544 Y130.179
G1 X139.544 Y130.326
G1 X139.398 Y130.472
G1 X139.398 Y130.765
G1 X139.251 Y130.911
G1 X139.251 Y131.351
G1 X139.105 Y131.497
G1 X139.105 Y131.790
G1 X138.959 Y131.936
G1 X138.959 Y133.400
G1 X138.812 Y133.547
G1 X138.812 Y134.864
G1 X138.959 Y135.011
G1 X138.959 Y136.621
G1 X139.105 Y136.768
G1 X139.105 Y137.353
G1 X139.251 Y137.500
G1 X139.251 Y137.792
G1 X139.398 Y137.939
G1 X139.398 Y138.232
G1 X139.544 Y138.378
G1 X139.544 Y138.671
G1 X139.691 Y138.817
G1 X139.691 Y138.964
G1 X139.983 Y139.256
G1 X139.983 Y139.403
G1 X140.130 Y139.549
G1 X140.130 Y139.696
G1 X140.276 Y139.842
G1 X140.423 Y139.988
G1 X140.569 Y140.135
G1 X140.715 Y140.281
G1 X140.862 Y140.281
G1 X141.008 Y140.428
G1 X142.326 Y140.428
G1 X142.472 Y140.281
G1 X142.912 Y140.281
G1 X143.058 Y140.135
G1 X143.204 Y140.135
G1 X143.497 Y139.842
G1 X143.644 Y139.696
G1 X143.790 Y139.549
G1 X144.083 Y139.256
G1 X144.083 Y139.110
G1 X144.522 Y138.671
G1 X144.522 Y138.524
G1 X144.668 Y138.378
G1 X144.815 Y138.232
G1 X144.815 Y138.085
G1 X145.108 Y137.792
G1 X145.108 Y137.646
G1 X145.254 Y137.500
G1 X145.254 Y137.353
G1 X145.547 Y137.060
G1 X145.547 Y136.914
G1 X145.693 Y136.768
G1 X145.693 Y136.621
G1 X145.840 Y136.475
G1 X145.986 Y136.328
G1 X145.986 Y136.036
G1 X146.132 Y135.889
G1 X146.279 Y135.743
G1 X146.279 Y135.596
G1 X146.425 Y135.450
G1 X146.425 Y135.304
G1 X146.572 Y135.157
G1 X146.572 Y135.011
G1 X146.718 Y134.864
G1 X146.718 Y134.718
G1 X146.864 Y134.571
G1 X147.011 Y134.425
G1 X147.011 Y134.132
G1 X147.157 Y133.986
G1 X147.157 Y133.839
G1 X147.304 Y133.693
G1 X147.304 Y133.547
G1 X147.450 Y133.400
G1 X147.450 Y133.107
G1 X147.596 Y132.961
G1 X147.743 Y132.815
G1 X147.743 Y132.668
G1 X148.475 Y131.936
G1 X148.475 Y131.643
G1 X148.328 Y131.497
G1 X148.328 Y131.058
G1 X148.182 Y130.911
G1 X148.182 Y130.472
G1 X148.036 Y130.326
G1 X148.036 Y129.887
G1 X147.889 Y129.740
G1 X147.889 Y129.594
G1 X147.743 Y129.447
G1 X147.596 Y129.301
G1 X147.450 Y129.155
G1 X147.450 Y129.008
G1 X147.304 Y128.862
G1 X147.304 Y128.715
G1 X147.157 Y128.569
G1 X147.011 Y128.423
G1 X147.011 Y128.276
G1 X146.864 Y128.130
G1 X146.864 Y127.983
G1 X146.572 Y127.691
G1 X146.572 Y127.544
G1 X146.425 Y127.398
G1 X146.279 Y127.251
G1 X146.279 Y127.105
G1 X146.132 Y126.958
G1 X146.132 Y126.812
G1 X145.986 Y126.666
G1 X145.986 Y126.519
G1 X145.840 Y126.373
G1 X145.840 Y126.226
G1 X145.693 Y126.080
G1 X145.693 Y125.934
G1 X145.547 Y125.787
G1 X145.400 Y125.641
G1 X145.400 Y125.494
G1 X145.108 Y125.202
G1 X144.815 Y125.202
G1 X144.668 Y125.055
G1 X144.522 Y125.055
G1 X144.376 Y124.909
G1 X144.229 Y124.909
G1 X144.229 Y124.177
G1 X144.083 Y124.030
G1 X144.083 Y123.445
G1 X143.936 Y123.298
G1 X143.936 Y122.859
G1 X143.790 Y122.713
G1 X143.790 Y122.566
G1 X143.644 Y122.420
G1 X143.644 Y122.274
G1 X143.497 Y122.127
G1 X143.497 Y121.981
G1 X143.351 Y121.834
G1 X143.351 Y121.688
G1 X143.204 Y121.542
G1 X143.204 Y121.395
G1 X143.058 Y121.249
G1 X142.912 Y121.102
G1 X142.765 Y120.956
G1 X142.472 Y120.956
G1 X142.326 Y120.810
G1 X142.180 Y120.810
G1 X141.887 Y120.517
G1 X141.740 Y120.517
G1 X141.594 Y120.370
G1 X141.594 Y120.517
G1 X141.447 Y120.663
G1 X141.301 Y120.663
G1 X141.155 Y120.810
G1 X140.715 Y120.810
G1 X140.569 Y120.956
G1 X140.423 Y120.956
G1 X140.276 Y121.102
G1 X139.837 Y121.102
G1 X139.691 Y121.249
G1 X139.251 Y121.249
G1 X139.105 Y121.395
G1 X138.959 Y121.395
G1 X138.812 Y121.542
G1 X138.373 Y121.542
G1 X138.227 Y121.688
G1 X136.470 Y121.688
G1 X136.323 Y121.834
G1 X135.445 Y121.834
G1 X135.299 Y121.688
G1 X134.859 Y121.688
G1 X134.713 Y121.542
G1 X134.274 Y121.542
G1 X133.395 Y120.663
G1 X133.395 Y120.517
G1 X133.249 Y120.370
G1 X133.249 Y119.931
G1 X133.102 Y119.785
G1 X133.102 Y119.199
G1 X132.956 Y119.053
G1 X132.956 Y118.613
G1 X132.663 Y118.613
G1 X132.517 Y118.467
G1 X132.370 Y118.467
G1 X132.224 Y118.321
G1 X132.078 Y118.321
G1 X131.931 Y118.174
G1 X131.785 Y118.174
G1 X131.638 Y118.028
G1 X131.492 Y117.881
G1 X131.346 Y117.735
G1 X131.346 Y117.442
G1 X131.199 Y117.296
G1 X131.053 Y117.149
G1 X130.906 Y117.003
G1 X130.760 Y116.857
G1 X130.614 Y116.857
G1 X130.467 Y116.710
G1 X130.467 Y115.246
G1 X130.321 Y115.100
G1 X130.321 Y111.879
G1 X130.174 Y111.732
G1 X130.174 Y110.122
G1 X130.028 Y109.976
G1 X130.028 Y108.219
G1 X129.882 Y108.072
G1 X129.882 Y106.462
G1 X129.735 Y106.316
G1 X129.735 Y104.412
G1 X129.589 Y104.266
G1 X129.589 Y100.606
G1 X129.735 Y100.459
G1 X129.882 Y100.313
G1 X130.028 Y100.167
G1 X130.174 Y100.020
G1 X130.028 Y100.167
G1 X129.882 Y100.313
G1 X129.735 Y100.459
G1 X129.589 Y100.606
G1 X129.589 Y104.266
G1 X129.735 Y104.412
G1 X129.735 Y106.316
G1 X129.882 Y106.462
G1 X129.882 Y108.072
G1 X130.028 Y108.219
G1 X130.028 Y109.976
G1 X130.174 Y110.122
G1 X130.174 Y111.732
G1 X130.321 Y111.879
G1 X130.321 Y115.100
G1 X130.467 Y115.246
G1 X130.467 Y116.564
G1 X130.321 Y116.564
G1 X130.321 Y116.710
G1 X130.321 Y116.564
G1 X130.467 Y116.564
G1 X130.467 Y116.710
G1 X130.028 Y116.710
G1 X129.882 Y116.857
G1 X129.589 Y116.857
G1 X129.442 Y117.003
G1 X128.857 Y117.003
G1 X128.710 Y116.857
G1 X128.125 Y116.857
G1 X127.978 Y116.710
G1 X127.539 Y116.710
G1 X127.393 Y116.564
G1 X126.953 Y116.564
G1 X126.807 Y116.417
G1 X126.661 Y116.417
G1 X126.514 Y116.271
G1 X126.221 Y116.271
G1 X126.075 Y116.125
G1 X125.636 Y116.125
G1 X125.489 Y115.978
G1 X125.050 Y115.978
G1 X124.904 Y115.832
G1 X124.611 Y115.832
G1 X124.465 Y115.685
G1 X124.025 Y115.685
G1 X124.025 Y118.028
G1 X124.172 Y118.174
G1 X124.172 Y119.492
G1 X124.465 Y119.785
G1 X124.465 Y120.663
G1 X124.611 Y120.810
G1 X124.611 Y122.274
G1 X124.757 Y122.420
G1 X124.757 Y123.152
G1 X124.904 Y123.298
G1 X124.904 Y124.030
G1 X125.050 Y124.177
G1 X125.050 Y125.641
G1 X125.197 Y125.787
G1 X125.197 Y126.812
G1 X125.343 Y126.958
G1 X125.343 Y128.423
G1 X125.489 Y128.569
G1 X125.343 Y128.423
G1 X125.343 Y126.958
G1 X125.197 Y126.812
G1 X125.197 Y125.787
G1 X125.050 Y125.641
G1 X125.050 Y124.177
G1 X124.904 Y124.030
G1 X124.904 Y123.298
G1 X124.757 Y123.152
G1 X124.757 Y122.420
G1 X124.611 Y122.274
G1 X124.611 Y120.810
G1 X124.465 Y120.663
G1 X124.465 Y119.785
G1 X124.172 Y119.492
G1 X124.172 Y118.174
G1 X124.025 Y118.028
G1 X124.025 Y115.685
G1 X123.879 Y115.685
G1 X123.733 Y115.539
G1 X123.733 Y115.246
G1 X123.586 Y115.100
G1 X123.586 Y114.807
G1 X123.440 Y114.661
G1 X123.440 Y113.343
G1 X123.293 Y113.197
G1 X123.293 Y111.879
G1 X123.147 Y111.732
G1 X123.147 Y110.415
G1 X123.001 Y110.268
G1 X123.001 Y108.951
G1 X122.854 Y108.804
G1 X122.854 Y107.926
G1 X122.415 Y107.487
G1 X122.269 Y107.340
G1 X122.122 Y107.194
G1 X121.829 Y106.901
G1 X121.537 Y106.901
G1 X121.537 Y108.951
G1 X121.537 Y100.899
G1 X121.537 Y103.095
G1 X121.683 Y103.095
G1 X121.829 Y102.948
G1 X121.976 Y102.802
G1 X122.122 Y102.655
G1 X122.269 Y102.509
G1 X122.415 Y102.363
G1 X122.561 Y102.216
G1 X122.708 Y102.070
G1 X122.854 Y101.923
G1 X122.854 Y99.142
G1 X123.001 Y98.995
G1 X123.001 Y97.824
G1 X123.147 Y97.678
G1 X123.147 Y96.653
G1 X123.293 Y96.506
G1 X123.293 Y96.067
G1 X123.440 Y95.921
G1 X123.440 Y95.482
G1 X123.586 Y95.335
G1 X123.586 Y95.042
G1 X123.733 Y94.896
G1 X123.733 Y94.603
G1 X123.879 Y94.457
G1 X124.025 Y94.310
G1 X124.025 Y94.164
G1 X124.172 Y94.018
G1 X124.172 Y93.871
G1 X124.465 Y93.578
G1 X124.611 Y93.578
G1 X124.757 Y93.432
G1 X124.904 Y93.286
G1 X125.343 Y93.286
G1 X125.489 Y93.139
G1 X125.782 Y93.139
G1 X125.929 Y93.286
G1 X126.661 Y93.286
G1 X126.807 Y93.432
G1 X126.953 Y93.432
G1 X127.100 Y93.578
G1 X127.246 Y93.578
G1 X128.564 Y94.896
G1 X128.564 Y95.042
G1 X128.710 Y95.189
G1 X128.857 Y95.335
G1 X129.003 Y95.482
G1 X129.003 Y95.628
G1 X129.150 Y95.774
G1 X129.150 Y95.921
G1 X129.296 Y96.067
G1 X129.296 Y96.214
G1 X129.442 Y96.360
G1 X129.442 Y96.653
G1 X129.589 Y96.799
G1 X129.589 Y97.092
G1 X129.735 Y97.238
G1 X129.735 Y97.824
G1 X129.882 Y97.971
G1 X129.882 Y98.410
G1 X130.028 Y98.556
G1 X130.028 Y99.142
G1 X130.174 Y99.288
G1 X130.174 Y99.874
G1 X130.174 Y99.288
G1 X130.028 Y99.142
G1 X130.028 Y98.556
G1 X129.882 Y98.410
G1 X129.882 Y97.971
G1 X129.735 Y97.824
G1 X129.735 Y97.238
G1 X129.589 Y97.092
G1 X129.589 Y96.799
G1 X129.442 Y96.653
G1 X129.442 Y96.360
G1 X129.296 Y96.214
G1 X129.296 Y96.067
G1 X129.150 Y95.921
G1 X129.150 Y95.774
G1 X129.003 Y95.628
G1 X129.003 Y95.482
G1 X128.857 Y95.335
G1 X128.710 Y95.189
G1 X128.564 Y95.042
G1 X128.564 Y94.896
G1 X127.246 Y93.578
G1 X127.100 Y93.578
G1 X126.953 Y93.432
G1 X126.807 Y93.432
G1 X126.661 Y93.286
G1 X125.929 Y93.286
G1 X125.782 Y93.139
G1 X125.489 Y93.139
G1 X125.343 Y93.286
G1 X124.904 Y93.286
G1 X124.757 Y93.432
G1 X124.611 Y93.578
G1 X124.465 Y93.578
G1 X124.172 Y93.871
G1 X124.172 Y94.018
G1 X124.025 Y94.164
G1 X124.025 Y94.310
G1 X123.879 Y94.457
G1 X123.733 Y94.603
G1 X123.733 Y94.896
G1 X123.586 Y95.042
G1 X123.586 Y95.335
G1 X123.440 Y95.482
G1 X123.440 Y95.921
G1 X123.293 Y96.067
G1 X123.293 Y96.506
G1 X123.147 Y96.653
G1 X123.147 Y97.678
G1 X123.001 Y97.824
G1 X123.001 Y98.995
G1 X122.854 Y99.142
G1 X122.854 Y101.923
G1 X122.708 Y102.070
G1 X122.561 Y102.216
G1 X122.415 Y102.363
G1 X122.269 Y102.509
G1 X122.122 Y102.655
G1 X121.976 Y102.802
G1 X121.829 Y102.948
G1 X121.683 Y103.095
G1 X121.537 Y103.095
G1 X121.537 Y106.901
G1 X121.829 Y106.901
G1 X122.122 Y107.194
G1 X122.269 Y107.340
G1 X122.415 Y107.487
G1 X122.854 Y107.926
G1 X122.854 Y108.804
G1 X123.001 Y108.951
G1 X123.001 Y110.268
G1 X123.147 Y110.415
G1 X123.147 Y111.732
G1 X123.293 Y111.879
G1 X123.293 Y113.197
G1 X123.440 Y113.343
G1 X123.440 Y114.661
G1 X123.586 Y114.807
G1 X123.586 Y115.100
G1 X123.733 Y115.246
G1 X123.733 Y115.539
G1 X123.879 Y115.685
G1 X124.465 Y115.685
G1 X124.611 Y115.832
G1 X124.904 Y115.832
G1 X125.050 Y115.978
G1 X125.489 Y115.978
G1 X125.636 Y116.125
G1 X126.075 Y116.125
G1 X126.221 Y116.271
G1 X126.514 Y116.271
G1 X126.661 Y116.417
G1 X126.807 Y116.417
G1 X126.953 Y116.564
G1 X127.393 Y116.564
G1 X127.539 Y116.710
G1 X127.978 Y116.710
G1 X128.125 Y116.857
G1 X128.710 Y116.857
G1 X128.857 Y117.003
G1 X129.442 Y117.003
G1 X129.589 Y116.857
G1 X129.882 Y116.857
G1 X130.028 Y116.710
G1 X130.467 Y116.710
G1 X130.614 Y116.857
G1 X130.760 Y116.857
G1 X130.906 Y117.003
G1 X131.053 Y117.149
G1 X131.199 Y117.296
G1 X131.346 Y117.442
G1 X131.346 Y117.735
G1 X131.492 Y117.881
G1 X131.638 Y118.028
G1 X131.785 Y118.174
G1 X131.931 Y118.174
G1 X132.078 Y118.321
G1 X132.224 Y118.321
G1 X132.370 Y118.467
G1 X132.517 Y118.467
G1 X132.663 Y118.613
G1 X133.102 Y118.613
G1 X133.102 Y118.467
G1 X133.249 Y118.321
G1 X133.249 Y117.735
G1 X133.395 Y117.589
G1 X133.395 Y116.857
G1 X133.542 Y116.710
G1 X133.542 Y116.564
G1 X133.688 Y116.417
G1 X133.688 Y115.832
G1 X133.834 Y115.685
G1 X133.834 Y115.246
G1 X133.981 Y115.100
G1 X133.981 Y114.368
G1 X134.127 Y114.221
G1 X134.127 Y113.929
G1 X134.274 Y113.782
G1 X134.274 Y113.050
G1 X134.420 Y112.904
G1 X134.420 Y112.611
G1 X134.567 Y112.464
G1 X134.567 Y112.318
G1 X134.713 Y112.172
G1 X134.713 Y111.879
G1 X134.859 Y111.732
G1 X134.859 Y111.293
G1 X135.006 Y111.147
G1 X135.006 Y110.854
G1 X135.152 Y110.708
G1 X135.152 Y110.561
G1 X135.299 Y110.415
G1 X135.445 Y110.268
G1 X135.591 Y110.122
G1 X135.738 Y109.976
G1 X135.884 Y109.829
G1 X135.884 Y109.683
G1 X135.884 Y109.829
G1 X135.738 Y109.976
G1 X135.591 Y110.122
G1 X135.445 Y110.268
G1 X135.299 Y110.415
G1 X135.152 Y110.561
G1 X135.152 Y110.708
G1 X135.006 Y110.854
G1 X135.006 Y111.147
G1 X134.859 Y111.293
G1 X134.859 Y111.732
G1 X134.713 Y111.879
G1 X134.713 Y112.172
G1 X134.567 Y112.318
G1 X134.567 Y112.464
G1 X134.420 Y112.611
G1 X134.420 Y112.904
G1 X134.274 Y113.050
G1 X134.274 Y113.782
G1 X134.127 Y113.929
G1 X134.127 Y114.221
G1 X133.981 Y114.368
G1 X133.981 Y115.100
G1 X133.834 Y115.246
G1 X133.834 Y115.685
G1 X133.688 Y115.832
G1 X133.688 Y116.417
G1 X133.542 Y116.564
G1 X133.542 Y116.710
G1 X133.395 Y116.857
G1 X133.395 Y117.589
G1 X133.249 Y117.735
G1 X133.249 Y118.321
G1 X133.102 Y118.467
G1 X133.102 Y118.613
G1 X132.956 Y118.613
G1 X132.956 Y119.053
G1 X133.102 Y119.199
G1 X133.102 Y119.785
G1 X133.249 Y119.931
G1 X133.249 Y120.370
G1 X133.395 Y120.517
G1 X133.395 Y120.663
G1 X134.274 Y121.542
G1 X134.713 Y121.542
G1 X134.859 Y121.688
G1 X135.299 Y121.688
G1 X135.445 Y121.834
G1 X136.323 Y121.834
G1 X136.470 Y121.688
G1 X138.227 Y121.688
G1 X138.373 Y121.542
G1 X138.812 Y121.542
G1 X138.959 Y121.395
G1 X139.105 Y121.395
G1 X139.251 Y121.249
G1 X139.691 Y121.249
G1 X139.837 Y121.102
G1 X140.276 Y121.102
G1 X140.423 Y120.956
G1 X140.569 Y120.956
G1 X140.715 Y120.810
G1 X141.155 Y120.810
G1 X141.301 Y120.663
G1 X141.447 Y120.663
G1 X141.594 Y120.517
G1 X141.740 Y120.517
G1 X141.594 Y120.517
G1 X141.594 Y119.785
G1 X141.447 Y119.638
G1 X141.447 Y119.053
G1 X141.301 Y118.906
G1 X141.301 Y118.321
G1 X141.155 Y118.174
G1 X141.155 Y117.735
G1 X141.008 Y117.589
G1 X141.008 Y117.442
G1 X140.862 Y117.296
G1 X140.862 Y117.149
G1 X140.715 Y117.003
G1 X140.715 Y116.857
G1 X140.569 Y116.710
G1 X140.423 Y116.564
G1 X140.423 Y116.417
G1 X140.276 Y116.271
G1 X140.276 Y116.125
G1 X140.130 Y115.978
G1 X140.130 Y115.832
G1 X139.983 Y115.685
G1 X139.983 Y115.539
G1 X139.837 Y115.393
G1 X139.837 Y115.246
G1 X139.691 Y115.100
G1 X139.691 Y114.953
G1 X139.544 Y114.807
G1 X139.544 Y114.661
G1 X139.398 Y114.514
G1 X139.398 Y114.368
G1 X139.251 Y114.221
G1 X139.251 Y114.075
G1 X139.105 Y113.929
G1 X139.105 Y113.782
G1 X138.959 Y113.636
G1 X138.959 Y113.489
G1 X138.812 Y113.343
G1 X138.812 Y113.197
G1 X138.666 Y113.050
G1 X138.666 Y112.904
G1 X138.519 Y112.757
G1 X138.519 Y112.611
G1 X138.373 Y112.464
G1 X138.227 Y112.318
G1 X138.080 Y112.172
G1 X138.080 Y112.025
G1 X137.934 Y111.879
G1 X137.934 Y111.732
G1 X137.787 Y111.586
G1 X137.787 Y111.440
G1 X137.641 Y111.293
G1 X137.641 Y111.147
G1 X137.495 Y111.000
G1 X137.495 Y110.854
G1 X137.348 Y110.708
G1 X137.202 Y110.561
G1 X137.202 Y110.415
G1 X136.909 Y110.122
G1 X136.763 Y110.122
G1 X136.616 Y109.976
G1 X136.470 Y109.976
G1 X136.323 Y109.829
G1 X136.031 Y109.829
G1 X135.884 Y109.683
G1 X135.884 Y109.097
G1 X135.738 Y108.951
G1 X135.738 Y108.365
G1 X135.591 Y108.219
G1 X135.591 Y107.926
G1 X135.445 Y107.780
G1 X135.445 Y107.487
G1 X135.299 Y107.340
G1 X135.299 Y107.048
G1 X135.006 Y106.755
G1 X135.006 Y106.462
G1 X134.859 Y106.316
G1 X134.713 Y106.169
G1 X134.713 Y106.023
G1 X134.566 Y105.876
G1 X134.567 Y105.730
G1 X134.420 Y105.584
G1 X134.420 Y105.437
G1 X134.127 Y105.144
G1 X134.127 Y104.998
G1 X133.981 Y104.851
G1 X133.981 Y104.705
G1 X133.834 Y104.559
G1 X133.834 Y104.412
G1 X133.688 Y104.266
G1 X133.688 Y104.119
G1 X133.542 Y103.973
G1 X133.395 Y103.827
G1 X133.395 Y103.680
G1 X133.249 Y103.534
G1 X133.249 Y103.241
G1 X133.102 Y103.095
G1 X133.102 Y102.948
G1 X132.956 Y102.802
G1 X132.810 Y102.655
G1 X132.663 Y102.509
G1 X132.663 Y102.363
G1 X132.517 Y102.216
G1 X132.517 Y102.070
G1 X132.370 Y101.923
G1 X132.370 Y101.777
G1 X132.224 Y101.631
G1 X132.224 Y101.484
G1 X132.078 Y101.338
G1 X132.078 Y101.191
G1 X131.931 Y101.045
G1 X131.931 Y100.899
G1 X131.785 Y100.752
G1 X131.638 Y100.606
G1 X131.492 Y100.459
G1 X131.346 Y100.459
G1 X131.199 Y100.313
G1 X131.053 Y100.313
G1 X130.906 Y100.167
G1 X130.760 Y100.167
G1 X130.614 Y100.020
G1 X130.467 Y100.020
G1 X130.321 Y99.874
G1 X130.174 Y99.874
G1 X130.174 Y100.020
G1 X130.321 Y100.020
G1 X130.174 Y100.020
G1 X130.174 Y99.874
G1 X130.321 Y99.874
G1 X130.467 Y100.020
G1 X130.614 Y100.020
G1 X130.760 Y100.167
G1 X130.906 Y100.167
G1 X131.053 Y100.313
G1 X131.199 Y100.313
G1 X131.346 Y100.459
G1 X131.492 Y100.459
G1 X131.638 Y100.606
G1 X131.785 Y100.752
G1 X131.931 Y100.899
G1 X131.931 Y101.045
G1 X132.078 Y101.191
G1 X132.078 Y101.338
G1 X132.224 Y101.484
G1 X132.224 Y101.631
G1 X132.370 Y101.777
G1 X132.370 Y101.923
G1 X132.517 Y102.070
G1 X132.517 Y102.216
G1 X132.663 Y102.363
G1 X132.663 Y102.509
G1 X132.810 Y102.655
G1 X132.956 Y102.802
G1 X133.102 Y102.948
G1 X133.102 Y103.095
G1 X133.249 Y103.241
G1 X133.249 Y103.534
G1 X133.395 Y103.680
G1 X133.395 Y103.827
G1 X133.542 Y103.973
G1 X133.688 Y104.119
G1 X133.688 Y104.266
G1 X133.834 Y104.412
G1 X133.834 Y104.559
G1 X133.981 Y104.705
G1 X133.981 Y104.851
G1 X134.127 Y104.998
G1 X134.127 Y105.144
G1 X134.420 Y105.437
G1 X134.420 Y105.584
G1 X134.567 Y105.730
G1 X134.566 Y105.876
G1 X134.713 Y106.023
G1 X134.713 Y106.169
G1 X134.859 Y106.316
G1 X135.006 Y106.462
G1 X135.006 Y106.755
G1 X135.299 Y107.048
G1 X135.299 Y107.340
G1 X135.445 Y107.487
G1 X135.445 Y107.780
G1 X135.591 Y107.926
G1 X135.591 Y108.219
G1 X135.738 Y108.365
G1 X135.738 Y108.951
G1 X135.884 Y109.097
G1 X135.884 Y109.683
G1 X136.031 Y109.829
G1 X135.884 Y109.829
G1 X136.323 Y109.829
G1 X136.470 Y109.976
G1 X136.616 Y109.976
G1 X136.763 Y110.122
G1 X136.909 Y110.122
G1 X137.202 Y110.415
G1 X137.202 Y110.561
G1 X137.348 Y110.708
G1 X137.495 Y110.854
G1 X137.495 Y111.000
G1 X137.641 Y111.147
G1 X137.641 Y111.293
G1 X137.787 Y111.440
G1 X137.787 Y111.586
G1 X137.934 Y111.732
G1 X137.934 Y111.879
G1 X138.080 Y112.025
G1 X138.080 Y112.172
G1 X138.227 Y112.318
G1 X138.373 Y112.464
G1 X138.519 Y112.611
G1 X138.519 Y112.757
G1 X138.666 Y112.904
G1 X138.666 Y113.050
G1 X138.812 Y113.197
G1 X138.812 Y113.343
G1 X138.959 Y113.489
G1 X138.959 Y113.636
G1 X139.105 Y113.782
G1 X139.105 Y113.929
G1 X139.251 Y114.075
G1 X139.251 Y114.221
G1 X139.398 Y114.368
G1 X139.398 Y114.514
G1 X139.544 Y114.661
G1 X139.544 Y114.807
G1 X139.691 Y114.953
G1 X139.691 Y115.100
G1 X139.837 Y115.246
G1 X139.837 Y115.393
G1 X139.983 Y115.539
G1 X139.983 Y115.685
G1 X140.130 Y115.832
G1 X140.130 Y115.978
G1 X140.276 Y116.125
G1 X140.276 Y116.271
G1 X140.423 Y116.417
G1 X140.423 Y116.564
G1 X140.569 Y116.710
G1 X140.715 Y116.857
G1 X140.715 Y117.003
G1 X140.862 Y117.149
G1 X140.862 Y117.296
G1 X141.008 Y117.442
G1 X141.008 Y117.589
G1 X141.155 Y117.735
G1 X141.155 Y118.174
G1 X141.301 Y118.321
G1 X141.301 Y118.906
G1 X141.447 Y119.053
G1 X141.447 Y119.638
G1 X141.594 Y119.785
G1 X141.594 Y120.370
G1 X141.740 Y120.517
G1 X141.887 Y120.517
G1 X142.180 Y120.810
G1 X142.326 Y120.810
G1 X142.472 Y120.956
G1 X142.765 Y120.956
G1 X142.912 Y121.102
G1 X143.058 Y121.249
G1 X143.204 Y121.395
G1 X143.204 Y121.542
G1 X143.351 Y121.688
G1 X143.351 Y121.834
G1 X143.497 Y121.981
G1 X143.497 Y122.127
G1 X143.644 Y122.274
G1 X143.644 Y122.420
G1 X143.790 Y122.566
G1 X143.790 Y122.713
G1 X143.936 Y122.859
G1 X143.936 Y123.298
G1 X144.083 Y123.445
G1 X144.083 Y124.030
G1 X144.229 Y124.177
G1 X144.229 Y125.055
G1 X144.376 Y125.055
G1 X144.229 Y125.055
G1 X144.229 Y124.909
G1 X144.376 Y124.909
G1 X144.522 Y125.055
G1 X144.668 Y125.055
G1 X144.815 Y125.202
G1 X145.108 Y125.202
G1 X145.400 Y125.494
G1 X145.400 Y125.641
G1 X145.547 Y125.787
G1 X145.693 Y125.934
G1 X145.693 Y126.080
G1 X145.840 Y126.226
G1 X145.840 Y126.373
G1 X145.986 Y126.519
G1 X145.986 Y126.666
G1 X146.132 Y126.812
G1 X146.132 Y126.958
G1 X146.279 Y127.105
G1 X146.279 Y127.251
G1 X146.425 Y127.398
G1 X146.572 Y127.544
G1 X146.572 Y127.691
G1 X146.864 Y127.983
G1 X146.864 Y128.130
G1 X147.011 Y128.276
G1 X147.011 Y128.423
G1 X147.157 Y128.569
G1 X147.304 Y128.715
G1 X147.304 Y128.862
G1 X147.450 Y129.008
G1 X147.450 Y129.155
G1 X147.596 Y129.301
G1 X147.743 Y129.447
G1 X147.889 Y129.594
G1 X147.889 Y129.740
G1 X148.036 Y129.887
G1 X148.036 Y130.326
G1 X148.182 Y130.472
G1 X148.182 Y130.911
G1 X148.328 Y131.058
G1 X148.328 Y131.497
G1 X148.475 Y131.643
G1 X148.475 Y131.790
G1 X148.621 Y131.790
G1 X148.768 Y131.936
G1 X148.914 Y131.936
G1 X149.060 Y132.083
G1 X149.207 Y132.083
G1 X149.353 Y132.229
G1 X149.500 Y132.229
G1 X149.646 Y132.375
G1 X149.793 Y132.375
G1 X149.939 Y132.522
G1 X150.378 Y132.961
G1 X150.525 Y133.107
G1 X150.525 Y133.254
G1 X150.671 Y133.400
G1 X150.817 Y133.547
G1 X150.964 Y133.693
G1 X150.964 Y133.839
G1 X151.110 Y133.986
G1 X151.257 Y134.132
G1 X151.257 Y134.279
G1 X151.696 Y134.718
G1 X151.696 Y134.864
G1 X151.842 Y135.011
G1 X151.989 Y135.157
G1 X151.989 Y135.304
G1 X152.281 Y135.596
G1 X152.281 Y135.743
G1 X152.428 Y135.889
G1 X152.574 Y136.036
G1 X152.574 Y136.182
G1 X152.721 Y136.328
G1 X152.721 Y136.475
G1 X152.867 Y136.621
G1 X153.013 Y136.768
G1 X153.013 Y137.060
G1 X153.306 Y137.353
G1 X153.306 Y137.500
G1 X153.453 Y137.646
G1 X153.453 Y137.792
G1 X153.599 Y137.939
G1 X153.599 Y138.085
G1 X153.745 Y138.232
G1 X153.745 Y138.378
G1 X153.892 Y138.524
G1 X153.892 Y138.671
G1 X154.038 Y138.817
G1 X154.038 Y138.964
G1 X154.185 Y139.110
G1 X154.185 Y139.256
G1 X154.331 Y139.403
G1 X154.331 Y139.549
G1 X154.477 Y139.696
G1 X154.477 Y139.988
G1 X154.770 Y140.281
G1 X154.770 Y140.428
G1 X154.917 Y140.574
G1 X154.917 Y140.720
G1 X155.063 Y140.867
G1 X155.063 Y141.160
G1 X155.209 Y141.306
G1 X155.209 Y141.452
G1 X155.356 Y141.599
G1 X155.356 Y141.892
G1 X155.502 Y142.038
G1 X155.502 Y142.331
G1 X155.649 Y142.477
G1 X155.649 Y142.624
G1 X155.795 Y142.770
G1 X155.795 Y143.209
G1 X155.941 Y143.356
G1 X155.941 Y143.649
G1 X156.088 Y143.795
G1 X156.088 Y143.941
G1 X156.234 Y144.088
G1 X156.234 Y144.527
G1 X156.381 Y144.673
G1 X156.381 Y145.552
G1 X156.527 Y145.698
G1 X156.527 Y146.869
G1 X156.381 Y147.016
G1 X156.381 Y147.162
G1 X155.941 Y147.162
G1 X155.795 Y147.309
G1 X155.209 Y147.309
G1 X155.063 Y147.455
G1 X154.624 Y147.455
G1 X154.477 Y147.601
G1 X154.038 Y147.601
G1 X153.892 Y147.748
G1 X153.745 Y147.894
G1 X153.599 Y148.041
G1 X153.453 Y148.187
G1 X153.306 Y148.333
G1 X153.160 Y148.480
G1 X153.013 Y148.626
G1 X152.867 Y148.773
G1 X152.721 Y148.919
G1 X152.574 Y149.065
G1 X152.428 Y149.212
G1 X152.281 Y149.358
G1 X152.135 Y149.505
G1 X152.135 Y149.651
G1 X151.842 Y149.944
G1 X151.842 Y150.090
G1 X151.696 Y150.237
G1 X151.696 Y150.383
G1 X151.549 Y150.530
G1 X151.549 Y150.676
G1 X151.403 Y150.822
G1 X151.403 Y151.115
G1 X151.257 Y151.262
G1 X151.257 Y151.408
G1 X151.110 Y151.554
G1 X151.110 Y151.847
G1 X150.964 Y151.994
G1 X150.964 Y153.018
G1 X151.110 Y153.165
G1 X151.110 Y153.750
G1 X151.257 Y153.897
G1 X151.257 Y154.043
G1 X151.403 Y154.190
G1 X151.403 Y154.336
G1 X151.549 Y154.482
G1 X151.549 Y154.629
G1 X151.696 Y154.775
G1 X151.842 Y154.922
G1 X151.842 Y155.214
G1 X152.135 Y155.507
G1 X152.281 Y155.654
G1 X152.428 Y155.800
G1 X152.428 Y155.946
G1 X152.574 Y156.093
G1 X152.574 Y156.239
G1 X152.721 Y156.386
G1 X152.721 Y156.532
G1 X152.867 Y156.678
G1 X152.867 Y156.825
G1 X152.721 Y156.971
G1 X152.721 Y157.118
G1 X152.574 Y157.264
G1 X152.135 Y157.703
G1 X151.842 Y157.703
G1 X151.696 Y157.850
G1 X151.257 Y157.850
G1 X151.110 Y157.996
G1 X150.964 Y157.996
G1 X150.817 Y158.143
G1 X149.646 Y158.143
G1 X149.500 Y157.996
G1 X149.060 Y157.996
G1 X148.914 Y157.850
G1 X148.768 Y157.850
G1 X148.621 Y157.703
G1 X148.475 Y157.703
G1 X148.328 Y157.557
G1 X148.182 Y157.410
G1 X148.036 Y157.410
G1 X147.889 Y157.264
G1 X147.450 Y156.825
G1 X147.304 Y156.678
G1 X147.157 Y156.532
G1 X147.011 Y156.386
G1 X147.011 Y156.239
G1 X146.864 Y156.093
G1 X146.864 Y155.946
G1 X146.718 Y155.800
G1 X146.718 Y155.654
G1 X146.572 Y155.507
G1 X146.572 Y155.361
G1 X146.425 Y155.214
G1 X146.425 Y155.068
G1 X146.279 Y154.922
G1 X146.279 Y154.482
G1 X146.132 Y154.336
G1 X146.132 Y154.190
G1 X145.986 Y154.043
G1 X145.986 Y153.750
G1 X145.840 Y153.604
G1 X145.840 Y153.458
G1 X145.693 Y153.311
G1 X145.693 Y152.872
G1 X145.547 Y152.726
G1 X145.547 Y152.433
G1 X145.400 Y152.286
G1 X145.400 Y151.994
G1 X145.254 Y151.847
G1 X145.108 Y151.701
G1 X145.108 Y151.408
G1 X144.961 Y151.262
G1 X144.961 Y151.115
G1 X144.815 Y150.969
G1 X144.815 Y150.822
G1 X144.668 Y150.676
G1 X144.668 Y150.383
G1 X144.522 Y150.237
G1 X144.522 Y150.090
G1 X144.376 Y149.944
G1 X144.376 Y149.797
G1 X144.229 Y149.651
G1 X144.229 Y149.505
G1 X144.083 Y149.358
G1 X144.083 Y149.212
G1 X143.790 Y148.919
G1 X143.790 Y148.773
G1 X143.644 Y148.626
G1 X143.644 Y148.480
G1 X143.497 Y148.333
G1 X143.497 Y148.187
G1 X143.204 Y147.894
G1 X143.204 Y147.748
G1 X143.058 Y147.601
G1 X142.912 Y147.455
G1 X142.765 Y147.309
G1 X142.619 Y147.162
G1 X142.472 Y147.016
G1 X142.326 Y146.869
G1 X142.180 Y146.723
G1 X142.180 Y146.577
G1 X141.594 Y145.991
G1 X141.447 Y145.845
G1 X141.301 Y145.698
G1 X141.008 Y145.405
G1 X140.862 Y145.405
G1 X140.715 Y145.259
G1 X140.569 Y145.113
G1 X140.423 Y144.966
G1 X140.276 Y144.966
G1 X140.130 Y144.820
G1 X139.983 Y144.820
G1 X139.837 Y144.673
G1 X139.691 Y144.527
G1 X139.251 Y144.527
G1 X139.105 Y144.381
G1 X138.519 Y144.381
G1 X138.373 Y144.234
G1 X138.080 Y144.234
G1 X137.934 Y144.088
G1 X137.495 Y144.088
G1 X137.348 Y144.234
G1 X137.202 Y144.381
G1 X137.202 Y144.673
G1 X137.055 Y144.820
G1 X137.055 Y145.259
G1 X136.909 Y145.405
G1 X136.909 Y145.698
G1 X136.763 Y145.845
G1 X136.763 Y146.577
G1 X136.616 Y146.723
G1 X136.616 Y147.162
G1 X136.470 Y147.309
G1 X136.470 Y147.748
G1 X136.470 Y147.601
G1 X136.323 Y147.601
G1 X136.470 Y147.601
G1 X136.470 Y147.309
G1 X136.616 Y147.162
G1 X136.616 Y146.723
G1 X136.763 Y146.577
G1 X136.763 Y145.845
G1 X136.909 Y145.698
G1 X136.909 Y145.405
G1 X137.055 Y145.259
G1 X137.055 Y144.820
G1 X137.202 Y144.673
G1 X137.202 Y144.381
G1 X137.348 Y144.234
G1 X137.495 Y144.088
G1 X137.495 Y143.502
G1 X137.348 Y143.356
G1 X137.348 Y142.917
G1 X137.202 Y142.770
G1 X137.202 Y142.184
G1 X137.055 Y142.038
G1 X137.055 Y141.745
G1 X136.909 Y141.599
G1 X136.909 Y141.160
G1 X136.763 Y141.013
G1 X136.763 Y140.867
G1 X136.616 Y140.720
G1 X136.616 Y140.574
G1 X136.470 Y140.428
G1 X136.470 Y140.281
G1 X136.323 Y140.135
G1 X136.177 Y139.988
G1 X136.031 Y139.842
G1 X136.031 Y139.696
G1 X134.713 Y138.378
G1 X134.566 Y138.232
G1 X134.420 Y138.232
G1 X134.420 Y137.939
G1 X134.566 Y137.792
G1 X134.566 Y137.646
G1 X134.567 Y137.500
G1 X134.566 Y137.353
G1 X134.567 Y137.207
G1 X134.713 Y137.060
G1 X134.713 Y136.182
G1 X134.859 Y136.036
G1 X134.859 Y134.571
G1 X135.006 Y134.425
G1 X135.006 Y132.375
G1 X134.859 Y132.229
G1 X134.859 Y130.911
G1 X134.713 Y130.765
G1 X134.713 Y130.472
G1 X134.567 Y130.326
G1 X134.566 Y130.179
G1 X134.420 Y130.033
G1 X134.420 Y129.887
G1 X134.274 Y129.740
G1 X134.274 Y129.594
G1 X134.127 Y129.447
G1 X134.127 Y129.301
G1 X133.981 Y129.155
G1 X133.981 Y129.008
G1 X133.834 Y128.862
G1 X133.688 Y128.715
G1 X133.688 Y128.569
G1 X133.249 Y128.130
G1 X133.249 Y127.983
G1 X133.102 Y127.837
G1 X132.956 Y127.691
G1 X132.810 Y127.544
G1 X132.663 Y127.398
G1 X132.517 Y127.251
G1 X132.517 Y127.105
G1 X131.492 Y126.080
G1 X131.199 Y126.080
G1 X131.053 Y125.934
G1 X130.906 Y125.934
G1 X130.760 Y125.787
G1 X130.321 Y125.787
G1 X129.442 Y126.666
G1 X129.442 Y126.812
G1 X129.296 Y126.958
G1 X129.150 Y127.105
G1 X129.150 Y127.251
G1 X128.857 Y127.544
G1 X128.857 Y128.715
G1 X129.003 Y128.862
G1 X129.003 Y129.887
G1 X129.150 Y130.033
G1 X129.150 Y130.765
G1 X129.296 Y130.911
G1 X129.296 Y131.497
G1 X129.442 Y131.643
G1 X129.442 Y131.936
G1 X129.589 Y132.083
G1 X129.589 Y132.815
G1 X129.735 Y132.961
G1 X129.735 Y134.571
G1 X129.735 Y132.961
G1 X129.589 Y132.815
G1 X129.589 Y132.083
G1 X129.442 Y131.936
G1 X129.442 Y131.643
G1 X129.296 Y131.497
G1 X129.296 Y130.911
G1 X129.150 Y130.765
G1 X129.150 Y130.033
G1 X129.003 Y129.887
G1 X129.003 Y128.862
G1 X128.857 Y128.715
G1 X128.857 Y128.130
G1 X128.710 Y127.983
G1 X128.418 Y127.983
G1 X128.271 Y128.130
G1 X126.514 Y128.130
G1 X126.368 Y128.276
G1 X126.221 Y128.276
G1 X126.075 Y128.423
G1 X125.929 Y128.423
G1 X125.782 Y128.569
G1 X125.636 Y128.569
G1 X125.782 Y128.569
G1 X125.929 Y128.423
G1 X126.075 Y128.423
G1 X126.221 Y128.276
G1 X126.368 Y128.276
G1 X126.514 Y128.130
G1 X128.271 Y128.130
G1 X128.418 Y127.983
G1 X128.710 Y127.983
G1 X128.857 Y128.130
G1 X128.857 Y127.983
G1 X128.710 Y127.983
G1 X128.857 Y127.983
G1 X128.857 Y127.544
G1 X129.150 Y127.251
G1 X129.150 Y127.105
G1 X129.296 Y126.958
G1 X129.442 Y126.812
G1 X129.442 Y126.666
G1 X130.321 Y125.787
G1 X130.321 Y125.348
G1 X130.174 Y125.202
G1 X130.174 Y124.470
G1 X130.028 Y124.323
G1 X130.028 Y123.884
G1 X129.882 Y123.738
G1 X129.882 Y123.445
G1 X129.735 Y123.298
G1 X129.735 Y123.006
G1 X129.589 Y122.859
G1 X129.589 Y122.713
G1 X129.296 Y122.420
G1 X129.296 Y122.274
G1 X129.150 Y122.127
G1 X129.150 Y121.981
G1 X128.857 Y121.688
G1 X128.710 Y121.542
G1 X128.564 Y121.395
G1 X128.125 Y120.956
G1 X127.978 Y120.810
G1 X127.832 Y120.663
G1 X127.393 Y120.224
G1 X127.246 Y120.224
G1 X127.100 Y120.077
G1 X126.514 Y120.077
G1 X126.368 Y119.931
G1 X125.489 Y119.931
G1 X125.343 Y119.785
G1 X124.465 Y119.785
G1 X125.343 Y119.785
G1 X125.489 Y119.931
G1 X126.368 Y119.931
G1 X126.514 Y120.077
G1 X127.100 Y120.077
G1 X127.246 Y120.224
G1 X127.393 Y120.224
G1 X127.832 Y120.663
G1 X127.978 Y120.810
G1 X128.125 Y120.956
G1 X128.564 Y121.395
G1 X128.710 Y121.542
G1 X128.857 Y121.688
G1 X129.150 Y121.981
G1 X129.150 Y122.127
G1 X129.296 Y122.274
G1 X129.296 Y122.420
G1 X129.589 Y122.713
G1 X129.589 Y122.859
G1 X129.735 Y123.006
G1 X129.735 Y123.298
G1 X129.882 Y123.445
G1 X129.882 Y123.738
G1 X130.028 Y123.884
G1 X130.028 Y124.323
G1 X130.174 Y124.470
G1 X130.174 Y125.202
G1 X130.321 Y125.348
G1 X130.321 Y125.787
G1 X130.760 Y125.787
G1 X130.906 Y125.934
G1 X131.053 Y125.934
G1 X131.199 Y126.080
G1 X131.492 Y126.080
G1 X132.517 Y127.105
G1 X132.517 Y127.251
G1 X132.663 Y127.398
G1 X132.810 Y127.544
G1 X132.956 Y127.691
G1 X133.102 Y127.837
G1 X133.249 Y127.983
G1 X133.249 Y128.130
G1 X133.688 Y128.569
G1 X133.688 Y128.715
G1 X133.834 Y128.862
G1 X133.981 Y129.008
G1 X133.981 Y129.155
G1 X134.127 Y129.301
G1 X134.127 Y129.447
G1 X134.274 Y129.594
G1 X134.274 Y129.740
G1 X134.420 Y129.887
G1 X134.420 Y130.033
G1 X134.566 Y130.179
G1 X134.567 Y130.326
G1 X134.713 Y130.472
G1 X134.713 Y130.765
G1 X134.859 Y130.911
G1 X134.859 Y132.229
G1 X135.006 Y132.375
G1 X135.006 Y134.425
G1 X134.859 Y134.571
G1 X134.859 Y136.036
G1 X134.713 Y136.182
G1 X134.713 Y137.060
G1 X134.567 Y137.207
G1 X134.566 Y137.353
G1 X134.567 Y137.500
G1 X134.566 Y137.646
G1 X134.566 Y137.792
G1 X134.420 Y137.939
G1 X134.420 Y138.232
G1 X134.274 Y138.378
G1 X133.981 Y138.378
G1 X133.834 Y138.524
G1 X133.542 Y138.524
G1 X133.395 Y138.671
G1 X132.956 Y138.671
G1 X132.810 Y138.817
G1 X131.053 Y138.817
G1 X130.906 Y138.964
G1 X130.028 Y138.964
G1 X129.882 Y139.110
G1 X129.150 Y139.110
G1 X129.150 Y140.867
G1 X129.003 Y141.013
G1 X129.003 Y143.649
G1 X129.150 Y143.795
G1 X129.150 Y145.259
G1 X129.296 Y145.405
G1 X129.296 Y146.430
G1 X129.442 Y146.577
G1 X129.442 Y148.041
G1 X129.589 Y148.187
G1 X129.589 Y148.480
G1 X130.028 Y148.919
G1 X130.174 Y148.919
G1 X130.028 Y148.919
G1 X129.589 Y148.480
G1 X129.589 Y148.187
G1 X129.442 Y148.041
G1 X129.442 Y146.577
G1 X129.296 Y146.430
G1 X129.296 Y145.405
G1 X129.150 Y145.259
G1 X129.150 Y143.795
G1 X129.003 Y143.649
G1 X129.003 Y141.013
G1 X129.150 Y140.867
G1 X129.150 Y139.110
G1 X129.003 Y138.964
G1 X129.003 Y138.817
G1 X128.710 Y138.524
G1 X128.710 Y138.378
G1 X128.564 Y138.232
G1 X128.564 Y138.085
G1 X128.418 Y137.939
G1 X128.418 Y137.792
G1 X128.271 Y137.646
G1 X128.271 Y137.500
G1 X128.125 Y137.353
G1 X127.978 Y137.207
G1 X127.832 Y137.060
G1 X127.832 Y136.914
G1 X127.539 Y136.621
G1 X127.539 Y136.475
G1 X127.393 Y136.328
G1 X127.393 Y136.036
G1 X127.246 Y135.889
G1 X127.246 Y135.743
G1 X127.100 Y135.596
G1 X127.100 Y135.450
G1 X126.953 Y135.304
G1 X126.953 Y135.011
G1 X126.807 Y134.864
G1 X126.807 Y134.718
G1 X126.661 Y134.571
G1 X126.661 Y134.279
G1 X126.514 Y134.132
G1 X126.514 Y133.839
G1 X126.368 Y133.693
G1 X126.221 Y133.547
G1 X126.221 Y133.400
G1 X126.075 Y133.254
G1 X126.075 Y132.961
G1 X125.929 Y132.815
G1 X125.929 Y132.522
G1 X125.782 Y132.375
G1 X125.782 Y132.083
G1 X125.636 Y131.936
G1 X125.636 Y131.351
G1 X125.489 Y131.204
G1 X125.489 Y128.569
G1 X125.636 Y128.569
G1 X125.489 Y128.569
G1 X125.489 Y131.204
G1 X125.636 Y131.351
G1 X125.636 Y131.936
G1 X125.782 Y132.083
G1 X125.782 Y132.375
G1 X125.929 Y132.522
G1 X125.929 Y132.815
G1 X126.075 Y132.961
G1 X126.075 Y133.254
G1 X126.221 Y133.400
G1 X126.221 Y133.547
G1 X126.368 Y133.693
G1 X126.514 Y133.839
G1 X126.514 Y134.132
G1 X126.661 Y134.279
G1 X126.661 Y134.571
G1 X126.807 Y134.718
G1 X126.807 Y134.864
G1 X126.953 Y135.011
G1 X126.953 Y135.304
G1 X127.100 Y135.450
G1 X127.100 Y135.596
G1 X127.246 Y135.743
G1 X127.246 Y135.889
G1 X127.393 Y136.036
G1 X127.393 Y136.328
G1 X127.539 Y136.475
G1 X127.539 Y136.621
G1 X127.832 Y136.914
G1 X127.832 Y137.060
G1 X127.978 Y137.207
G1 X128.125 Y137.353
G1 X128.271 Y137.500
G1 X128.271 Y137.646
G1 X128.418 Y137.792
G1 X128.418 Y137.939
G1 X128.564 Y138.085
G1 X128.564 Y138.232
G1 X128.710 Y138.378
G1 X128.710 Y138.524
G1 X129.003 Y138.817
G1 X129.003 Y138.964
G1 X129.150 Y139.110
G1 X129.882 Y139.110
G1 X130.028 Y138.964
G1 X130.906 Y138.964
G1 X131.053 Y138.817
G1 X132.810 Y138.817
G1 X132.956 Y138.671
G1 X133.395 Y138.671
G1 X133.542 Y138.524
G1 X133.834 Y138.524
G1 X133.981 Y138.378
G1 X134.274 Y138.378
G1 X134.420 Y138.232
G1 X134.566 Y138.232
G1 X134.713 Y138.378
G1 X136.031 Y139.696
G1 X136.031 Y139.842
G1 X136.177 Y139.988
G1 X136.323 Y140.135
G1 X136.470 Y140.281
G1 X136.470 Y140.428
G1 X136.616 Y140.574
G1 X136.616 Y140.720
G1 X136.763 Y140.867
G1 X136.763 Y141.013
G1 X136.909 Y141.160
G1 X136.909 Y141.599
G1 X137.055 Y141.745
G1 X137.055 Y142.038
G1 X137.202 Y142.184
G1 X137.202 Y142.770
G1 X137.348 Y142.917
G1 X137.348 Y143.356
G1 X137.495 Y143.502
G1 X137.495 Y144.088
G1 X137.934 Y144.088
G1 X138.080 Y144.234
G1 X138.373 Y144.234
G1 X138.519 Y144.381
G1 X139.105 Y144.381
G1 X139.251 Y144.527
G1 X139.691 Y144.527
G1 X139.837 Y144.673
G1 X139.983 Y144.820
G1 X140.130 Y144.820
G1 X140.276 Y144.966
G1 X140.423 Y144.966
G1 X140.569 Y145.113
G1 X140.715 Y145.259
G1 X140.862 Y145.405
G1 X141.008 Y145.405
G1 X141.301 Y145.698
G1 X141.447 Y145.845
G1 X141.594 Y145.991
G1 X142.180 Y146.577
G1 X142.180 Y146.723
G1 X142.326 Y146.869
G1 X142.472 Y147.016
G1 X142.619 Y147.162
G1 X142.765 Y147.309
G1 X142.912 Y147.455
G1 X143.058 Y147.601
G1 X143.204 Y147.748
G1 X143.204 Y147.894
G1 X143.497 Y148.187
G1 X143.497 Y148.333
G1 X143.644 Y148.480
G1 X143.644 Y148.626
G1 X143.790 Y148.773
G1 X143.790 Y148.919
G1 X144.083 Y149.212
G1 X144.083 Y149.358
G1 X144.229 Y149.505
G1 X144.229 Y149.651
G1 X144.376 Y149.797
G1 X144.376 Y149.944
G1 X144.522 Y150.090
G1 X144.522 Y150.237
G1 X144.668 Y150.383
G1 X144.668 Y150.676
G1 X144.815 Y150.822
G1 X144.815 Y150.969
G1 X144.961 Y151.115
G1 X144.961 Y151.262
G1 X145.108 Y151.408
G1 X145.108 Y151.701
G1 X145.254 Y151.847
G1 X145.400 Y151.994
G1 X145.400 Y152.286
G1 X145.547 Y152.433
G1 X145.547 Y152.726
G1 X145.693 Y152.872
G1 X145.693 Y153.311
G1 X145.840 Y153.458
G1 X145.840 Y153.604
G1 X145.986 Y153.750
G1 X145.986 Y154.043
G1 X146.132 Y154.190
G1 X146.132 Y154.336
G1 X146.279 Y154.482
G1 X146.279 Y154.922
G1 X146.425 Y155.068
G1 X146.425 Y155.214
G1 X146.572 Y155.361
G1 X146.572 Y155.507
G1 X146.718 Y155.654
G1 X146.718 Y155.800
G1 X146.864 Y155.946
G1 X146.864 Y156.093
G1 X147.011 Y156.239
G1 X147.011 Y156.386
G1 X147.157 Y156.532
G1 X147.304 Y156.678
G1 X147.450 Y156.825
G1 X147.889 Y157.264
G1 X148.036 Y157.410
G1 X148.182 Y157.410
G1 X148.328 Y157.557
G1 X148.475 Y157.703
G1 X148.621 Y157.703
G1 X148.768 Y157.850
G1 X148.914 Y157.850
G1 X149.060 Y157.996
G1 X149.500 Y157.996
G1 X149.646 Y158.143
G1 X150.817 Y158.143
G1 X150.964 Y157.996
G1 X151.110 Y157.996
G1 X151.257 Y157.850
G1 X151.696 Y157.850
G1 X151.842 Y157.703
G1 X152.135 Y157.703
G1 X152.574 Y157.264
G1 X152.721 Y157.118
G1 X152.721 Y156.971
G1 X152.867 Y156.825
G1 X152.867 Y156.678
G1 X152.721 Y156.532
G1 X152.721 Y156.386
G1 X152.574 Y156.239
G1 X152.574 Y156.093
G1 X152.428 Y155.946
G1 X152.428 Y155.800
G1 X152.281 Y155.654
G1 X152.135 Y155.507
G1 X151.842 Y155.214
G1 X151.842 Y154.922
G1 X151.696 Y154.775
G1 X151.549 Y154.629
G1 X151.549 Y154.482
G1 X151.403 Y154.336
G1 X151.403 Y154.190
G1 X151.257 Y154.043
G1 X151.257 Y153.897
G1 X151.110 Y153.750
G1 X151.110 Y153.165
G1 X150.964 Y153.018
G1 X150.964 Y151.994
G1 X151.110 Y151.847
G1 X151.110 Y151.554
G1 X151.257 Y151.408
G1 X151.257 Y151.262
G1 X151.403 Y151.115
G1 X151.403 Y150.822
G1 X151.549 Y150.676
G1 X151.549 Y150.530
G1 X151.696 Y150.383
G1 X151.696 Y150.237
G1 X151.842 Y150.090
G1 X151.842 Y149.944
G1 X152.135 Y149.651
G1 X152.135 Y149.505
G1 X152.281 Y149.358
G1 X152.428 Y149.212
G1 X152.574 Y149.065
G1 X152.721 Y148.919
G1 X152.867 Y148.773
G1 X153.013 Y148.626
G1 X153.160 Y148.480
G1 X153.306 Y148.333
G1 X153.453 Y148.187
G1 X153.599 Y148.041
G1 X153.745 Y147.894
G1 X153.892 Y147.748
G1 X154.038 Y147.601
G1 X154.477 Y147.601
G1 X154.624 Y147.455
G1 X155.063 Y147.455
G1 X155.209 Y147.309
G1 X155.795 Y147.309
G1 X155.941 Y147.162
G1 X156.381 Y147.162
G1 X156.527 Y147.309
G1 X156.673 Y147.455
G1 X156.820 Y147.601
G1 X156.966 Y147.748
G1 X156.966 Y147.894
G1 X157.113 Y148.041
G1 X157.113 Y148.333
G1 X157.259 Y148.480
G1 X157.259 Y148.773
G1 X157.406 Y148.919
G1 X157.406 Y149.358
G1 X157.552 Y149.505
G1 X157.552 Y150.090
G1 X157.698 Y150.237
G1 X157.698 Y150.676
G1 X157.845 Y150.822
G1 X157.845 Y151.262
G1 X157.991 Y151.408
G1 X157.991 Y152.433
G1 X158.138 Y152.579
G1 X158.138 Y153.750
G1 X158.284 Y153.897
G1 X158.284 Y154.922
G1 X158.430 Y155.068
G1 X158.430 Y155.361
G1 X158.284 Y155.361
G1 X158.138 Y155.507
G1 X157.991 Y155.507
G1 X157.845 Y155.654
G1 X157.552 Y155.654
G1 X157.406 Y155.800
G1 X157.113 Y155.800
G1 X156.966 Y155.946
G1 X156.673 Y155.946
G1 X156.527 Y156.093
G1 X156.234 Y156.093
G1 X156.088 Y156.239
G1 X155.795 Y156.239
G1 X155.649 Y156.386
G1 X154.917 Y156.386
G1 X154.770 Y156.532
G1 X153.892 Y156.532
G1 X153.745 Y156.678
G1 X152.867 Y156.678
G1 X153.745 Y156.678
G1 X153.892 Y156.532
G1 X154.770 Y156.532
G1 X154.917 Y156.386
G1 X155.649 Y156.386
G1 X155.795 Y156.239
G1 X156.088 Y156.239
G1 X156.234 Y156.093
G1 X156.527 Y156.093
G1 X156.673 Y155.946
G1 X156.966 Y155.946
G1 X157.113 Y155.800
G1 X157.406 Y155.800
G1 X157.552 Y155.654
G1 X157.845 Y155.654
G1 X157.991 Y155.507
G1 X158.138 Y155.507
G1 X158.284 Y155.361
G1 X158.723 Y155.361
G1 X158.870 Y155.507
G1 X159.016 Y155.654
G1 X159.162 Y155.800
G1 X159.309 Y155.946
G1 X159.309 Y156.093
G1 X159.455 Y156.239
G1 X159.455 Y156.532
G1 X159.602 Y156.678
G1 X159.602 Y157.118
G1 X159.748 Y157.264
G1 X159.748 Y157.557
G1 X159.894 Y157.703
G1 X159.894 Y158.435
G1 X160.041 Y158.582
G1 X160.041 Y159.314
G1 X160.187 Y159.460
G1 X160.187 Y160.192
G1 X160.334 Y160.339
G1 X160.187 Y160.339
G1 X160.480 Y160.339
G1 X160.626 Y160.485
G1 X160.773 Y160.485
G1 X161.212 Y160.924
G1 X161.212 Y161.071
G1 X161.358 Y161.217
G1 X161.505 Y161.363
G1 X161.505 Y161.510
G1 X161.798 Y161.803
G1 X161.798 Y161.949
G1 X161.944 Y162.095
G1 X161.944 Y162.242
G1 X162.237 Y162.535
G1 X162.237 Y162.827
G1 X162.383 Y162.974
G1 X162.530 Y163.120
G1 X162.530 Y163.267
G1 X162.822 Y163.559
G1 X162.822 Y163.706
G1 X162.969 Y163.852
G1 X162.969 Y164.291
G1 X163.115 Y164.438
G1 X163.115 Y164.877
G1 X163.262 Y165.023
G1 X163.262 Y165.316
G1 X163.408 Y165.463
G1 X163.262 Y165.463
G1 X163.847 Y165.463
G1 X163.994 Y165.609
G1 X164.140 Y165.609
G1 X164.286 Y165.756
G1 X164.433 Y165.902
G1 X164.726 Y166.195
G1 X164.726 Y166.341
G1 X164.872 Y166.488
G1 X165.019 Y166.634
G1 X165.019 Y166.780
G1 X165.165 Y166.927
G1 X165.604 Y167.366
G1 X165.751 Y167.512
G1 X165.751 Y167.659
G1 X165.897 Y167.805
G1 X166.043 Y167.952
G1 X166.190 Y168.098
G1 X166.336 Y168.244
G1 X166.336 Y168.391
G1 X166.483 Y168.537
G1 X166.629 Y168.684
G1 X166.775 Y168.830
G1 X166.922 Y168.976
G1 X166.922 Y169.123
G1 X167.361 Y169.562
G1 X167.361 Y169.855
G1 X167.507 Y170.001
G1 X167.507 Y170.294
G1 X167.654 Y170.440
G1 X167.654 Y170.733
G1 X167.800 Y170.880
G1 X167.800 Y171.172
G1 X167.947 Y171.319
G1 X168.093 Y171.319
G1 X168.239 Y171.465
G1 X168.532 Y171.465
G1 X168.679 Y171.612
G1 X168.971 Y171.612
G1 X169.118 Y171.758
G1 X169.264 Y171.758
G1 X169.411 Y171.904
G1 X169.557 Y172.051
G1 X169.996 Y172.490
G1 X170.143 Y172.636
G1 X170.289 Y172.783
G1 X171.460 Y173.954
G1 X171.460 Y174.101
G1 X171.607 Y174.247
G1 X171.753 Y174.393
G1 X171.899 Y174.540
G1 X172.046 Y174.686
G1 X172.192 Y174.833
G1 X172.192 Y174.979
G1 X172.339 Y175.125
G1 X172.485 Y175.272
G1 X172.632 Y175.418
G1 X172.778 Y175.565
G1 X172.924 Y175.711
G1 X173.071 Y175.857
G1 X173.217 Y176.004
G1 X173.364 Y176.150
G1 X173.510 Y176.297
G1 X173.656 Y176.443
G1 X173.803 Y176.589
G1 X173.949 Y176.736
G1 X174.096 Y176.882
G1 X174.096 Y177.029
G1 X175.999 Y178.932
G1 X176.145 Y178.932
G1 X176.292 Y179.078
G1 X176.584 Y179.078
G1 X176.731 Y179.225
G1 X177.024 Y179.225
G1 X177.170 Y179.371
G1 X177.463 Y179.371
G1 X177.609 Y179.517
G1 X177.902 Y179.517
G1 X178.048 Y179.664
G1 X178.195 Y179.664
G1 X178.195 Y179.810
G1 X178.341 Y179.957
G1 X178.341 Y180.103
G1 X178.488 Y180.249
G1 X178.488 Y180.542
G1 X178.634 Y180.689
G1 X178.634 Y180.835
G1 X178.780 Y180.982
G1 X178.780 Y181.128
G1 X178.927 Y181.274
G1 X178.927 Y181.421
G1 X179.220 Y181.714
G1 X179.220 Y181.860
G1 X179.366 Y182.006
G1 X179.366 Y182.299
G1 X179.512 Y182.446
G1 X179.512 Y182.738
G1 X179.659 Y182.885
G1 X179.659 Y183.031
G1 X182.001 Y183.031
G1 X182.148 Y182.885
G1 X184.344 Y182.885
G1 X184.490 Y182.738
G1 X185.808 Y182.738
G1 X185.954 Y182.592
G1 X188.004 Y182.592
G1 X188.150 Y182.446
G1 X188.443 Y182.446
G1 X188.443 Y182.153
G1 X188.590 Y182.006
G1 X188.590 Y181.714
G1 X188.443 Y181.567
G1 X188.443 Y179.225
G1 X188.297 Y179.078
G1 X188.297 Y178.053
G1 X188.150 Y177.907
G1 X188.150 Y176.882
G1 X188.004 Y176.736
G1 X188.004 Y176.004
G1 X187.858 Y175.857
G1 X187.858 Y175.418
G1 X187.711 Y175.272
G1 X187.711 Y173.954
G1 X187.565 Y173.808
G1 X187.565 Y171.758
G1 X187.418 Y171.612
G1 X187.418 Y168.537
G1 X187.272 Y168.391
G1 X187.272 Y167.366
G1 X187.418 Y167.220
G1 X187.418 Y161.071
G1 X187.565 Y160.924
G1 X187.565 Y159.460
G1 X187.711 Y159.314
G1 X187.711 Y158.875
G1 X187.858 Y158.728
G1 X187.858 Y158.289
G1 X188.004 Y158.143
G1 X188.004 Y157.118
G1 X188.150 Y156.971
G1 X188.150 Y156.532
G1 X188.297 Y156.386
G1 X188.297 Y156.093
G1 X188.443 Y155.946
G1 X188.443 Y155.507
G1 X188.590 Y155.361
G1 X188.590 Y154.775
G1 X188.736 Y154.629
G1 X188.736 Y154.043
G1 X188.882 Y153.897
G1 X188.882 Y153.604
G1 X189.029 Y153.458
G1 X189.029 Y153.165
G1 X189.175 Y153.018
G1 X189.175 Y152.726
G1 X189.322 Y152.579
G1 X189.322 Y152.140
G1 X189.468 Y151.994
G1 X189.468 Y151.554
G1 X189.614 Y151.408
G1 X189.614 Y151.115
G1 X189.761 Y150.969
G1 X189.761 Y150.676
G1 X189.907 Y150.530
G1 X189.907 Y150.237
G1 X190.054 Y150.090
G1 X190.054 Y149.651
G1 X190.200 Y149.505
G1 X190.200 Y149.212
G1 X190.346 Y149.065
G1 X190.346 Y148.773
G1 X190.493 Y148.626
G1 X190.493 Y148.333
G1 X190.639 Y148.187
G1 X190.639 Y148.041
G1 X190.786 Y147.894
G1 X190.786 Y147.601
G1 X190.932 Y147.455
G1 X190.932 Y147.309
G1 X191.078 Y147.162
G1 X191.371 Y147.162
G1 X191.518 Y147.016
G1 X191.810 Y147.016
G1 X191.957 Y146.869
G1 X192.250 Y146.869
G1 X192.396 Y147.016
G1 X192.835 Y147.016
G1 X192.982 Y147.162
G1 X193.274 Y147.162
G1 X193.421 Y147.309
G1 X193.567 Y147.309
G1 X193.714 Y147.455
G1 X194.006 Y147.455
G1 X194.153 Y147.601
G1 X194.446 Y147.601
G1 X194.592 Y147.748
G1 X194.885 Y147.748
G1 X195.031 Y147.894
G1 X195.324 Y147.894
G1 X195.471 Y148.041
G1 X195.763 Y148.041
G1 X195.910 Y148.187
G1 X196.203 Y148.187
G1 X196.349 Y148.333
G1 X196.642 Y148.333
G1 X196.788 Y148.480
G1 X196.935 Y148.626
G1 X197.227 Y148.626
G1 X197.374 Y148.773
G1 X197.813 Y148.773
G1 X197.959 Y148.919
G1 X198.252 Y148.919
G1 X198.399 Y149.065
G1 X198.691 Y149.065
G1 X198.838 Y149.212
G1 X199.131 Y149.212
G1 X199.277 Y149.358
G1 X199.570 Y149.358
G1 X199.716 Y149.505
G1 X200.009 Y149.505
G1 X200.155 Y149.651
G1 X200.448 Y149.651
G1 X200.595 Y149.797
G1 X201.034 Y149.797
G1 X201.180 Y149.944
G1 X201.327 Y149.944
G1 X201.473 Y150.090
G1 X201.766 Y150.090
G1 X201.912 Y150.237
G1 X202.059 Y150.237
G1 X202.205 Y150.383
G1 X202.498 Y150.383
G1 X202.644 Y150.530
G1 X202.791 Y150.530
G1 X202.937 Y150.676
G1 X203.230 Y150.676
G1 X203.376 Y150.822
G1 X203.669 Y150.822
G1 X203.816 Y150.969
G1 X203.962 Y150.969
G1 X204.255 Y151.262
G1 X204.401 Y151.262
G1 X204.548 Y151.408
G1 X204.694 Y151.408
G1 X205.280 Y151.994
G1 X205.426 Y151.994
G1 X205.572 Y152.140
G1 X205.719 Y152.286
G1 X205.865 Y152.433
G1 X206.012 Y152.579
G1 X206.158 Y152.726
G1 X206.304 Y152.872
G1 X206.451 Y153.018
G1 X206.451 Y153.165
G1 X206.744 Y153.458
G1 X206.744 Y153.604
G1 X206.890 Y153.750
G1 X206.890 Y153.897
G1 X207.036 Y154.043
G1 X207.036 Y154.190
G1 X207.183 Y154.336
G1 X207.183 Y154.482
G1 X207.329 Y154.629
G1 X207.329 Y155.068
G1 X207.476 Y155.214
G1 X207.476 Y155.361
G1 X207.622 Y155.507
G1 X207.622 Y155.654
G1 X207.768 Y155.800
G1 X207.768 Y156.093
G1 X207.915 Y156.239
G1 X207.915 Y156.386
G1 X208.061 Y156.532
G1 X208.061 Y156.678
G1 X208.208 Y156.825
G1 X208.208 Y157.118
G1 X208.354 Y157.264
G1 X208.354 Y157.410
G1 X208.500 Y157.557
G1 X208.647 Y157.703
G1 X208.647 Y157.996
G1 X208.793 Y158.143
G1 X208.793 Y158.289
G1 X208.940 Y158.435
G1 X208.940 Y158.582
G1 X209.086 Y158.728
G1 X209.086 Y159.167
G1 X209.232 Y159.314
G1 X209.232 Y159.460
G1 X209.379 Y159.607
G1 X209.379 Y159.753
G1 X209.525 Y159.899
G1 X209.525 Y160.192
G1 X209.672 Y160.339
G1 X209.672 Y160.485
G1 X209.818 Y160.631
G1 X209.818 Y160.778
G1 X209.964 Y160.924
G1 X209.964 Y161.217
G1 X210.111 Y161.363
G1 X210.111 Y161.510
G1 X210.257 Y161.656
G1 X210.257 Y161.949
G1 X210.404 Y162.095
G1 X210.404 Y162.242
G1 X210.550 Y162.388
G1 X210.550 Y162.681
G1 X210.697 Y162.827
G1 X210.697 Y163.120
G1 X210.843 Y163.267
G1 X210.989 Y163.413
G1 X210.989 Y163.559
G1 X211.136 Y163.706
G1 X211.136 Y163.999
G1 X211.282 Y164.145
G1 X211.282 Y164.291
G1 X211.429 Y164.438
G1 X211.429 Y164.731
G1 X211.575 Y164.877
G1 X211.575 Y165.170
G1 X211.721 Y165.316
G1 X211.721 Y165.463
G1 X211.868 Y165.609
G1 X211.868 Y165.902
G1 X212.014 Y166.048
G1 X212.014 Y166.195
G1 X212.161 Y166.341
G1 X212.161 Y166.780
G1 X212.307 Y166.927
G1 X212.307 Y167.073
G1 X212.453 Y167.220
G1 X212.453 Y167.512
G1 X212.600 Y167.659
G1 X212.600 Y168.098
G1 X212.746 Y168.244
G1 X212.746 Y168.537
G1 X212.893 Y168.684
G1 X212.893 Y169.562
G1 X213.039 Y169.708
G1 X213.039 Y170.880
G1 X213.185 Y171.026
G1 X213.185 Y172.783
G1 X213.039 Y172.929
G1 X213.039 Y173.369
G1 X212.893 Y173.515
G1 X212.893 Y173.808
G1 X212.746 Y173.954
G1 X212.746 Y174.101
G1 X212.600 Y174.247
G1 X212.600 Y174.393
G1 X212.307 Y174.686
G1 X212.307 Y174.833
G1 X212.161 Y174.979
G1 X212.014 Y175.125
G1 X211.868 Y175.272
G1 X211.721 Y175.418
G1 X211.575 Y175.565
G1 X211.429 Y175.711
G1 X211.282 Y175.857
G1 X211.136 Y176.004
G1 X210.989 Y176.150
G1 X210.843 Y176.150
G1 X210.697 Y176.297
G1 X210.550 Y176.297
G1 X210.404 Y176.443
G1 X210.111 Y176.443
G1 X209.964 Y176.589
G1 X209.818 Y176.589
G1 X209.672 Y176.736
G1 X209.525 Y176.736
G1 X209.379 Y176.882
G1 X209.086 Y176.882
G1 X208.940 Y177.029
G1 X208.793 Y177.175
G1 X208.500 Y177.175
G1 X208.354 Y177.321
G1 X208.208 Y177.321
G1 X208.061 Y177.468
G1 X207.768 Y177.468
G1 X207.622 Y177.614
G1 X207.329 Y177.614
G1 X207.183 Y177.761
G1 X206.890 Y177.761
G1 X206.744 Y177.907
G1 X206.451 Y177.907
G1 X206.304 Y178.053
G1 X206.158 Y178.053
G1 X206.012 Y178.200
G1 X205.719 Y178.200
G1 X205.572 Y178.346
G1 X205.426 Y178.346
G1 X205.280 Y178.493
G1 X204.987 Y178.493
G1 X204.840 Y178.639
G1 X204.548 Y178.639
G1 X204.401 Y178.785
G1 X204.108 Y178.785
G1 X203.962 Y178.932
G1 X203.816 Y178.932
G1 X203.669 Y179.078
G1 X203.376 Y179.078
G1 X203.230 Y179.225
G1 X202.937 Y179.225
G1 X202.791 Y179.371
G1 X202.498 Y179.371
G1 X202.351 Y179.517
G1 X201.912 Y179.517
G1 X201.766 Y179.664
G1 X201.327 Y179.664
G1 X201.180 Y179.810
G1 X200.741 Y179.810
G1 X200.595 Y179.957
G1 X200.155 Y179.957
G1 X200.009 Y180.103
G1 X199.570 Y180.103
G1 X199.423 Y180.249
G1 X198.984 Y180.249
G1 X198.838 Y180.396
G1 X198.545 Y180.396
G1 X198.399 Y180.542
G1 X197.959 Y180.542
G1 X197.813 Y180.689
G1 X197.227 Y180.689
G1 X197.081 Y180.835
G1 X196.203 Y180.835
G1 X196.056 Y180.689
G1 X195.031 Y180.689
G1 X194.885 Y180.542
G1 X194.738 Y180.396
G1 X194.446 Y180.396
G1 X194.153 Y180.103
G1 X194.006 Y180.103
G1 X193.860 Y179.957
G1 X193.714 Y179.810
G1 X193.567 Y179.664
G1 X193.421 Y179.517
G1 X193.274 Y179.371
G1 X193.128 Y179.225
G1 X192.982 Y179.078
G1 X192.835 Y178.932
G1 X192.689 Y178.785
G1 X192.689 Y178.639
G1 X192.542 Y178.493
G1 X192.542 Y178.346
G1 X192.396 Y178.200
G1 X192.396 Y178.053
G1 X192.250 Y177.907
G1 X192.103 Y177.761
G1 X192.103 Y177.614
G1 X191.957 Y177.468
G1 X191.957 Y177.175
G1 X191.810 Y177.029
G1 X191.810 Y176.589
G1 X191.664 Y176.443
G1 X191.664 Y175.857
G1 X191.518 Y175.711
G1 X191.518 Y175.272
G1 X191.371 Y175.125
G1 X191.371 Y174.393
G1 X191.225 Y174.247
G1 X191.225 Y172.783
G1 X191.078 Y172.783
G1 X190.932 Y172.636
G1 X190.786 Y172.490
G1 X190.786 Y172.197
G1 X190.639 Y172.051
G1 X190.639 Y171.319
G1 X190.493 Y171.172
G1 X190.493 Y170.880
G1 X190.639 Y170.733
G1 X190.639 Y169.123
G1 X190.786 Y168.976
G1 X190.786 Y168.098
G1 X190.932 Y167.952
G1 X190.932 Y167.366
G1 X191.078 Y167.220
G1 X191.078 Y166.780
G1 X191.225 Y166.634
G1 X191.225 Y166.488
G1 X191.371 Y166.341
G1 X191.371 Y166.048
G1 X191.518 Y165.902
G1 X191.518 Y165.609
G1 X191.664 Y165.463
G1 X191.664 Y165.316
G1 X191.810 Y165.170
G1 X191.810 Y164.877
G1 X191.957 Y164.731
G1 X191.957 Y164.584
G1 X192.103 Y164.438
G1 X192.103 Y164.291
G1 X192.250 Y164.145
G1 X192.250 Y163.999
G1 X192.396 Y163.852
G1 X192.396 Y163.706
G1 X192.542 Y163.559
G1 X192.542 Y163.413
G1 X192.689 Y163.267
G1 X192.689 Y163.120
G1 X192.835 Y162.974
G1 X192.835 Y162.827
G1 X192.982 Y162.681
G1 X192.982 Y162.535
G1 X193.128 Y162.388
G1 X193.128 Y162.242
G1 X193.274 Y162.095
G1 X193.274 Y161.949
G1 X193.421 Y161.803
G1 X193.421 Y161.656
G1 X193.567 Y161.510
G1 X193.567 Y161.363
G1 X193.714 Y161.217
G1 X193.714 Y161.071
G1 X193.860 Y160.924
G1 X193.860 Y160.778
G1 X194.006 Y160.631
G1 X194.006 Y160.485
G1 X194.153 Y160.339
G1 X194.153 Y160.192
G1 X194.299 Y160.046
G1 X194.299 Y159.899
G1 X194.446 Y159.753
G1 X194.446 Y159.607
G1 X194.592 Y159.460
G1 X194.592 Y159.167
G1 X194.738 Y159.021
G1 X194.885 Y158.875
G1 X194.885 Y158.728
G1 X195.178 Y158.435
G1 X195.178 Y157.996
G1 X195.178 Y158.435
G1 X194.885 Y158.728
G1 X194.885 Y158.875
G1 X194.738 Y159.021
G1 X194.592 Y159.167
G1 X194.592 Y159.460
G1 X194.446 Y159.607
G1 X194.446 Y159.753
G1 X194.299 Y159.899
G1 X194.299 Y160.046
G1 X194.153 Y160.192
G1 X194.153 Y160.339
G1 X194.006 Y160.485
G1 X194.006 Y160.631
G1 X193.860 Y160.778
G1 X193.860 Y160.924
G1 X193.714 Y161.071
G1 X193.714 Y161.217
G1 X193.567 Y161.363
G1 X193.567 Y161.510
G1 X193.421 Y161.656
G1 X193.421 Y161.803
G1 X193.274 Y161.949
G1 X193.274 Y162.095
G1 X193.128 Y162.242
G1 X193.128 Y162.388
G1 X192.982 Y162.535
G1 X192.982 Y162.681
G1 X192.835 Y162.827
G1 X192.835 Y162.974
G1 X192.689 Y163.120
G1 X192.689 Y163.267
G1 X192.542 Y163.413
G1 X192.542 Y163.559
G1 X192.396 Y163.706
G1 X192.396 Y163.852
G1 X192.250 Y163.999
G1 X192.250 Y164.145
G1 X192.103 Y164.291
G1 X192.103 Y164.438
G1 X191.957 Y164.584
G1 X191.957 Y164.731
G1 X191.810 Y164.877
G1 X191.810 Y165.170
G1 X191.664 Y165.316
G1 X191.664 Y165.463
G1 X191.518 Y165.609
G1 X191.518 Y165.902
G1 X191.371 Y166.048
G1 X191.371 Y166.341
G1 X191.225 Y166.488
G1 X191.225 Y166.634
G1 X191.078 Y166.780
G1 X191.078 Y167.220
G1 X190.932 Y167.366
G1 X190.932 Y167.952
G1 X190.786 Y168.098
G1 X190.786 Y168.976
G1 X190.639 Y169.123
G1 X190.639 Y170.733
G1 X190.493 Y170.880
G1 X190.493 Y171.172
G1 X190.639 Y171.319
G1 X190.639 Y172.051
G1 X190.786 Y172.197
G1 X190.786 Y172.490
G1 X190.932 Y172.636
G1 X191.078 Y172.783
G1 X191.371 Y172.783
G1 X191.810 Y172.344
G1 X191.957 Y172.344
G1 X192.103 Y172.197
G1 X192.250 Y172.051
G1 X192.396 Y171.904
G1 X192.396 Y171.758
G1 X192.542 Y171.612
G1 X192.542 Y171.465
G1 X192.689 Y171.319
G1 X192.835 Y171.172
G1 X192.835 Y171.026
G1 X192.982 Y170.880
G1 X192.982 Y170.733
G1 X193.128 Y170.587
G1 X193.128 Y170.294
G1 X193.274 Y170.148
G1 X193.274 Y170.001
G1 X193.421 Y169.855
G1 X193.421 Y169.708
G1 X193.567 Y169.562
G1 X193.567 Y169.416
G1 X193.714 Y169.269
G1 X193.714 Y169.123
G1 X193.860 Y168.976
G1 X193.860 Y168.684
G1 X194.006 Y168.537
G1 X194.006 Y168.391
G1 X194.153 Y168.244
G1 X194.153 Y168.098
G1 X194.299 Y167.952
G1 X194.299 Y167.805
G1 X194.446 Y167.659
G1 X194.446 Y167.512
G1 X194.592 Y167.366
G1 X194.592 Y167.220
G1 X194.738 Y167.073
G1 X194.738 Y166.927
G1 X194.885 Y166.780
G1 X194.885 Y166.634
G1 X195.031 Y166.488
G1 X195.031 Y166.341
G1 X195.178 Y166.195
G1 X195.178 Y166.048
G1 X195.324 Y165.902
G1 X195.324 Y165.756
G1 X195.471 Y165.609
G1 X195.471 Y165.463
G1 X195.617 Y165.316
G1 X195.617 Y165.170
G1 X195.763 Y165.023
G1 X195.763 Y164.877
G1 X195.910 Y164.731
G1 X195.910 Y164.584
G1 X196.203 Y164.291
G1 X196.203 Y163.999
G1 X196.349 Y163.852
G1 X196.349 Y163.706
G1 X196.495 Y163.559
G1 X196.495 Y163.413
G1 X196.642 Y163.267
G1 X196.642 Y163.120
G1 X196.788 Y162.974
G1 X196.788 Y162.827
G1 X196.935 Y162.681
G1 X197.081 Y162.535
G1 X197.081 Y162.388
G1 X197.374 Y162.095
G1 X197.374 Y161.949
G1 X197.667 Y161.656
G1 X197.667 Y161.510
G1 X197.813 Y161.363
G1 X197.813 Y161.071
G1 X197.959 Y160.924
G1 X198.106 Y160.778
G1 X198.252 Y160.631
G1 X198.252 Y160.485
G1 X198.252 Y160.631
G1 X198.106 Y160.778
G1 X197.959 Y160.924
G1 X197.813 Y161.071
G1 X197.813 Y161.363
G1 X197.667 Y161.510
G1 X197.667 Y161.656
G1 X197.374 Y161.949
G1 X197.374 Y162.095
G1 X197.081 Y162.388
G1 X197.081 Y162.535
G1 X196.935 Y162.681
G1 X196.788 Y162.827
G1 X196.788 Y162.974
G1 X196.642 Y163.120
G1 X196.642 Y163.267
G1 X196.495 Y163.413
G1 X196.495 Y163.559
G1 X196.349 Y163.706
G1 X196.349 Y163.852
G1 X196.203 Y163.999
G1 X196.203 Y164.291
G1 X195.910 Y164.584
G1 X195.910 Y164.731
G1 X195.763 Y164.877
G1 X195.763 Y165.023
G1 X195.617 Y165.170
G1 X195.617 Y165.316
G1 X195.471 Y165.463
G1 X195.471 Y165.609
G1 X195.324 Y165.756
G1 X195.324 Y165.902
G1 X195.178 Y166.048
G1 X195.178 Y166.195
G1 X195.031 Y166.341
G1 X195.031 Y166.488
G1 X194.885 Y166.634
G1 X194.885 Y166.780
G1 X194.738 Y166.927
G1 X194.738 Y167.073
G1 X194.592 Y167.220
G1 X194.592 Y167.366
G1 X194.446 Y167.512
G1 X194.446 Y167.659
G1 X194.299 Y167.805
G1 X194.299 Y167.952
G1 X194.153 Y168.098
G1 X194.153 Y168.244
G1 X194.006 Y168.391
G1 X194.006 Y168.537
G1 X193.860 Y168.684
G1 X193.860 Y168.976
G1 X193.714 Y169.123
G1 X193.714 Y169.269
G1 X193.567 Y169.416
G1 X193.567 Y169.562
G1 X193.421 Y169.708
G1 X193.421 Y169.855
G1 X193.274 Y170.001
G1 X193.274 Y170.148
G1 X193.128 Y170.294
G1 X193.128 Y170.587
G1 X192.982 Y170.733
G1 X192.982 Y170.880
G1 X192.835 Y171.026
G1 X192.835 Y171.172
G1 X192.689 Y171.319
G1 X192.542 Y171.465
G1 X192.542 Y171.612
G1 X192.396 Y171.758
G1 X192.396 Y171.904
G1 X192.250 Y172.051
G1 X192.103 Y172.197
G1 X191.957 Y172.344
G1 X191.810 Y172.344
G1 X191.371 Y172.783
G1 X191.225 Y172.783
G1 X191.225 Y174.247
G1 X191.371 Y174.393
G1 X191.371 Y175.125
G1 X191.518 Y175.272
G1 X191.518 Y175.711
G1 X191.664 Y175.857
G1 X191.664 Y176.443
G1 X191.810 Y176.589
G1 X191.810 Y177.029
G1 X191.957 Y177.175
G1 X191.957 Y177.468
G1 X192.103 Y177.614
G1 X192.103 Y177.761
G1 X192.250 Y177.907
G1 X192.396 Y178.053
G1 X192.396 Y178.200
G1 X192.542 Y178.346
G1 X192.542 Y178.493
G1 X192.689 Y178.639
G1 X192.689 Y178.785
G1 X192.835 Y178.932
G1 X192.982 Y179.078
G1 X193.128 Y179.225
G1 X193.274 Y179.371
G1 X193.421 Y179.517
G1 X193.567 Y179.664
G1 X193.714 Y179.810
G1 X193.860 Y179.957
G1 X194.006 Y180.103
G1 X194.153 Y180.103
G1 X194.446 Y180.396
G1 X194.738 Y180.396
G1 X194.885 Y180.542
G1 X195.031 Y180.689
G1 X196.056 Y180.689
G1 X196.203 Y180.835
G1 X197.081 Y180.835
G1 X197.227 Y180.689
G1 X197.813 Y180.689
G1 X197.959 Y180.542
G1 X198.399 Y180.542
G1 X198.545 Y180.396
G1 X198.838 Y180.396
G1 X198.984 Y180.249
G1 X199.423 Y180.249
G1 X199.570 Y180.103
G1 X200.009 Y180.103
G1 X200.155 Y179.957
G1 X200.595 Y179.957
G1 X200.741 Y179.810
G1 X201.180 Y179.810
G1 X201.327 Y179.664
G1 X201.766 Y179.664
G1 X201.912 Y179.517
G1 X202.351 Y179.517
G1 X202.498 Y179.371
G1 X202.791 Y179.371
G1 X202.937 Y179.225
G1 X203.230 Y179.225
G1 X203.376 Y179.078
G1 X203.669 Y179.078
G1 X203.816 Y178.932
G1 X203.962 Y178.932
G1 X204.108 Y178.785
G1 X204.401 Y178.785
G1 X204.548 Y178.639
G1 X204.840 Y178.639
G1 X204.987 Y178.493
G1 X205.280 Y178.493
G1 X205.426 Y178.346
G1 X205.572 Y178.346
G1 X205.719 Y178.200
G1 X206.012 Y178.200
G1 X206.158 Y178.053
G1 X206.304 Y178.053
G1 X206.451 Y177.907
G1 X206.744 Y177.907
G1 X206.890 Y177.761
G1 X207.183 Y177.761
G1 X207.329 Y177.614
G1 X207.622 Y177.614
G1 X207.768 Y177.468
G1 X208.061 Y177.468
G1 X208.208 Y177.321
G1 X208.354 Y177.321
G1 X208.500 Y177.175
G1 X208.793 Y177.175
G1 X208.940 Y177.029
G1 X209.086 Y176.882
G1 X209.379 Y176.882
G1 X209.525 Y176.736
G1 X209.672 Y176.736
G1 X209.818 Y176.589
G1 X209.964 Y176.589
G1 X210.111 Y176.443
G1 X210.404 Y176.443
G1 X210.550 Y176.297
G1 X210.697 Y176.297
G1 X210.843 Y176.150
G1 X210.989 Y176.150
G1 X211.136 Y176.004
G1 X211.282 Y175.857
G1 X211.429 Y175.711
G1 X211.575 Y175.565
G1 X211.721 Y175.418
G1 X211.868 Y175.272
G1 X212.014 Y175.125
G1 X212.161 Y174.979
G1 X212.307 Y174.833
G1 X212.307 Y174.686
G1 X212.600 Y174.393
G1 X212.600 Y174.247
G1 X212.746 Y174.101
G1 X212.746 Y173.954
G1 X212.893 Y173.808
G1 X212.893 Y173.515
G1 X213.039 Y173.369
G1 X213.039 Y172.929
G1 X213.185 Y172.783
G1 X213.185 Y171.026
G1 X213.039 Y170.880
G1 X213.039 Y169.708
G1 X212.893 Y169.562
G1 X212.893 Y168.684
G1 X212.746 Y168.537
G1 X212.746 Y168.244
G1 X212.600 Y168.098
G1 X212.600 Y167.659
G1 X212.453 Y167.512
G1 X212.453 Y167.220
G1 X212.307 Y167.073
G1 X212.307 Y166.927
G1 X212.161 Y166.780
G1 X212.161 Y166.341
G1 X212.014 Y166.195
G1 X212.014 Y166.048
G1 X211.868 Y165.902
G1 X211.868 Y165.609
G1 X211.721 Y165.463
G1 X211.721 Y165.316
G1 X211.575 Y165.170
G1 X211.575 Y164.877
G1 X211.429 Y164.731
G1 X211.429 Y164.438
G1 X211.282 Y164.291
G1 X211.282 Y164.145
G1 X211.136 Y163.999
G1 X211.136 Y163.706
G1 X210.989 Y163.559
G1 X210.989 Y163.413
G1 X210.843 Y163.267
G1 X210.697 Y163.120
G1 X210.697 Y162.827
G1 X210.550 Y162.681
G1 X210.550 Y162.388
G1 X210.404 Y162.242
G1 X210.404 Y162.095
G1 X210.257 Y161.949
G1 X210.257 Y161.656
G1 X210.111 Y161.510
G1 X210.111 Y161.363
G1 X209.964 Y161.217
G1 X209.964 Y160.924
G1 X209.818 Y160.778
G1 X209.818 Y160.631
G1 X209.672 Y160.485
G1 X209.672 Y160.339
G1 X209.525 Y160.192
G1 X209.525 Y159.899
G1 X209.379 Y159.753
G1 X209.379 Y159.607
G1 X209.232 Y159.460
G1 X209.232 Y159.314
G1 X209.086 Y159.167
G1 X209.086 Y158.728
G1 X208.940 Y158.582
G1 X208.940 Y158.435
G1 X208.793 Y158.289
G1 X208.793 Y158.143
G1 X208.647 Y157.996
G1 X208.647 Y157.703
G1 X208.500 Y157.557
G1 X208.354 Y157.410
G1 X208.354 Y157.264
G1 X208.208 Y157.118
G1 X208.208 Y156.825
G1 X208.061 Y156.678
G1 X208.061 Y156.532
G1 X207.915 Y156.386
G1 X207.915 Y156.239
G1 X207.768 Y156.093
G1 X207.768 Y155.800
G1 X207.622 Y155.654
G1 X207.622 Y155.507
G1 X207.476 Y155.361
G1 X207.476 Y155.214
G1 X207.329 Y155.068
G1 X207.329 Y154.629
G1 X207.183 Y154.482
G1 X207.183 Y154.336
G1 X207.036 Y154.190
G1 X207.036 Y154.043
G1 X206.890 Y153.897
G1 X206.890 Y153.750
G1 X206.744 Y153.604
G1 X206.744 Y153.458
G1 X206.451 Y153.165
G1 X206.451 Y153.018
G1 X206.304 Y152.872
G1 X206.158 Y152.726
G1 X206.012 Y152.579
G1 X205.865 Y152.433
G1 X205.719 Y152.286
G1 X205.572 Y152.140
G1 X205.426 Y151.994
G1 X205.280 Y151.994
G1 X204.694 Y151.408
G1 X204.548 Y151.408
G1 X204.401 Y151.262
G1 X204.255 Y151.262
G1 X203.962 Y150.969
G1 X203.816 Y150.969
G1 X203.669 Y150.822
G1 X203.376 Y150.822
G1 X203.230 Y150.676
G1 X202.937 Y150.676
G1 X202.791 Y150.530
G1 X202.644 Y150.530
G1 X202.498 Y150.383
G1 X202.205 Y150.383
G1 X202.059 Y150.237
G1 X201.912 Y150.237
G1 X201.766 Y150.090
G1 X201.473 Y150.090
G1 X201.327 Y149.944
G1 X201.180 Y149.944
G1 X201.034 Y149.797
G1 X200.595 Y149.797
G1 X200.448 Y149.651
G1 X200.155 Y149.651
G1 X200.009 Y149.505
G1 X199.716 Y149.505
G1 X199.570 Y149.358
G1 X199.277 Y149.358
G1 X199.131 Y149.212
G1 X198.838 Y149.212
G1 X198.691 Y149.065
G1 X198.399 Y149.065
G1 X198.252 Y148.919
G1 X197.959 Y148.919
G1 X197.813 Y148.773
G1 X197.374 Y148.773
G1 X197.227 Y148.626
G1 X196.935 Y148.626
G1 X196.788 Y148.480
G1 X196.642 Y148.333
G1 X196.349 Y148.333
G1 X196.203 Y148.187
G1 X195.910 Y148.187
G1 X195.763 Y148.041
G1 X195.471 Y148.041
G1 X195.324 Y147.894
G1 X195.031 Y147.894
G1 X194.885 Y147.748
G1 X194.592 Y147.748
G1 X194.446 Y147.601
G1 X194.153 Y147.601
G1 X194.006 Y147.455
G1 X193.714 Y147.455
G1 X193.567 Y147.309
G1 X193.421 Y147.309
G1 X193.274 Y147.162
G1 X192.982 Y147.162
G1 X192.835 Y147.016
G1 X192.396 Y147.016
G1 X192.250 Y146.869
G1 X191.957 Y146.869
G1 X191.810 Y147.016
G1 X191.518 Y147.016
G1 X191.371 Y147.162
G1 X191.078 Y147.162
G1 X190.932 Y147.309
G1 X190.932 Y147.455
G1 X190.786 Y147.601
G1 X190.786 Y147.894
G1 X190.639 Y148.041
G1 X190.639 Y148.187
G1 X190.493 Y148.333
G1 X190.493 Y148.626
G1 X190.346 Y148.773
G1 X190.346 Y149.065
G1 X190.200 Y149.212
G1 X190.200 Y149.505
G1 X190.054 Y149.651
G1 X190.054 Y150.090
G1 X189.907 Y150.237
G1 X189.907 Y150.530
G1 X189.761 Y150.676
G1 X189.761 Y150.969
G1 X189.614 Y151.115
G1 X189.614 Y151.408
G1 X189.468 Y151.554
G1 X189.468 Y151.994
G1 X189.322 Y152.140
G1 X189.322 Y152.579
G1 X189.175 Y152.726
G1 X189.175 Y153.018
G1 X189.029 Y153.165
G1 X189.029 Y153.458
G1 X188.882 Y153.604
G1 X188.882 Y153.897
G1 X188.736 Y154.043
G1 X188.736 Y154.629
G1 X188.590 Y154.775
G1 X188.590 Y155.361
G1 X188.443 Y155.507
G1 X188.443 Y155.946
G1 X188.297 Y156.093
G1 X188.297 Y156.386
G1 X188.150 Y156.532
G1 X188.150 Y156.971
G1 X188.004 Y157.118
G1 X188.004 Y158.143
G1 X187.858 Y158.289
G1 X187.858 Y158.728
G1 X187.711 Y158.875
G1 X187.711 Y159.314
G1 X187.565 Y159.460
G1 X187.565 Y160.924
G1 X187.418 Y161.071
G1 X187.418 Y167.220
G1 X187.272 Y167.366
G1 X187.272 Y168.391
G1 X187.418 Y168.537
G1 X187.418 Y171.612
G1 X187.565 Y171.758
G1 X187.565 Y173.808
G1 X187.711 Y173.954
G1 X187.711 Y175.272
G1 X187.858 Y175.418
G1 X187.858 Y175.857
G1 X188.004 Y176.004
G1 X188.004 Y176.736
G1 X188.150 Y176.882
G1 X188.150 Y177.907
G1 X188.297 Y178.053
G1 X188.297 Y179.078
G1 X188.443 Y179.225
G1 X188.443 Y181.567
G1 X188.590 Y181.714
G1 X188.590 Y182.006
G1 X188.443 Y182.153
G1 X188.443 Y182.446
G1 X188.150 Y182.446
G1 X188.004 Y182.592
G1 X185.954 Y182.592
G1 X185.808 Y182.738
G1 X184.490 Y182.738
G1 X184.344 Y182.885
G1 X182.148 Y182.885
G1 X182.001 Y183.031
G1 X179.659 Y183.031
G1 X179.659 Y186.252
G1 X179.805 Y186.398
G1 X179.805 Y187.130
G1 X179.952 Y187.277
G1 X179.952 Y188.302
G1 X180.098 Y188.448
G1 X180.098 Y189.180
G1 X180.245 Y189.180
G1 X180.098 Y189.180
G1 X180.098 Y189.327
G1 X179.952 Y189.473
G1 X179.805 Y189.473
G1 X179.512 Y189.766
G1 X179.366 Y189.766
G1 X179.220 Y189.912
G1 X179.073 Y189.912
G1 X178.927 Y190.059
G1 X178.780 Y190.205
G1 X178.634 Y190.351
G1 X178.488 Y190.498
G1 X178.341 Y190.644
G1 X178.341 Y190.791
G1 X178.195 Y190.937
G1 X178.048 Y191.083
G1 X178.048 Y191.230
G1 X177.902 Y191.376
G1 X177.756 Y191.523
G1 X177.756 Y191.669
G1 X177.609 Y191.815
G1 X177.609 Y192.108
G1 X177.463 Y192.255
G1 X177.463 Y192.987
G1 X177.463 Y192.255
G1 X177.609 Y192.108
G1 X177.609 Y191.815
G1 X177.756 Y191.669
G1 X177.756 Y191.523
G1 X177.902 Y191.376
G1 X178.048 Y191.230
G1 X178.048 Y191.083
G1 X178.195 Y190.937
G1 X178.341 Y190.791
G1 X178.341 Y190.644
G1 X178.488 Y190.498
G1 X178.634 Y190.351
G1 X178.780 Y190.205
G1 X178.927 Y190.059
G1 X179.073 Y189.912
G1 X179.220 Y189.912
G1 X179.366 Y189.766
G1 X179.512 Y189.766
G1 X179.805 Y189.473
G1 X179.952 Y189.473
G1 X180.098 Y189.327
G1 X180.245 Y189.327
G1 X180.245 Y189.180
G1 X180.245 Y189.327
G1 X180.391 Y189.327
G1 X180.537 Y189.473
G1 X180.684 Y189.619
G1 X180.830 Y189.619
G1 X181.123 Y189.912
G1 X181.269 Y190.059
G1 X181.269 Y190.351
G1 X181.416 Y190.498
G1 X181.416 Y190.791
G1 X181.562 Y190.937
G1 X181.562 Y191.230
G1 X181.709 Y191.376
G1 X181.709 Y191.669
G1 X181.855 Y191.815
G1 X181.855 Y192.401
G1 X182.001 Y192.547
G1 X182.001 Y192.840
G1 X182.148 Y192.987
G1 X182.148 Y193.572
G1 X182.294 Y193.719
G1 X182.294 Y194.011
G1 X182.441 Y194.158
G1 X182.441 Y194.890
G1 X182.587 Y195.036
G1 X182.587 Y195.768
G1 X182.733 Y195.915
G1 X182.733 Y196.647
G1 X182.880 Y196.793
G1 X182.880 Y197.672
G1 X182.733 Y197.818
G1 X182.587 Y197.964
G1 X182.441 Y198.111
G1 X182.294 Y198.257
G1 X182.148 Y198.257
G1 X181.709 Y198.696
G1 X181.562 Y198.696
G1 X181.416 Y198.843
G1 X181.416 Y199.282
G1 X181.269 Y199.428
G1 X181.123 Y199.575
G1 X181.123 Y200.160
G1 X180.977 Y200.307
G1 X180.977 Y200.453
G1 X180.830 Y200.600
G1 X180.391 Y200.600
G1 X180.245 Y200.453
G1 X179.952 Y200.453
G1 X179.805 Y200.307
G1 X179.512 Y200.307
G1 X179.366 Y200.160
G1 X179.220 Y200.014
G1 X179.073 Y199.868
G1 X178.927 Y199.721
G1 X178.780 Y199.721
G1 X178.634 Y199.575
G1 X178.341 Y199.575
G1 X178.195 Y199.428
G1 X177.609 Y199.428
G1 X177.463 Y199.575
G1 X177.316 Y199.575
G1 X177.170 Y199.721
G1 X177.024 Y199.868
G1 X177.024 Y200.014
G1 X176.877 Y200.160
G1 X176.731 Y200.307
G1 X176.584 Y200.453
G1 X176.438 Y200.600
G1 X176.292 Y200.746
G1 X176.292 Y200.892
G1 X176.145 Y201.039
G1 X176.145 Y202.649
G1 X177.170 Y203.674
G1 X178.634 Y203.674
G1 X178.780 Y203.528
G1 X179.220 Y203.528
G1 X179.366 Y203.381
G1 X179.512 Y203.381
G1 X179.659 Y203.235
G1 X179.805 Y203.088
G1 X179.952 Y203.088
G1 X180.098 Y202.942
G1 X180.245 Y202.796
G1 X180.391 Y202.649
G1 X180.537 Y202.649
G1 X180.684 Y202.503
G1 X180.537 Y202.649
G1 X180.391 Y202.649
G1 X180.245 Y202.796
G1 X180.098 Y202.942
G1 X179.952 Y203.088
G1 X179.805 Y203.088
G1 X179.659 Y203.235
G1 X179.512 Y203.381
G1 X179.366 Y203.381
G1 X179.220 Y203.528
G1 X178.780 Y203.528
G1 X178.634 Y203.674
G1 X177.170 Y203.674
G1 X176.145 Y202.649
G1 X176.145 Y201.039
G1 X176.292 Y200.892
G1 X176.292 Y200.746
G1 X176.438 Y200.600
G1 X176.584 Y200.453
G1 X176.731 Y200.307
G1 X176.877 Y200.160
G1 X177.024 Y200.014
G1 X177.024 Y199.868
G1 X177.170 Y199.721
G1 X177.316 Y199.575
G1 X177.463 Y199.575
G1 X177.609 Y199.428
G1 X178.195 Y199.428
G1 X178.341 Y199.575
G1 X178.634 Y199.575
G1 X178.780 Y199.721
G1 X178.927 Y199.721
G1 X179.073 Y199.868
G1 X179.220 Y200.014
G1 X179.366 Y200.160
G1 X179.512 Y200.307
G1 X179.805 Y200.307
G1 X179.952 Y200.453
G1 X180.245 Y200.453
G1 X180.391 Y200.600
G1 X180.684 Y200.600
G1 X180.684 Y202.356
G1 X180.830 Y202.356
G1 X180.684 Y202.356
G1 X180.684 Y202.503
G1 X180.830 Y202.503
G1 X180.830 Y202.356
G1 X180.830 Y202.503
G1 X180.977 Y202.503
G1 X181.123 Y202.649
G1 X181.269 Y202.649
G1 X181.416 Y202.796
G1 X181.855 Y202.796
G1 X182.001 Y202.942
G1 X182.148 Y202.942
G1 X182.294 Y203.088
G1 X182.441 Y203.088
G1 X182.441 Y203.674
G1 X182.587 Y203.821
G1 X182.587 Y205.431
G1 X182.880 Y205.724
G1 X182.880 Y206.163
G1 X183.026 Y206.309
G1 X183.026 Y206.602
G1 X183.173 Y206.749
G1 X183.173 Y207.334
G1 X183.319 Y207.481
G1 X183.319 Y207.773
G1 X183.465 Y207.920
G1 X183.465 Y208.213
G1 X183.612 Y208.359
G1 X183.612 Y208.652
G1 X183.758 Y208.798
G1 X183.758 Y209.091
G1 X183.905 Y209.237
G1 X183.905 Y209.384
G1 X184.051 Y209.530
G1 X184.051 Y209.677
G1 X184.197 Y209.823
G1 X184.197 Y210.116
G1 X184.344 Y210.262
G1 X184.344 Y210.409
G1 X184.490 Y210.555
G1 X184.490 Y210.848
G1 X184.637 Y210.994
G1 X184.637 Y211.141
G1 X184.783 Y211.287
G1 X184.783 Y211.580
G1 X184.929 Y211.726
G1 X184.929 Y212.019
G1 X185.076 Y212.166
G1 X185.076 Y212.312
G1 X185.222 Y212.458
G1 X185.222 Y212.605
G1 X185.369 Y212.751
G1 X185.369 Y212.898
G1 X185.515 Y213.044
G1 X185.515 Y213.337
G1 X185.661 Y213.483
G1 X185.661 Y213.630
G1 X185.808 Y213.776
G1 X185.808 Y213.922
G1 X185.954 Y214.069
G1 X185.954 Y214.215
G1 X186.101 Y214.362
G1 X186.101 Y214.654
G1 X186.247 Y214.801
G1 X186.247 Y214.947
G1 X186.393 Y215.094
G1 X186.393 Y215.240
G1 X186.540 Y215.386
G1 X186.540 Y215.679
G1 X186.686 Y215.826
G1 X186.686 Y215.972
G1 X186.833 Y216.118
G1 X186.833 Y216.265
G1 X186.979 Y216.411
G1 X186.979 Y216.704
G1 X186.833 Y216.850
G1 X186.833 Y216.997
G1 X186.686 Y217.143
G1 X186.540 Y217.290
G1 X186.247 Y217.290
G1 X186.101 Y217.436
G1 X184.783 Y217.436
G1 X184.637 Y217.582
G1 X182.587 Y217.582
G1 X182.441 Y217.729
G1 X181.269 Y217.729
G1 X181.269 Y217.436
G1 X181.416 Y217.290
G1 X181.416 Y216.997
G1 X181.269 Y216.850
G1 X181.269 Y216.704
G1 X181.416 Y216.558
G1 X181.416 Y216.265
G1 X181.269 Y216.118
G1 X181.269 Y214.654
G1 X181.123 Y214.508
G1 X181.123 Y213.922
G1 X180.977 Y213.776
G1 X180.977 Y213.483
G1 X180.830 Y213.337
G1 X180.830 Y212.898
G1 X180.684 Y212.751
G1 X180.684 Y212.458
G1 X180.537 Y212.312
G1 X180.391 Y212.166
G1 X180.391 Y211.873
G1 X180.245 Y211.726
G1 X180.245 Y211.580
G1 X180.098 Y211.434
G1 X179.952 Y211.287
G1 X179.952 Y211.141
G1 X178.780 Y209.969
G1 X178.341 Y209.969
G1 X178.195 Y209.823
G1 X177.902 Y209.823
G1 X177.756 Y209.969
G1 X177.024 Y209.969
G1 X176.877 Y210.116
G1 X176.731 Y210.116
G1 X176.584 Y210.262
G1 X176.438 Y210.262
G1 X176.292 Y210.409
G1 X176.145 Y210.555
G1 X175.706 Y210.994
G1 X175.560 Y211.141
G1 X175.413 Y211.287
G1 X175.413 Y211.434
G1 X175.267 Y211.580
G1 X175.267 Y211.726
G1 X175.120 Y211.873
G1 X175.120 Y212.019
G1 X174.974 Y212.166
G1 X174.974 Y212.458
G1 X174.828 Y212.605
G1 X174.681 Y212.751
G1 X174.681 Y213.483
G1 X174.535 Y213.630
G1 X174.535 Y214.215
G1 X174.388 Y214.362
G1 X174.388 Y214.654
G1 X174.242 Y214.801
G1 X174.388 Y214.654
G1 X174.388 Y214.362
G1 X174.535 Y214.215
G1 X174.535 Y213.630
G1 X174.681 Y213.483
G1 X174.681 Y212.751
G1 X174.828 Y212.605
G1 X174.974 Y212.458
G1 X174.974 Y212.166
G1 X175.120 Y212.019
G1 X175.120 Y211.873
G1 X175.267 Y211.726
G1 X175.267 Y211.580
G1 X175.413 Y211.434
G1 X175.413 Y211.287
G1 X175.560 Y211.141
G1 X175.706 Y210.994
G1 X176.145 Y210.555
G1 X176.292 Y210.409
G1 X176.438 Y210.262
G1 X176.584 Y210.262
G1 X176.731 Y210.116
G1 X176.877 Y210.116
G1 X177.024 Y209.969
G1 X177.756 Y209.969
G1 X177.902 Y209.823
G1 X178.195 Y209.823
G1 X178.341 Y209.969
G1 X178.780 Y209.969
G1 X179.952 Y211.141
G1 X179.952 Y211.287
G1 X180.098 Y211.434
G1 X180.245 Y211.580
G1 X180.245 Y211.726
G1 X180.391 Y211.873
G1 X180.391 Y212.166
G1 X180.537 Y212.312
G1 X180.684 Y212.458
G1 X180.684 Y212.751
G1 X180.830 Y212.898
G1 X180.830 Y213.337
G1 X180.977 Y213.483
G1 X180.977 Y213.776
G1 X181.123 Y213.922
G1 X181.123 Y214.508
G1 X181.269 Y214.654
G1 X181.269 Y216.118
G1 X181.416 Y216.265
G1 X181.416 Y216.558
G1 X181.269 Y216.704
G1 X181.269 Y216.850
G1 X181.416 Y216.997
G1 X181.416 Y217.290
G1 X181.269 Y217.436
G1 X181.269 Y217.729
G1 X181.123 Y217.729
G1 X180.977 Y217.875
G1 X180.537 Y217.875
G1 X180.391 Y217.729
G1 X178.927 Y217.729
G1 X178.780 Y217.582
G1 X177.902 Y217.582
G1 X177.756 Y217.436
G1 X177.463 Y217.436
G1 X177.316 Y217.290
G1 X177.170 Y217.290
G1 X177.024 Y217.143
G1 X176.731 Y217.143
G1 X176.584 Y216.997
G1 X176.438 Y216.997
G1 X176.292 Y216.850
G1 X176.145 Y216.850
G1 X175.999 Y216.704
G1 X175.852 Y216.558
G1 X175.706 Y216.558
G1 X175.560 Y216.411
G1 X175.413 Y216.265
G1 X175.267 Y216.118
G1 X175.120 Y216.118
G1 X174.388 Y215.386
G1 X174.388 Y215.240
G1 X174.242 Y215.094
G1 X174.242 Y214.801
G1 X173.656 Y214.801
G1 X173.510 Y214.654
G1 X173.071 Y214.654
G1 X172.924 Y214.508
G1 X172.339 Y214.508
G1 X172.192 Y214.362
G1 X171.753 Y214.362
G1 X171.607 Y214.215
G1 X171.460 Y214.069
G1 X171.314 Y213.922
G1 X171.167 Y213.922
G1 X170.435 Y213.190
G1 X170.435 Y212.898
G1 X170.289 Y212.751
G1 X170.289 Y212.312
G1 X169.850 Y212.312
G1 X169.703 Y212.166
G1 X169.411 Y212.166
G1 X169.264 Y212.019
G1 X168.825 Y212.019
G1 X168.679 Y211.873
G1 X168.532 Y211.873
G1 X168.386 Y211.726
G1 X168.239 Y211.580
G1 X168.093 Y211.434
G1 X167.947 Y211.287
G1 X167.800 Y211.141
G1 X167.654 Y210.994
G1 X167.507 Y210.848
G1 X167.361 Y210.701
G1 X167.215 Y210.555
G1 X167.068 Y210.409
G1 X166.922 Y210.262
G1 X166.775 Y210.116
G1 X166.629 Y209.969
G1 X166.483 Y209.823
G1 X166.336 Y209.677
G1 X166.190 Y209.530
G1 X166.043 Y209.384
G1 X165.897 Y209.237
G1 X165.751 Y209.237
G1 X165.604 Y209.091
G1 X165.165 Y208.652
G1 X165.019 Y208.505
G1 X164.872 Y208.359
G1 X163.262 Y206.749
G1 X163.262 Y206.602
G1 X163.115 Y206.456
G1 X163.115 Y206.163
G1 X162.969 Y206.017
G1 X162.969 Y205.724
G1 X162.822 Y205.577
G1 X162.822 Y204.845
G1 X162.676 Y204.845
G1 X162.676 Y205.138
G1 X162.676 Y204.845
G1 X162.237 Y204.845
G1 X162.090 Y204.699
G1 X161.798 Y204.699
G1 X161.651 Y204.553
G1 X161.505 Y204.406
G1 X161.358 Y204.406
G1 X161.212 Y204.260
G1 X161.066 Y204.113
G1 X160.919 Y203.967
G1 X160.626 Y203.674
G1 X160.626 Y203.528
G1 X160.480 Y203.381
G1 X160.480 Y203.088
G1 X160.334 Y202.942
G1 X160.334 Y202.649
G1 X160.187 Y202.503
G1 X160.187 Y202.064
G1 X159.894 Y202.064
G1 X159.748 Y201.917
G1 X159.602 Y201.917
G1 X159.455 Y201.771
G1 X159.162 Y201.771
G1 X159.016 Y201.624
G1 X158.870 Y201.624
G1 X158.723 Y201.478
G1 X158.577 Y201.332
G1 X158.430 Y201.332
G1 X158.284 Y201.185
G1 X157.845 Y200.746
G1 X157.698 Y200.600
G1 X157.552 Y200.453
G1 X157.113 Y200.014
G1 X156.966 Y199.868
G1 X156.966 Y199.575
G1 X156.820 Y199.428
G1 X156.673 Y199.282
G1 X156.527 Y199.136
G1 X156.381 Y198.989
G1 X156.234 Y198.843
G1 X156.088 Y198.696
G1 X155.941 Y198.550
G1 X155.795 Y198.404
G1 X155.795 Y198.257
G1 X155.356 Y197.818
G1 X155.356 Y197.672
G1 X155.209 Y197.525
G1 X155.209 Y197.232
G1 X155.063 Y197.086
G1 X155.063 Y196.793
G1 X154.917 Y196.647
G1 X154.917 Y196.354
G1 X154.770 Y196.208
G1 X154.770 Y195.622
G1 X154.477 Y195.622
G1 X154.331 Y195.475
G1 X154.038 Y195.475
G1 X153.892 Y195.329
G1 X153.599 Y195.329
G1 X153.453 Y195.183
G1 X153.306 Y195.183
G1 X153.160 Y195.036
G1 X153.013 Y194.890
G1 X152.867 Y194.743
G1 X152.721 Y194.597
G1 X152.574 Y194.451
G1 X152.428 Y194.304
G1 X152.281 Y194.158
G1 X152.135 Y194.011
G1 X152.135 Y193.719
G1 X151.989 Y193.572
G1 X151.989 Y193.133
G1 X151.842 Y192.987
G1 X151.842 Y192.694
G1 X151.696 Y192.547
G1 X151.696 Y192.255
G1 X151.549 Y192.255
G1 X151.403 Y192.108
G1 X151.257 Y192.108
G1 X151.110 Y191.962
G1 X150.817 Y191.962
G1 X150.671 Y191.815
G1 X150.378 Y191.815
G1 X150.232 Y191.669
G1 X150.085 Y191.523
G1 X149.939 Y191.376
G1 X149.500 Y190.937
G1 X149.353 Y190.791
G1 X149.207 Y190.644
G1 X149.060 Y190.498
G1 X148.914 Y190.351
G1 X148.768 Y190.205
G1 X148.621 Y190.059
G1 X148.621 Y189.912
G1 X148.328 Y189.619
G1 X148.328 Y189.473
G1 X148.182 Y189.327
G1 X148.036 Y189.180
G1 X147.889 Y189.034
G1 X147.743 Y188.887
G1 X147.596 Y188.741
G1 X147.450 Y188.595
G1 X147.304 Y188.448
G1 X147.304 Y188.302
G1 X146.572 Y187.570
G1 X146.572 Y187.423
G1 X146.425 Y187.277
G1 X146.279 Y187.130
G1 X146.132 Y186.984
G1 X145.986 Y186.838
G1 X145.986 Y186.691
G1 X145.547 Y186.252
G1 X145.400 Y186.106
G1 X145.254 Y185.959
G1 X145.254 Y185.813
G1 X145.108 Y185.666
G1 X144.961 Y185.520
G1 X144.815 Y185.374
G1 X144.815 Y184.934
G1 X144.668 Y184.788
G1 X144.668 Y184.642
G1 X144.522 Y184.495
G1 X144.522 Y184.056
G1 X144.376 Y183.910
G1 X144.376 Y183.470
G1 X144.229 Y183.470
G1 X144.083 Y183.324
G1 X143.936 Y183.324
G1 X143.790 Y183.178
G1 X143.644 Y183.178
G1 X142.912 Y182.446
G1 X142.912 Y182.299
G1 X142.765 Y182.153
G1 X142.765 Y181.860
G1 X142.619 Y181.714
G1 X142.619 Y181.421
G1 X142.472 Y181.274
G1 X142.472 Y180.835
G1 X142.326 Y180.689
G1 X142.326 Y180.103
G1 X142.033 Y180.103
G1 X141.887 Y179.957
G1 X141.740 Y179.957
G1 X141.594 Y179.810
G1 X141.447 Y179.810
G1 X141.301 Y179.664
G1 X141.155 Y179.664
G1 X140.862 Y179.371
G1 X140.715 Y179.225
G1 X140.569 Y179.078
G1 X140.569 Y178.932
G1 X140.423 Y178.785
G1 X140.276 Y178.639
G1 X140.276 Y178.493
G1 X140.130 Y178.346
G1 X140.130 Y178.200
G1 X139.983 Y178.053
G1 X139.983 Y177.907
G1 X139.837 Y177.761
G1 X139.691 Y177.614
G1 X139.544 Y177.468
G1 X139.544 Y177.321
G1 X139.398 Y177.175
G1 X139.398 Y177.029
G1 X139.251 Y176.882
G1 X139.251 Y176.736
G1 X139.105 Y176.589
G1 X139.105 Y176.443
G1 X138.959 Y176.297
G1 X138.959 Y176.150
G1 X138.812 Y176.004
G1 X138.812 Y175.857
G1 X138.666 Y175.711
G1 X138.666 Y175.565
G1 X138.519 Y175.418
G1 X138.519 Y175.272
G1 X138.373 Y175.125
G1 X138.373 Y174.979
G1 X138.227 Y174.833
G1 X138.227 Y174.686
G1 X138.080 Y174.540
G1 X138.080 Y174.393
G1 X137.934 Y174.247
G1 X137.787 Y174.101
G1 X137.787 Y173.954
G1 X137.641 Y173.808
G1 X137.641 Y173.661
G1 X137.495 Y173.515
G1 X137.348 Y173.369
G1 X137.348 Y173.222
G1 X137.202 Y173.076
G1 X137.202 Y172.929
G1 X137.055 Y172.783
G1 X137.055 Y172.636
G1 X136.909 Y172.490
G1 X136.909 Y172.344
G1 X136.763 Y172.197
G1 X136.763 Y171.904
G1 X136.616 Y171.758
G1 X136.616 Y171.612
G1 X136.470 Y171.465
G1 X136.470 Y171.319
G1 X136.177 Y171.026
G1 X136.177 Y170.294
G1 X136.031 Y170.148
G1 X136.031 Y169.562
G1 X135.884 Y169.416
G1 X135.884 Y168.684
G1 X135.738 Y168.537
G1 X135.738 Y168.098
G1 X135.445 Y168.098
G1 X135.299 Y167.952
G1 X135.152 Y167.952
G1 X135.006 Y167.805
G1 X134.859 Y167.659
G1 X134.713 Y167.512
G1 X134.713 Y167.366
G1 X134.566 Y167.220
G1 X134.566 Y166.927
G1 X134.420 Y166.780
G1 X134.420 Y166.341
G1 X134.274 Y166.195
G1 X134.274 Y165.902
G1 X134.127 Y165.756
G1 X134.127 Y165.463
G1 X133.981 Y165.316
G1 X133.981 Y165.023
G1 X133.834 Y164.877
G1 X133.834 Y164.438
G1 X133.688 Y164.291
G1 X133.688 Y163.999
G1 X133.542 Y163.852
G1 X133.542 Y163.559
G1 X133.395 Y163.413
G1 X133.395 Y163.267
G1 X133.249 Y163.120
G1 X133.249 Y162.827
G1 X133.102 Y162.681
G1 X133.102 Y162.388
G1 X132.956 Y162.242
G1 X132.956 Y161.803
G1 X132.810 Y161.656
G1 X132.663 Y161.510
G1 X132.663 Y161.217
G1 X132.517 Y161.071
G1 X132.517 Y160.631
G1 X132.370 Y160.485
G1 X132.370 Y159.460
G1 X132.224 Y159.314
G1 X132.224 Y158.143
G1 X132.078 Y157.996
G1 X132.078 Y157.410
G1 X131.931 Y157.410
G1 X131.785 Y157.264
G1 X131.638 Y157.118
G1 X131.492 Y156.971
G1 X131.492 Y156.678
G1 X131.346 Y156.532
G1 X131.346 Y156.093
G1 X131.199 Y155.946
G1 X131.199 Y155.507
G1 X130.906 Y155.214
G1 X130.906 Y154.629
G1 X130.760 Y154.482
G1 X130.760 Y154.043
G1 X130.614 Y153.897
G1 X130.614 Y153.165
G1 X130.467 Y153.018
G1 X130.467 Y152.579
G1 X130.321 Y152.433
G1 X130.321 Y150.822
G1 X130.174 Y150.676
G1 X130.174 Y148.919
G1 X130.321 Y148.919
G1 X130.174 Y148.919
G1 X130.174 Y149.065
G1 X130.321 Y149.065
G1 X130.174 Y149.065
G1 X130.174 Y150.676
G1 X130.321 Y150.822
G1 X130.321 Y152.433
G1 X130.467 Y152.579
G1 X130.467 Y153.018
G1 X130.614 Y153.165
G1 X130.614 Y153.897
G1 X130.760 Y154.043
G1 X130.760 Y154.482
G1 X130.906 Y154.629
G1 X130.906 Y155.214
G1 X131.199 Y155.507
G1 X131.199 Y155.946
G1 X131.346 Y156.093
G1 X131.346 Y156.532
G1 X131.492 Y156.678
G1 X131.492 Y156.971
G1 X131.638 Y157.118
G1 X131.785 Y157.264
G1 X131.931 Y157.410
G1 X132.224 Y157.410
G1 X132.078 Y157.410
G1 X132.078 Y157.557
G1 X132.224 Y157.557
G1 X132.078 Y157.557
G1 X132.078 Y157.996
G1 X132.224 Y158.143
G1 X132.224 Y159.314
G1 X132.370 Y159.460
G1 X132.370 Y160.485
G1 X132.517 Y160.631
G1 X132.517 Y161.071
G1 X132.663 Y161.217
G1 X132.663 Y161.510
G1 X132.810 Y161.656
G1 X132.956 Y161.803
G1 X132.956 Y162.242
G1 X133.102 Y162.388
G1 X133.102 Y162.681
G1 X133.249 Y162.827
G1 X133.249 Y163.120
G1 X133.395 Y163.267
G1 X133.395 Y163.413
G1 X133.542 Y163.559
G1 X133.542 Y163.852
G1 X133.688 Y163.999
G1 X133.688 Y164.291
G1 X133.834 Y164.438
G1 X133.834 Y164.877
G1 X133.981 Y165.023
G1 X133.981 Y165.316
G1 X134.127 Y165.463
G1 X134.127 Y165.756
G1 X134.274 Y165.902
G1 X134.274 Y166.195
G1 X134.420 Y166.341
G1 X134.420 Y166.780
G1 X134.566 Y166.927
G1 X134.566 Y167.220
G1 X134.713 Y167.366
G1 X134.713 Y167.512
G1 X134.859 Y167.659
G1 X135.006 Y167.805
G1 X135.152 Y167.952
G1 X135.299 Y167.952
G1 X135.445 Y168.098
G1 X135.884 Y168.098
G1 X135.738 Y168.098
G1 X135.738 Y168.244
G1 X135.884 Y168.244
G1 X136.031 Y168.098
G1 X136.177 Y167.952
G1 X136.323 Y167.952
G1 X136.470 Y167.805
G1 X136.616 Y167.805
G1 X136.763 Y167.659
G1 X136.909 Y167.659
G1 X137.055 Y167.512
G1 X137.202 Y167.512
G1 X137.348 Y167.366
G1 X137.495 Y167.220
G1 X137.787 Y167.220
G1 X137.934 Y167.073
G1 X138.080 Y167.073
G1 X138.227 Y166.927
G1 X138.373 Y166.927
G1 X138.519 Y166.780
G1 X139.105 Y166.780
G1 X139.251 Y166.634
G1 X139.544 Y166.634
G1 X139.691 Y166.488
G1 X140.130 Y166.488
G1 X140.276 Y166.341
G1 X140.569 Y166.341
G1 X140.276 Y166.341
G1 X140.130 Y166.488
G1 X139.691 Y166.488
G1 X139.544 Y166.634
G1 X139.251 Y166.634
G1 X139.105 Y166.780
G1 X138.519 Y166.780
G1 X138.373 Y166.927
G1 X138.227 Y166.927
G1 X138.080 Y167.073
G1 X137.934 Y167.073
G1 X137.787 Y167.220
G1 X137.495 Y167.220
G1 X137.348 Y167.366
G1 X137.202 Y167.512
G1 X137.055 Y167.512
G1 X136.909 Y167.659
G1 X136.763 Y167.659
G1 X136.616 Y167.805
G1 X136.470 Y167.805
G1 X136.323 Y167.952
G1 X136.177 Y167.952
G1 X136.031 Y168.098
G1 X135.884 Y168.244
G1 X135.738 Y168.244
G1 X135.738 Y168.537
G1 X135.884 Y168.684
G1 X135.884 Y169.416
G1 X136.031 Y169.562
G1 X136.031 Y170.148
G1 X136.177 Y170.294
G1 X136.177 Y171.026
G1 X136.470 Y171.319
G1 X136.470 Y171.465
G1 X136.616 Y171.612
G1 X136.616 Y171.758
G1 X136.763 Y171.904
G1 X136.763 Y172.197
G1 X136.909 Y172.344
G1 X136.909 Y172.490
G1 X137.055 Y172.636
G1 X137.055 Y172.783
G1 X137.202 Y172.929
G1 X137.202 Y173.076
G1 X137.348 Y173.222
G1 X137.348 Y173.369
G1 X137.495 Y173.515
G1 X137.641 Y173.661
G1 X137.641 Y173.808
G1 X137.787 Y173.954
G1 X137.787 Y174.101
G1 X137.934 Y174.247
G1 X138.080 Y174.393
G1 X138.080 Y174.540
G1 X138.227 Y174.686
G1 X138.227 Y174.833
G1 X138.373 Y174.979
G1 X138.373 Y175.125
G1 X138.519 Y175.272
G1 X138.519 Y175.418
G1 X138.666 Y175.565
G1 X138.666 Y175.711
G1 X138.812 Y175.857
G1 X138.812 Y176.004
G1 X138.959 Y176.150
G1 X138.959 Y176.297
G1 X139.105 Y176.443
G1 X139.105 Y176.589
G1 X139.251 Y176.736
G1 X139.251 Y176.882
G1 X139.398 Y177.029
G1 X139.398 Y177.175
G1 X139.544 Y177.321
G1 X139.544 Y177.468
G1 X139.691 Y177.614
G1 X139.837 Y177.761
G1 X139.983 Y177.907
G1 X139.983 Y178.053
G1 X140.130 Y178.200
G1 X140.130 Y178.346
G1 X140.276 Y178.493
G1 X140.276 Y178.639
G1 X140.423 Y178.785
G1 X140.569 Y178.932
G1 X140.569 Y179.078
G1 X140.715 Y179.225
G1 X140.862 Y179.371
G1 X141.155 Y179.664
G1 X141.301 Y179.664
G1 X141.447 Y179.810
G1 X141.594 Y179.810
G1 X141.740 Y179.957
G1 X141.887 Y179.957
G1 X142.033 Y180.103
G1 X142.472 Y180.103
G1 X142.619 Y179.957
G1 X142.765 Y179.810
G1 X142.912 Y179.664
G1 X143.058 Y179.517
G1 X143.204 Y179.371
G1 X143.351 Y179.225
G1 X143.497 Y179.078
G1 X143.644 Y178.932
G1 X143.644 Y178.785
G1 X143.936 Y178.493
G1 X143.936 Y178.346
G1 X144.083 Y178.200
G1 X144.229 Y178.053
G1 X144.229 Y177.907
G1 X144.376 Y177.761
G1 X144.522 Y177.614
G1 X144.668 Y177.468
G1 X144.668 Y177.321
G1 X144.815 Y177.175
G1 X144.815 Y177.029
G1 X144.961 Y176.882
G1 X144.961 Y176.736
G1 X145.108 Y176.589
G1 X145.108 Y176.443
G1 X145.254 Y176.297
G1 X145.254 Y176.004
G1 X145.400 Y175.857
G1 X145.547 Y175.711
G1 X145.547 Y172.636
G1 X145.400 Y172.490
G1 X145.400 Y172.051
G1 X145.254 Y171.904
G1 X145.254 Y171.319
G1 X145.108 Y171.172
G1 X145.108 Y170.880
G1 X144.961 Y170.733
G1 X144.961 Y170.440
G1 X144.815 Y170.294
G1 X144.815 Y170.148
G1 X144.668 Y170.001
G1 X144.668 Y169.855
G1 X144.522 Y169.708
G1 X144.522 Y169.562
G1 X144.229 Y169.269
G1 X144.229 Y169.123
G1 X144.083 Y168.976
G1 X144.083 Y168.830
G1 X143.936 Y168.684
G1 X143.790 Y168.537
G1 X143.351 Y168.098
G1 X143.204 Y167.952
G1 X143.058 Y167.805
G1 X142.912 Y167.659
G1 X142.765 Y167.659
G1 X142.619 Y167.512
G1 X142.472 Y167.366
G1 X142.326 Y167.220
G1 X142.180 Y167.220
G1 X142.033 Y167.073
G1 X141.887 Y167.073
G1 X141.740 Y166.927
G1 X141.594 Y166.927
G1 X141.447 Y166.780
G1 X141.301 Y166.780
G1 X141.155 Y166.634
G1 X140.862 Y166.634
G1 X140.715 Y166.488
G1 X140.569 Y166.341
G1 X140.715 Y166.488
G1 X140.862 Y166.634
G1 X141.155 Y166.634
G1 X141.301 Y166.780
G1 X141.447 Y166.780
G1 X141.594 Y166.927
G1 X141.740 Y166.927
G1 X141.887 Y167.073
G1 X142.033 Y167.073
G1 X142.180 Y167.220
G1 X142.326 Y167.220
G1 X142.472 Y167.366
G1 X142.619 Y167.512
G1 X142.765 Y167.659
G1 X142.912 Y167.659
G1 X143.058 Y167.805
G1 X143.204 Y167.952
G1 X143.351 Y168.098
G1 X143.790 Y168.537
G1 X143.936 Y168.684
G1 X144.083 Y168.830
G1 X144.083 Y168.976
G1 X144.229 Y169.123
G1 X144.229 Y169.269
G1 X144.522 Y169.562
G1 X144.522 Y169.708
G1 X144.668 Y169.855
G1 X144.668 Y170.001
G1 X144.815 Y170.148
G1 X144.815 Y170.294
G1 X144.961 Y170.440
G1 X144.961 Y170.733
G1 X145.108 Y170.880
G1 X145.108 Y171.172
G1 X145.254 Y171.319
G1 X145.254 Y171.904
G1 X145.400 Y172.051
G1 X145.400 Y172.490
G1 X145.547 Y172.636
G1 X145.547 Y175.565
G1 X146.425 Y175.565
G1 X146.572 Y175.711
G1 X147.743 Y175.711
G1 X147.889 Y175.857
G1 X148.475 Y175.857
G1 X148.621 Y176.004
G1 X148.768 Y176.004
G1 X148.914 Y176.150
G1 X149.060 Y176.150
G1 X149.353 Y176.443
G1 X149.500 Y176.589
G1 X149.646 Y176.736
G1 X149.793 Y176.882
G1 X149.939 Y177.029
G1 X150.085 Y177.175
G1 X150.085 Y177.468
G1 X150.232 Y177.614
G1 X150.232 Y177.761
G1 X150.378 Y177.907
G1 X150.378 Y179.517
G1 X150.525 Y179.664
G1 X150.525 Y182.006
G1 X150.525 Y179.664
G1 X150.378 Y179.517
G1 X150.378 Y177.907
G1 X150.232 Y177.761
G1 X150.232 Y177.614
G1 X150.085 Y177.468
G1 X150.085 Y177.175
G1 X149.939 Y177.029
G1 X149.793 Y176.882
G1 X149.646 Y176.736
G1 X149.500 Y176.589
G1 X149.353 Y176.443
G1 X149.060 Y176.150
G1 X148.914 Y176.150
G1 X148.768 Y176.004
G1 X148.621 Y176.004
G1 X148.475 Y175.857
G1 X147.889 Y175.857
G1 X147.743 Y175.711
G1 X146.572 Y175.711
G1 X146.425 Y175.565
G1 X145.547 Y175.565
G1 X145.547 Y175.711
G1 X145.400 Y175.857
G1 X145.254 Y176.004
G1 X145.254 Y176.297
G1 X145.108 Y176.443
G1 X145.108 Y176.589
G1 X144.961 Y176.736
G1 X144.961 Y176.882
G1 X144.815 Y177.029
G1 X144.815 Y177.175
G1 X144.668 Y177.321
G1 X144.668 Y177.468
G1 X144.522 Y177.614
G1 X144.376 Y177.761
G1 X144.229 Y177.907
G1 X144.229 Y178.053
G1 X144.083 Y178.200
G1 X143.936 Y178.346
G1 X143.936 Y178.493
G1 X143.644 Y178.785
G1 X143.644 Y178.932
G1 X143.497 Y179.078
G1 X143.351 Y179.225
G1 X143.204 Y179.371
G1 X143.058 Y179.517
G1 X142.912 Y179.664
G1 X142.765 Y179.810
G1 X142.619 Y179.957
G1 X142.472 Y180.103
G1 X142.326 Y180.103
G1 X142.326 Y180.689
G1 X142.472 Y180.835
G1 X142.472 Y181.274
G1 X142.619 Y181.421
G1 X142.619 Y181.714
G1 X142.765 Y181.860
G1 X142.765 Y182.153
G1 X142.912 Y182.299
G1 X142.912 Y182.446
G1 X143.644 Y183.178
G1 X143.790 Y183.178
G1 X143.936 Y183.324
G1 X144.083 Y183.324
G1 X144.229 Y183.470
G1 X144.522 Y183.470
G1 X144.668 Y183.324
G1 X144.815 Y183.178
G1 X144.961 Y183.178
G1 X145.108 Y183.031
G1 X146.279 Y183.031
G1 X146.425 Y182.885
G1 X146.572 Y182.885
G1 X146.718 Y182.738
G1 X147.157 Y182.738
G1 X147.304 Y182.592
G1 X148.036 Y182.592
G1 X148.182 Y182.446
G1 X148.475 Y182.446
G1 X148.621 Y182.299
G1 X148.914 Y182.299
G1 X149.060 Y182.153
G1 X149.939 Y182.153
G1 X150.085 Y182.006
G1 X150.525 Y182.006
G1 X150.085 Y182.006
G1 X149.939 Y182.153
G1 X149.060 Y182.153
G1 X148.914 Y182.299
G1 X148.621 Y182.299
G1 X148.475 Y182.446
G1 X148.182 Y182.446
G1 X148.036 Y182.592
G1 X147.304 Y182.592
G1 X147.157 Y182.738
G1 X146.718 Y182.738
G1 X146.572 Y182.885
G1 X146.425 Y182.885
G1 X146.279 Y183.031
G1 X145.108 Y183.031
G1 X144.961 Y183.178
G1 X144.815 Y183.178
G1 X144.668 Y183.324
G1 X144.522 Y183.470
G1 X144.376 Y183.470
G1 X144.376 Y183.910
G1 X144.522 Y184.056
G1 X144.522 Y184.495
G1 X144.668 Y184.642
G1 X144.668 Y184.788
G1 X144.815 Y184.934
G1 X144.815 Y185.374
G1 X144.961 Y185.520
G1 X145.108 Y185.666
G1 X145.254 Y185.813
G1 X145.254 Y185.959
G1 X145.400 Y186.106
G1 X145.547 Y186.252
G1 X145.986 Y186.691
G1 X145.986 Y186.838
G1 X146.132 Y186.984
G1 X146.279 Y187.130
G1 X146.425 Y187.277
G1 X146.572 Y187.423
G1 X146.572 Y187.570
G1 X147.304 Y188.302
G1 X147.304 Y188.448
G1 X147.450 Y188.595
G1 X147.596 Y188.741
G1 X147.743 Y188.887
G1 X147.889 Y189.034
G1 X148.036 Y189.180
G1 X148.182 Y189.327
G1 X148.328 Y189.473
G1 X148.328 Y189.619
G1 X148.621 Y189.912
G1 X148.621 Y190.059
G1 X148.768 Y190.205
G1 X148.914 Y190.351
G1 X149.060 Y190.498
G1 X149.207 Y190.644
G1 X149.353 Y190.791
G1 X149.500 Y190.937
G1 X149.939 Y191.376
G1 X150.085 Y191.523
G1 X150.232 Y191.669
G1 X150.378 Y191.815
G1 X150.671 Y191.815
G1 X150.817 Y191.962
G1 X151.110 Y191.962
G1 X151.257 Y192.108
G1 X151.403 Y192.108
G1 X151.549 Y192.255
G1 X151.842 Y192.255
G1 X152.135 Y191.962
G1 X152.281 Y191.815
G1 X152.428 Y191.815
G1 X152.574 Y191.669
G1 X152.721 Y191.523
G1 X152.867 Y191.376
G1 X153.160 Y191.083
G1 X153.160 Y190.791
G1 X153.306 Y190.644
G1 X153.453 Y190.498
G1 X153.453 Y190.351
G1 X153.599 Y190.205
G1 X153.599 Y190.059
G1 X153.745 Y189.912
G1 X153.892 Y189.766
G1 X153.892 Y189.473
G1 X154.038 Y189.327
G1 X154.038 Y189.180
G1 X154.185 Y189.034
G1 X154.185 Y188.595
G1 X154.331 Y188.448
G1 X154.331 Y185.813
G1 X154.185 Y185.666
G1 X154.185 Y185.520
G1 X154.038 Y185.374
G1 X154.038 Y185.081
G1 X153.892 Y184.934
G1 X153.892 Y184.642
G1 X153.745 Y184.495
G1 X153.745 Y184.349
G1 X153.599 Y184.202
G1 X153.599 Y184.056
G1 X153.306 Y183.763
G1 X153.306 Y183.617
G1 X153.160 Y183.470
G1 X153.013 Y183.324
G1 X152.867 Y183.178
G1 X152.721 Y183.031
G1 X152.574 Y182.885
G1 X152.428 Y182.738
G1 X152.281 Y182.738
G1 X151.989 Y182.446
G1 X151.696 Y182.446
G1 X151.549 Y182.299
G1 X151.257 Y182.299
G1 X151.110 Y182.153
G1 X150.817 Y182.153
G1 X150.671 Y182.006
G1 X150.525 Y182.006
G1 X150.671 Y182.006
G1 X150.817 Y182.153
G1 X151.110 Y182.153
G1 X151.257 Y182.299
G1 X151.549 Y182.299
G1 X151.696 Y182.446
G1 X151.989 Y182.446
G1 X152.281 Y182.738
G1 X152.428 Y182.738
G1 X152.574 Y182.885
G1 X152.721 Y183.031
G1 X152.867 Y183.178
G1 X153.013 Y183.324
G1 X153.160 Y183.470
G1 X153.306 Y183.617
G1 X153.306 Y183.763
G1 X153.599 Y184.056
G1 X153.599 Y184.202
G1 X153.745 Y184.349
G1 X153.745 Y184.495
G1 X153.892 Y184.642
G1 X153.892 Y184.934
G1 X154.038 Y185.081
G1 X154.038 Y185.374
G1 X154.185 Y185.520
G1 X154.185 Y185.666
G1 X154.331 Y185.813
G1 X154.331 Y188.448
G1 X154.185 Y188.595
G1 X154.185 Y189.034
G1 X154.038 Y189.180
G1 X154.038 Y189.327
G1 X153.892 Y189.473
G1 X153.892 Y189.766
G1 X153.745 Y189.912
G1 X153.599 Y190.059
G1 X153.599 Y190.205
G1 X153.453 Y190.351
G1 X153.453 Y190.498
G1 X153.306 Y190.644
G1 X153.160 Y190.791
G1 X153.160 Y191.083
G1 X152.867 Y191.376
G1 X152.721 Y191.523
G1 X152.574 Y191.669
G1 X152.428 Y191.815
G1 X152.281 Y191.815
G1 X152.135 Y191.962
G1 X151.842 Y192.255
G1 X151.696 Y192.255
G1 X151.696 Y192.547
G1 X151.842 Y192.694
G1 X151.842 Y192.987
G1 X151.989 Y193.133
G1 X151.989 Y193.572
G1 X152.135 Y193.719
G1 X152.135 Y194.011
G1 X152.281 Y194.158
G1 X152.428 Y194.304
G1 X152.574 Y194.451
G1 X152.721 Y194.597
G1 X152.867 Y194.743
G1 X153.013 Y194.890
G1 X153.160 Y195.036
G1 X153.306 Y195.183
G1 X153.453 Y195.183
G1 X153.599 Y195.329
G1 X153.892 Y195.329
G1 X154.038 Y195.475
G1 X154.331 Y195.475
G1 X154.477 Y195.622
G1 X154.770 Y195.622
G1 X155.356 Y195.036
G1 X155.356 Y194.743
G1 X155.502 Y194.597
G1 X155.502 Y194.451
G1 X155.649 Y194.304
G1 X155.649 Y194.158
G1 X155.795 Y194.011
G1 X155.795 Y193.865
G1 X157.259 Y192.401
G1 X157.406 Y192.255
G1 X157.552 Y192.108
G1 X157.991 Y191.669
G1 X158.138 Y191.669
G1 X158.284 Y191.523
G1 X159.016 Y191.523
G1 X159.162 Y191.376
G1 X159.748 Y191.376
G1 X159.894 Y191.523
G1 X160.626 Y191.523
G1 X160.773 Y191.669
G1 X160.919 Y191.669
G1 X161.066 Y191.815
G1 X161.212 Y191.815
G1 X161.358 Y191.962
G1 X161.505 Y191.962
G1 X163.262 Y193.719
G1 X163.262 Y193.865
G1 X163.408 Y194.011
G1 X163.554 Y194.158
G1 X163.554 Y194.304
G1 X163.701 Y194.451
G1 X163.701 Y194.743
G1 X163.847 Y194.890
G1 X163.994 Y195.036
G1 X163.994 Y195.475
G1 X164.140 Y195.622
G1 X164.140 Y195.915
G1 X164.286 Y196.061
G1 X164.286 Y197.818
G1 X164.140 Y197.964
G1 X164.140 Y198.257
G1 X163.994 Y198.404
G1 X163.994 Y198.550
G1 X163.847 Y198.696
G1 X163.847 Y198.989
G1 X163.701 Y199.136
G1 X163.554 Y199.282
G1 X163.554 Y199.428
G1 X163.408 Y199.575
G1 X162.969 Y200.014
G1 X162.822 Y200.160
G1 X162.822 Y200.307
G1 X162.676 Y200.453
G1 X162.530 Y200.600
G1 X162.383 Y200.746
G1 X162.237 Y200.892
G1 X162.090 Y200.892
G1 X161.944 Y201.039
G1 X161.798 Y201.185
G1 X161.505 Y201.185
G1 X161.212 Y201.478
G1 X160.919 Y201.478
G1 X160.480 Y201.917
G1 X160.334 Y202.064
G1 X160.480 Y201.917
G1 X160.919 Y201.478
G1 X161.212 Y201.478
G1 X161.505 Y201.185
G1 X161.798 Y201.185
G1 X161.944 Y201.039
G1 X162.090 Y200.892
G1 X162.237 Y200.892
G1 X162.383 Y200.746
G1 X162.530 Y200.600
G1 X162.676 Y200.453
G1 X162.822 Y200.307
G1 X162.822 Y200.160
G1 X162.969 Y200.014
G1 X163.408 Y199.575
G1 X163.554 Y199.428
G1 X163.554 Y199.282
G1 X163.701 Y199.136
G1 X163.847 Y198.989
G1 X163.847 Y198.696
G1 X163.994 Y198.550
G1 X163.994 Y198.404
G1 X164.140 Y198.257
G1 X164.140 Y197.964
G1 X164.286 Y197.818
G1 X164.286 Y196.061
G1 X164.140 Y195.915
G1 X164.140 Y195.622
G1 X163.994 Y195.475
G1 X163.994 Y195.036
G1 X163.847 Y194.890
G1 X163.701 Y194.743
G1 X163.701 Y194.451
G1 X163.554 Y194.304
G1 X163.554 Y194.158
G1 X163.408 Y194.011
G1 X163.262 Y193.865
G1 X163.262 Y193.719
G1 X161.505 Y191.962
G1 X161.358 Y191.962
G1 X161.212 Y191.815
G1 X161.066 Y191.815
G1 X160.919 Y191.669
G1 X160.773 Y191.669
G1 X160.626 Y191.523
G1 X159.894 Y191.523
G1 X159.748 Y191.376
G1 X159.162 Y191.376
G1 X159.016 Y191.523
G1 X158.284 Y191.523
G1 X158.138 Y191.669
G1 X157.991 Y191.669
G1 X157.552 Y192.108
G1 X157.406 Y192.255
G1 X157.259 Y192.401
G1 X155.795 Y193.865
G1 X155.795 Y194.011
G1 X155.649 Y194.158
G1 X155.649 Y194.304
G1 X155.502 Y194.451
G1 X155.502 Y194.597
G1 X155.356 Y194.743
G1 X155.356 Y195.036
G1 X154.770 Y195.622
G1 X154.770 Y196.208
G1 X154.917 Y196.354
G1 X154.917 Y196.647
G1 X155.063 Y196.793
G1 X155.063 Y197.086
G1 X155.209 Y197.232
G1 X155.209 Y197.525
G1 X155.356 Y197.672
G1 X155.356 Y197.818
G1 X155.795 Y198.257
G1 X155.795 Y198.404
G1 X155.941 Y198.550
G1 X156.088 Y198.696
G1 X156.234 Y198.843
G1 X156.381 Y198.989
G1 X156.527 Y199.136
G1 X156.673 Y199.282
G1 X156.820 Y199.428
G1 X156.966 Y199.575
G1 X156.966 Y199.868
G1 X157.113 Y200.014
G1 X157.552 Y200.453
G1 X157.698 Y200.600
G1 X157.845 Y200.746
G1 X158.284 Y201.185
G1 X158.430 Y201.332
G1 X158.577 Y201.332
G1 X158.723 Y201.478
G1 X158.870 Y201.624
G1 X159.016 Y201.624
G1 X159.162 Y201.771
G1 X159.455 Y201.771
G1 X159.602 Y201.917
G1 X159.748 Y201.917
G1 X159.894 Y202.064
G1 X160.334 Y202.064
G1 X160.187 Y202.064
G1 X160.187 Y202.503
G1 X160.334 Y202.649
G1 X160.334 Y202.942
G1 X160.480 Y203.088
G1 X160.480 Y203.381
G1 X160.626 Y203.528
G1 X160.626 Y203.674
G1 X160.919 Y203.967
G1 X161.066 Y204.113
G1 X161.212 Y204.260
G1 X161.358 Y204.406
G1 X161.505 Y204.406
G1 X161.651 Y204.553
G1 X161.798 Y204.699
G1 X162.090 Y204.699
G1 X162.237 Y204.845
G1 X162.822 Y204.845
G1 X162.969 Y204.699
G1 X163.115 Y204.553
G1 X163.262 Y204.553
G1 X163.408 Y204.406
G1 X163.554 Y204.406
G1 X163.701 Y204.260
G1 X163.847 Y204.260
G1 X164.286 Y203.821
G1 X164.433 Y203.821
G1 X164.579 Y203.674
G1 X164.726 Y203.528
G1 X164.872 Y203.528
G1 X165.019 Y203.381
G1 X165.165 Y203.381
G1 X165.311 Y203.235
G1 X165.458 Y203.235
G1 X165.604 Y203.088
G1 X165.751 Y203.088
G1 X165.897 Y202.942
G1 X166.043 Y202.942
G1 X166.190 Y202.796
G1 X166.922 Y202.796
G1 X167.068 Y202.649
G1 X167.361 Y202.649
G1 X167.507 Y202.796
G1 X168.239 Y202.796
G1 X168.386 Y202.942
G1 X168.679 Y202.942
G1 X168.825 Y203.088
G1 X169.118 Y203.088
G1 X169.264 Y203.235
G1 X169.411 Y203.235
G1 X169.557 Y203.381
G1 X169.703 Y203.528
G1 X169.850 Y203.528
G1 X171.167 Y204.845
G1 X171.167 Y204.992
G1 X171.314 Y205.138
G1 X171.314 Y205.431
G1 X171.460 Y205.577
G1 X171.460 Y206.309
G1 X171.607 Y206.456
G1 X171.607 Y207.481
G1 X171.753 Y207.627
G1 X171.753 Y208.652
G1 X171.607 Y208.798
G1 X171.607 Y209.677
G1 X171.460 Y209.823
G1 X171.460 Y209.969
G1 X171.314 Y210.116
G1 X171.314 Y210.262
G1 X171.167 Y210.409
G1 X171.167 Y210.701
G1 X171.021 Y210.848
G1 X171.021 Y210.994
G1 X170.875 Y211.141
G1 X170.728 Y211.287
G1 X170.728 Y211.434
G1 X170.582 Y211.580
G1 X170.582 Y212.019
G1 X170.435 Y212.166
G1 X170.435 Y212.312
G1 X170.435 Y212.166
G1 X170.582 Y212.019
G1 X170.582 Y211.580
G1 X170.728 Y211.434
G1 X170.728 Y211.287
G1 X170.875 Y211.141
G1 X171.021 Y210.994
G1 X171.021 Y210.848
G1 X171.167 Y210.701
G1 X171.167 Y210.409
G1 X171.314 Y210.262
G1 X171.314 Y210.116
G1 X171.460 Y209.969
G1 X171.460 Y209.823
G1 X171.607 Y209.677
G1 X171.607 Y208.798
G1 X171.753 Y208.652
G1 X171.753 Y207.627
G1 X171.607 Y207.481
G1 X171.607 Y206.456
G1 X171.460 Y206.309
G1 X171.460 Y205.577
G1 X171.314 Y205.431
G1 X171.314 Y205.138
G1 X171.167 Y204.992
G1 X171.167 Y204.845
G1 X169.850 Y203.528
G1 X169.703 Y203.528
G1 X169.557 Y203.381
G1 X169.411 Y203.235
G1 X169.264 Y203.235
G1 X169.118 Y203.088
G1 X168.825 Y203.088
G1 X168.679 Y202.942
G1 X168.386 Y202.942
G1 X168.239 Y202.796
G1 X167.507 Y202.796
G1 X167.361 Y202.649
G1 X167.068 Y202.649
G1 X166.922 Y202.796
G1 X166.190 Y202.796
G1 X166.043 Y202.942
G1 X165.897 Y202.942
G1 X165.751 Y203.088
G1 X165.604 Y203.088
G1 X165.458 Y203.235
G1 X165.311 Y203.235
G1 X165.165 Y203.381
G1 X165.019 Y203.381
G1 X164.872 Y203.528
G1 X164.726 Y203.528
G1 X164.579 Y203.674
G1 X164.433 Y203.821
G1 X164.286 Y203.821
G1 X163.847 Y204.260
G1 X163.701 Y204.260
G1 X163.554 Y204.406
G1 X163.408 Y204.406
G1 X163.262 Y204.553
G1 X163.115 Y204.553
G1 X162.969 Y204.699
G1 X162.822 Y204.845
G1 X162.822 Y204.992
G1 X162.676 Y204.992
G1 X162.822 Y204.992
G1 X162.822 Y205.138
G1 X162.676 Y205.138
G1 X162.822 Y205.138
G1 X162.822 Y205.577
G1 X162.969 Y205.724
G1 X162.969 Y206.017
G1 X163.115 Y206.163
G1 X163.115 Y206.456
G1 X163.262 Y206.602
G1 X163.262 Y206.749
G1 X164.872 Y208.359
G1 X165.019 Y208.505
G1 X165.165 Y208.652
G1 X165.604 Y209.091
G1 X165.751 Y209.237
G1 X165.897 Y209.237
G1 X166.043 Y209.384
G1 X166.190 Y209.530
G1 X166.336 Y209.677
G1 X166.483 Y209.823
G1 X166.629 Y209.969
G1 X166.775 Y210.116
G1 X166.922 Y210.262
G1 X167.068 Y210.409
G1 X167.215 Y210.555
G1 X167.361 Y210.701
G1 X167.507 Y210.848
G1 X167.654 Y210.994
G1 X167.800 Y211.141
G1 X167.947 Y211.287
G1 X168.093 Y211.434
G1 X168.239 Y211.580
G1 X168.386 Y211.726
G1 X168.532 Y211.873
G1 X168.679 Y211.873
G1 X168.825 Y212.019
G1 X169.264 Y212.019
G1 X169.411 Y212.166
G1 X169.703 Y212.166
G1 X169.850 Y212.312
G1 X170.435 Y212.312
G1 X170.289 Y212.312
G1 X170.289 Y212.751
G1 X170.435 Y212.898
G1 X170.435 Y213.190
G1 X171.167 Y213.922
G1 X171.314 Y213.922
G1 X171.460 Y214.069
G1 X171.607 Y214.215
G1 X171.753 Y214.362
G1 X172.192 Y214.362
G1 X172.339 Y214.508
G1 X172.924 Y214.508
G1 X173.071 Y214.654
G1 X173.510 Y214.654
G1 X173.656 Y214.801
G1 X174.242 Y214.801
G1 X174.242 Y215.094
G1 X174.388 Y215.240
G1 X174.388 Y215.386
G1 X175.120 Y216.118
G1 X175.267 Y216.118
G1 X175.413 Y216.265
G1 X175.560 Y216.411
G1 X175.706 Y216.558
G1 X175.852 Y216.558
G1 X175.999 Y216.704
G1 X176.145 Y216.850
G1 X176.292 Y216.850
G1 X176.438 Y216.997
G1 X176.584 Y216.997
G1 X176.731 Y217.143
G1 X177.024 Y217.143
G1 X177.170 Y217.290
G1 X177.316 Y217.290
G1 X177.463 Y217.436
G1 X177.756 Y217.436
G1 X177.902 Y217.582
G1 X178.780 Y217.582
G1 X178.927 Y217.729
G1 X180.391 Y217.729
G1 X180.537 Y217.875
G1 X180.977 Y217.875
G1 X181.123 Y217.729
G1 X182.441 Y217.729
G1 X182.587 Y217.582
G1 X184.637 Y217.582
G1 X184.783 Y217.436
G1 X186.101 Y217.436
G1 X186.247 Y217.290
G1 X186.540 Y217.290
G1 X186.686 Y217.143
G1 X186.833 Y216.997
G1 X186.833 Y216.850
G1 X186.979 Y216.704
G1 X186.979 Y216.558
G1 X187.565 Y216.558
G1 X187.711 Y216.411
G1 X188.443 Y216.411
G1 X188.590 Y216.265
G1 X189.175 Y216.265
G1 X189.322 Y216.118
G1 X189.761 Y216.118
G1 X189.907 Y215.972
G1 X190.639 Y215.972
G1 X190.786 Y215.826
G1 X191.518 Y215.826
G1 X191.664 Y215.679
G1 X191.957 Y215.679
G1 X191.957 Y215.240
G1 X191.810 Y215.094
G1 X191.810 Y214.654
G1 X191.664 Y214.508
G1 X191.664 Y213.922
G1 X191.518 Y213.776
G1 X191.518 Y213.190
G1 X191.371 Y213.044
G1 X191.371 Y212.898
G1 X191.225 Y212.751
G1 X191.225 Y212.605
G1 X191.078 Y212.458
G1 X191.078 Y212.312
G1 X190.932 Y212.166
G1 X190.932 Y211.873
G1 X190.786 Y211.726
G1 X190.786 Y211.580
G1 X190.639 Y211.434
G1 X190.639 Y211.287
G1 X190.493 Y211.141
G1 X190.493 Y210.701
G1 X190.346 Y210.555
G1 X190.346 Y210.262
G1 X190.200 Y210.116
G1 X190.200 Y209.823
G1 X190.054 Y209.677
G1 X190.054 Y209.530
G1 X189.907 Y209.384
G1 X189.907 Y208.652
G1 X189.761 Y208.505
G1 X189.761 Y207.773
G1 X189.614 Y207.627
G1 X189.614 Y207.334
G1 X189.614 Y207.627
G1 X189.761 Y207.773
G1 X189.761 Y208.505
G1 X189.907 Y208.652
G1 X189.907 Y209.384
G1 X190.054 Y209.530
G1 X190.054 Y209.677
G1 X190.200 Y209.823
G1 X190.200 Y210.116
G1 X190.346 Y210.262
G1 X190.346 Y210.555
G1 X190.493 Y210.701
G1 X190.493 Y211.141
G1 X190.639 Y211.287
G1 X190.639 Y211.434
G1 X190.786 Y211.580
G1 X190.786 Y211.726
G1 X190.932 Y211.873
G1 X190.932 Y212.166
G1 X191.078 Y212.312
G1 X191.078 Y212.458
G1 X191.225 Y212.605
G1 X191.225 Y212.751
G1 X191.371 Y212.898
G1 X191.371 Y213.044
G1 X191.518 Y213.190
G1 X191.518 Y213.776
G1 X191.664 Y213.922
G1 X191.664 Y214.508
G1 X191.810 Y214.654
G1 X191.810 Y215.094
G1 X191.957 Y215.240
G1 X191.957 Y215.679
G1 X192.103 Y215.826
G1 X192.250 Y215.972
G1 X192.396 Y215.972
G1 X193.128 Y216.704
G1 X193.274 Y216.704
G1 X193.421 Y216.850
G1 X193.567 Y216.997
G1 X193.714 Y217.143
G1 X193.860 Y217.290
G1 X194.006 Y217.436
G1 X194.153 Y217.582
G1 X194.153 Y217.729
G1 X194.592 Y218.168
G1 X194.592 Y218.315
G1 X194.738 Y218.461
G1 X194.885 Y218.607
G1 X194.885 Y218.754
G1 X195.031 Y218.900
G1 X195.031 Y219.047
G1 X195.178 Y219.193
G1 X195.471 Y219.486
G1 X195.471 Y219.632
G1 X195.617 Y219.779
G1 X195.763 Y219.925
G1 X195.763 Y220.071
G1 X196.203 Y220.511
G1 X196.203 Y220.657
G1 X196.349 Y220.803
G1 X196.349 Y220.950
G1 X196.788 Y221.389
G1 X196.935 Y221.535
G1 X196.935 Y221.682
G1 X197.081 Y221.828
G1 X197.081 Y221.975
G1 X197.227 Y222.121
G1 X197.227 Y222.267
G1 X197.374 Y222.414
G1 X197.374 Y222.560
G1 X197.520 Y222.707
G1 X197.520 Y222.853
G1 X197.667 Y222.999
G1 X197.813 Y223.146
G1 X198.106 Y223.439
G1 X198.106 Y223.585
G1 X198.545 Y224.024
G1 X198.545 Y224.171
G1 X198.691 Y224.317
G1 X198.691 Y224.610
G1 X198.838 Y224.756
G1 X198.838 Y225.342
G1 X198.984 Y225.488
G1 X198.984 Y225.635
G1 X199.131 Y225.781
G1 X199.131 Y225.928
G1 X199.570 Y226.367
G1 X199.570 Y226.513
G1 X199.716 Y226.660
G1 X199.716 Y226.806
G1 X199.863 Y226.952
G1 X200.009 Y227.099
G1 X200.155 Y227.245
G1 X200.155 Y227.392
G1 X200.302 Y227.538
G1 X200.741 Y227.977
G1 X200.887 Y228.124
G1 X201.034 Y228.270
G1 X201.180 Y228.416
G1 X201.327 Y228.416
G1 X201.473 Y228.563
G1 X201.619 Y228.709
G1 X201.766 Y228.709
G1 X201.912 Y228.856
G1 X202.059 Y229.002
G1 X202.205 Y229.148
G1 X202.351 Y229.148
G1 X202.498 Y229.295
G1 X202.644 Y229.295
G1 X202.791 Y229.441
G1 X202.937 Y229.441
G1 X203.084 Y229.588
G1 X203.230 Y229.588
G1 X203.376 Y229.734
G1 X203.523 Y229.734
G1 X203.669 Y229.880
G1 X203.816 Y229.880
G1 X203.962 Y230.027
G1 X204.108 Y230.027
G1 X204.255 Y230.173
G1 X204.401 Y230.173
G1 X204.548 Y230.320
G1 X204.694 Y230.320
G1 X204.840 Y230.466
G1 X204.987 Y230.612
G1 X205.133 Y230.612
G1 X205.280 Y230.759
G1 X205.426 Y230.759
G1 X205.572 Y230.905
G1 X205.865 Y230.905
G1 X206.012 Y231.052
G1 X206.158 Y231.052
G1 X206.304 Y231.198
G1 X206.597 Y231.198
G1 X206.744 Y231.344
G1 X206.890 Y231.344
G1 X207.036 Y231.491
G1 X207.183 Y231.491
G1 X207.329 Y231.637
G1 X207.476 Y231.637
G1 X207.622 Y231.784
G1 X207.915 Y231.784
G1 X208.061 Y231.930
G1 X208.208 Y231.930
G1 X208.354 Y232.076
G1 X208.500 Y232.076
G1 X208.647 Y232.223
G1 X208.793 Y232.223
G1 X208.940 Y232.369
G1 X209.086 Y232.369
G1 X209.232 Y232.516
G1 X209.379 Y232.662
G1 X209.525 Y232.662
G1 X209.672 Y232.808
G1 X209.818 Y232.955
G1 X209.964 Y232.955
G1 X210.111 Y233.101
G1 X210.257 Y233.101
G1 X210.550 Y233.394
G1 X210.697 Y233.394
G1 X210.843 Y233.541
G1 X210.989 Y233.541
G1 X211.136 Y233.687
G1 X211.282 Y233.687
G1 X211.429 Y233.833
G1 X211.575 Y233.980
G1 X211.721 Y233.980
G1 X211.868 Y234.126
G1 X212.014 Y234.273
G1 X212.307 Y234.273
G1 X212.453 Y234.419
G1 X213.185 Y234.419
G1 X213.185 Y234.273
G1 X213.917 Y233.541
G1 X213.917 Y233.394
G1 X214.064 Y233.248
G1 X214.064 Y233.101
G1 X214.210 Y232.955
G1 X214.210 Y232.808
G1 X214.357 Y232.662
G1 X214.503 Y232.516
G1 X214.503 Y232.223
G1 X214.649 Y232.076
G1 X214.649 Y231.930
G1 X214.796 Y231.784
G1 X214.796 Y231.637
G1 X214.942 Y231.491
G1 X214.942 Y231.344
G1 X215.089 Y231.198
G1 X215.089 Y231.052
G1 X215.235 Y230.905
G1 X215.381 Y230.759
G1 X215.381 Y230.466
G1 X215.528 Y230.320
G1 X215.528 Y230.173
G1 X215.674 Y230.027
G1 X215.674 Y229.880
G1 X215.821 Y229.734
G1 X215.821 Y229.588
G1 X215.967 Y229.441
G1 X215.967 Y229.295
G1 X216.113 Y229.148
G1 X216.113 Y229.002
G1 X216.260 Y228.856
G1 X216.260 Y228.563
G1 X216.406 Y228.416
G1 X216.406 Y228.270
G1 X216.553 Y228.124
G1 X216.699 Y227.977
G1 X216.992 Y227.684
G1 X216.699 Y227.977
G1 X216.553 Y228.124
G1 X216.406 Y228.270
G1 X216.406 Y228.416
G1 X216.260 Y228.563
G1 X216.260 Y228.856
G1 X216.113 Y229.002
G1 X216.113 Y229.148
G1 X215.967 Y229.295
G1 X215.967 Y229.441
G1 X215.821 Y229.588
G1 X215.821 Y229.734
G1 X215.674 Y229.880
G1 X215.674 Y230.027
G1 X215.528 Y230.173
G1 X215.528 Y230.320
G1 X215.381 Y230.466
G1 X215.381 Y230.759
G1 X215.235 Y230.905
G1 X215.089 Y231.052
G1 X215.089 Y231.198
G1 X214.942 Y231.344
G1 X214.942 Y231.491
G1 X214.796 Y231.637
G1 X214.796 Y231.784
G1 X214.649 Y231.930
G1 X214.649 Y232.076
G1 X214.503 Y232.223
G1 X214.503 Y232.516
G1 X214.357 Y232.662
G1 X214.210 Y232.808
G1 X214.210 Y232.955
G1 X214.064 Y233.101
G1 X214.064 Y233.248
G1 X213.917 Y233.394
G1 X213.917 Y233.541
G1 X213.185 Y234.273
G1 X213.185 Y234.419
G1 X213.039 Y234.419
G1 X213.039 Y234.712
G1 X213.185 Y234.858
G1 X213.185 Y235.005
G1 X213.332 Y235.151
G1 X213.771 Y235.590
G1 X213.917 Y235.737
G1 X214.064 Y235.883
G1 X214.210 Y236.029
G1 X214.357 Y236.029
G1 X214.503 Y236.176
G1 X214.796 Y236.176
G1 X214.942 Y236.322
G1 X215.381 Y236.322
G1 X215.381 Y236.615
G1 X215.528 Y236.761
G1 X215.528 Y237.054
G1 X215.674 Y237.201
G1 X215.674 Y237.347
G1 X215.821 Y237.493
G1 X215.967 Y237.640
G1 X216.406 Y238.079
G1 X216.553 Y238.225
G1 X216.699 Y238.372
G1 X217.138 Y238.811
G1 X217.285 Y238.811
G1 X217.431 Y238.957
G1 X217.577 Y239.104
G1 X217.724 Y239.250
G1 X217.870 Y239.397
G1 X218.017 Y239.397
G1 X218.163 Y239.543
G1 X218.310 Y239.689
G1 X218.456 Y239.689
G1 X218.602 Y239.836
G1 X218.749 Y239.982
G1 X218.895 Y239.982
G1 X219.188 Y240.275
G1 X219.334 Y240.275
G1 X219.481 Y240.421
G1 X219.627 Y240.421
G1 X219.920 Y240.714
G1 X220.066 Y240.714
G1 X220.213 Y240.861
G1 X220.359 Y240.861
G1 X220.506 Y241.007
G1 X220.652 Y241.007
G1 X220.798 Y241.154
G1 X220.945 Y241.154
G1 X221.091 Y241.300
G1 X221.238 Y241.300
G1 X221.384 Y241.446
G1 X221.530 Y241.446
G1 X221.677 Y241.593
G1 X221.823 Y241.593
G1 X221.970 Y241.739
G1 X222.116 Y241.739
G1 X222.262 Y241.886
G1 X222.409 Y241.886
G1 X222.555 Y242.032
G1 X222.702 Y242.032
G1 X222.848 Y242.178
G1 X222.994 Y242.178
G1 X223.141 Y242.325
G1 X223.434 Y242.325
G1 X223.580 Y242.471
G1 X223.873 Y242.471
G1 X224.019 Y242.618
G1 X224.312 Y242.618
G1 X224.458 Y242.764
G1 X224.751 Y242.764
G1 X224.898 Y242.910
G1 X225.191 Y242.910
G1 X225.337 Y243.057
G1 X225.630 Y243.057
G1 X225.776 Y243.203
G1 X226.215 Y243.203
G1 X226.362 Y243.350
G1 X226.508 Y243.350
G1 X226.655 Y243.496
G1 X227.679 Y243.496
G1 X227.826 Y243.642
G1 X228.997 Y243.642
G1 X229.143 Y243.496
G1 X229.583 Y243.496
G1 X229.729 Y243.350
G1 X230.022 Y243.350
G1 X230.168 Y243.203
G1 X230.315 Y243.203
G1 X230.461 Y243.057
G1 X230.607 Y243.057
G1 X230.754 Y242.910
G1 X230.900 Y242.910
G1 X231.047 Y242.764
G1 X231.193 Y242.764
G1 X231.486 Y242.471
G1 X231.632 Y242.471
G1 X231.779 Y242.325
G1 X231.925 Y242.325
G1 X232.071 Y242.178
G1 X232.218 Y242.032
G1 X232.364 Y241.886
G1 X232.511 Y241.886
G1 X232.657 Y241.739
G1 X232.804 Y241.739
G1 X232.950 Y241.593
G1 X233.096 Y241.446
G1 X233.536 Y241.446
G1 X233.536 Y241.154
G1 X233.682 Y241.007
G1 X233.682 Y240.568
G1 X233.828 Y240.421
G1 X233.828 Y239.689
G1 X233.975 Y239.543
G1 X233.975 Y239.250
G1 X234.121 Y239.104
G1 X234.121 Y238.957
G1 X234.268 Y238.811
G1 X234.268 Y238.665
G1 X234.414 Y238.518
G1 X234.414 Y238.372
G1 X234.560 Y238.225
G1 X234.560 Y237.786
G1 X234.707 Y237.640
G1 X234.707 Y237.347
G1 X234.853 Y237.201
G1 X234.853 Y236.908
G1 X235.000 Y236.761
G1 X235.000 Y236.322
G1 X235.000 Y236.761
G1 X234.853 Y236.908
G1 X234.853 Y237.201
G1 X234.707 Y237.347
G1 X234.707 Y237.640
G1 X234.560 Y237.786
G1 X234.560 Y238.225
G1 X234.414 Y238.372
G1 X234.414 Y238.518
G1 X234.268 Y238.665
G1 X234.268 Y238.811
G1 X234.121 Y238.957
G1 X234.121 Y239.104
G1 X233.975 Y239.250
G1 X233.975 Y239.543
G1 X233.828 Y239.689
G1 X233.828 Y240.421
G1 X233.682 Y240.568
G1 X233.682 Y241.007
G1 X233.536 Y241.154
G1 X233.536 Y241.446
G1 X234.707 Y241.446
G1 X234.853 Y241.593
G1 X236.024 Y241.593
G1 X236.171 Y241.739
G1 X237.196 Y241.739
G1 X237.342 Y241.886
G1 X238.220 Y241.886
G1 X238.367 Y242.032
G1 X238.660 Y242.032
G1 X238.806 Y241.886
G1 X238.952 Y241.739
G1 X238.952 Y237.493
G1 X238.806 Y237.493
G1 X238.660 Y237.347
G1 X238.513 Y237.347
G1 X238.367 Y237.201
G1 X238.074 Y237.201
G1 X237.928 Y237.054
G1 X237.781 Y237.054
G1 X237.049 Y236.322
G1 X237.049 Y236.176
G1 X236.903 Y236.322
G1 X235.000 Y236.322
G1 X234.853 Y236.176
G1 X234.707 Y236.029
G1 X233.828 Y236.029
G1 X233.682 Y235.883
G1 X233.243 Y235.883
G1 X233.096 Y235.737
G1 X232.950 Y235.737
G1 X232.804 Y235.590
G1 X232.657 Y235.590
G1 X232.511 Y235.444
G1 X232.218 Y235.444
G1 X232.071 Y235.297
G1 X231.925 Y235.297
G1 X231.779 Y235.151
G1 X231.632 Y235.151
G1 X231.486 Y235.005
G1 X231.047 Y235.005
G1 X230.900 Y234.858
G1 X230.754 Y234.858
G1 X230.607 Y234.712
G1 X230.315 Y234.712
G1 X230.022 Y234.419
G1 X229.729 Y234.419
G1 X229.583 Y234.273
G1 X229.436 Y234.273
G1 X229.290 Y234.126
G1 X229.143 Y234.126
G1 X228.997 Y233.980
G1 X228.558 Y233.980
G1 X228.411 Y233.833
G1 X228.265 Y233.833
G1 X228.119 Y233.687
G1 X227.972 Y233.687
G1 X227.826 Y233.541
G1 X227.533 Y233.541
G1 X227.387 Y233.394
G1 X227.094 Y233.394
G1 X226.947 Y233.248
G1 X226.801 Y233.248
G1 X226.655 Y233.101
G1 X226.508 Y233.101
G1 X226.362 Y232.955
G1 X226.215 Y232.955
G1 X226.069 Y232.808
G1 X225.923 Y232.808
G1 X225.776 Y232.662
G1 X225.630 Y232.662
G1 X225.483 Y232.516
G1 X225.337 Y232.516
G1 X225.191 Y232.369
G1 X225.044 Y232.369
G1 X224.898 Y232.223
G1 X224.751 Y232.223
G1 X224.605 Y232.076
G1 X224.458 Y232.076
G1 X224.312 Y231.930
G1 X224.166 Y231.930
G1 X224.019 Y231.784
G1 X223.873 Y231.784
G1 X223.726 Y231.637
G1 X223.580 Y231.637
G1 X223.287 Y231.344
G1 X223.141 Y231.344
G1 X222.994 Y231.198
G1 X222.702 Y231.198
G1 X222.555 Y231.052
G1 X222.409 Y231.052
G1 X222.262 Y230.905
G1 X222.116 Y230.905
G1 X221.823 Y230.612
G1 X221.677 Y230.612
G1 X221.530 Y230.466
G1 X221.384 Y230.466
G1 X221.238 Y230.320
G1 X220.652 Y230.320
G1 X220.506 Y230.173
G1 X219.920 Y230.173
G1 X219.774 Y230.320
G1 X219.627 Y230.466
G1 X219.627 Y230.612
G1 X219.481 Y230.759
G1 X219.334 Y230.905
G1 X219.188 Y231.052
G1 X219.188 Y231.198
G1 X218.895 Y231.491
G1 X218.895 Y231.637
G1 X218.749 Y231.784
G1 X218.602 Y231.930
G1 X218.602 Y232.076
G1 X218.456 Y232.223
G1 X218.456 Y232.369
G1 X218.310 Y232.516
G1 X218.163 Y232.662
G1 X218.163 Y232.808
G1 X218.017 Y232.955
G1 X217.870 Y233.101
G1 X217.870 Y233.248
G1 X217.577 Y233.541
G1 X217.577 Y233.687
G1 X217.431 Y233.833
G1 X217.431 Y233.980
G1 X216.992 Y234.419
G1 X216.845 Y234.565
G1 X216.699 Y234.712
G1 X216.260 Y235.151
G1 X216.260 Y235.297
G1 X216.113 Y235.444
G1 X216.113 Y235.590
G1 X215.967 Y235.737
G1 X215.821 Y235.883
G1 X215.674 Y236.029
G1 X215.528 Y236.176
G1 X215.528 Y236.322
G1 X215.381 Y236.322
G1 X215.528 Y236.322
G1 X215.528 Y236.176
G1 X215.674 Y236.029
G1 X215.821 Y235.883
G1 X215.967 Y235.737
G1 X216.113 Y235.590
G1 X216.113 Y235.444
G1 X216.260 Y235.297
G1 X216.260 Y235.151
G1 X216.699 Y234.712
G1 X216.845 Y234.565
G1 X216.992 Y234.419
G1 X217.431 Y233.980
G1 X217.431 Y233.833
G1 X217.577 Y233.687
G1 X217.577 Y233.541
G1 X217.870 Y233.248
G1 X217.870 Y233.101
G1 X218.017 Y232.955
G1 X218.163 Y232.808
G1 X218.163 Y232.662
G1 X218.310 Y232.516
G1 X218.456 Y232.369
G1 X218.456 Y232.223
G1 X218.602 Y232.076
G1 X218.602 Y231.930
G1 X218.749 Y231.784
G1 X218.895 Y231.637
G1 X218.895 Y231.491
G1 X219.188 Y231.198
G1 X219.188 Y231.052
G1 X219.334 Y230.905
G1 X219.481 Y230.759
G1 X219.627 Y230.612
G1 X219.627 Y230.466
G1 X219.774 Y230.320
G1 X219.920 Y230.173
G1 X219.920 Y229.880
G1 X219.774 Y229.734
G1 X219.774 Y229.588
G1 X219.627 Y229.441
G1 X219.627 Y229.295
G1 X219.481 Y229.148
G1 X219.334 Y229.002
G1 X219.188 Y228.856
G1 X219.042 Y228.709
G1 X218.895 Y228.709
G1 X218.602 Y228.416
G1 X218.456 Y228.416
G1 X218.310 Y228.270
G1 X218.163 Y228.124
G1 X218.017 Y227.977
G1 X217.870 Y227.977
G1 X217.724 Y227.831
G1 X217.138 Y227.831
G1 X216.992 Y227.684
G1 X216.845 Y227.538
G1 X216.845 Y227.245
G1 X216.699 Y227.099
G1 X216.553 Y226.952
G1 X216.406 Y226.806
G1 X215.967 Y226.367
G1 X215.821 Y226.220
G1 X215.674 Y226.074
G1 X215.235 Y225.635
G1 X215.089 Y225.488
G1 X214.942 Y225.342
G1 X214.796 Y225.195
G1 X214.649 Y225.049
G1 X214.503 Y224.903
G1 X214.357 Y224.756
G1 X214.210 Y224.610
G1 X214.210 Y224.463
G1 X214.064 Y224.317
G1 X214.064 Y224.024
G1 X213.917 Y223.878
G1 X213.917 Y223.585
G1 X213.771 Y223.439
G1 X213.771 Y223.146
G1 X213.625 Y222.999
G1 X213.625 Y222.560
G1 X213.332 Y222.560
G1 X213.185 Y222.414
G1 X212.893 Y222.414
G1 X212.746 Y222.267
G1 X212.453 Y222.267
G1 X212.307 Y222.121
G1 X212.014 Y222.121
G1 X211.575 Y221.682
G1 X211.429 Y221.535
G1 X211.282 Y221.389
G1 X211.136 Y221.389
G1 X210.989 Y221.243
G1 X210.843 Y221.096
G1 X210.697 Y220.950
G1 X210.550 Y220.950
G1 X210.404 Y220.803
G1 X210.257 Y220.657
G1 X209.964 Y220.364
G1 X209.818 Y220.364
G1 X209.525 Y220.071
G1 X209.232 Y220.071
G1 X209.086 Y219.925
G1 X208.793 Y219.925
G1 X208.647 Y219.779
G1 X208.354 Y219.779
G1 X208.208 Y219.925
G1 X208.061 Y220.071
G1 X207.915 Y220.218
G1 X207.768 Y220.364
G1 X207.476 Y220.364
G1 X207.329 Y220.511
G1 X207.036 Y220.511
G1 X206.890 Y220.657
G1 X206.744 Y220.657
G1 X206.597 Y220.803
G1 X206.451 Y220.803
G1 X206.304 Y220.950
G1 X206.012 Y220.950
G1 X205.865 Y221.096
G1 X205.572 Y221.096
G1 X205.426 Y221.243
G1 X205.280 Y221.243
G1 X205.133 Y221.389
G1 X204.840 Y221.389
G1 X204.694 Y221.535
G1 X204.548 Y221.535
G1 X204.401 Y221.682
G1 X204.255 Y221.682
G1 X204.108 Y221.828
G1 X203.816 Y221.828
G1 X203.669 Y221.975
G1 X203.523 Y221.975
G1 X203.376 Y222.121
G1 X203.230 Y222.121
G1 X203.084 Y222.267
G1 X202.791 Y222.267
G1 X202.498 Y222.560
G1 X202.205 Y222.560
G1 X202.059 Y222.707
G1 X201.912 Y222.707
G1 X201.766 Y222.853
G1 X201.473 Y222.853
G1 X201.327 Y222.999
G1 X201.180 Y222.999
G1 X201.034 Y223.146
G1 X200.595 Y223.146
G1 X200.448 Y223.292
G1 X200.302 Y223.292
G1 X200.155 Y223.439
G1 X199.423 Y223.439
G1 X199.277 Y223.585
G1 X199.131 Y223.585
G1 X198.984 Y223.731
G1 X198.838 Y223.878
G1 X198.691 Y224.024
G1 X198.545 Y224.024
G1 X198.691 Y224.024
G1 X198.838 Y223.878
G1 X198.984 Y223.731
G1 X199.131 Y223.585
G1 X199.277 Y223.585
G1 X199.423 Y223.439
G1 X200.155 Y223.439
G1 X200.302 Y223.292
G1 X200.448 Y223.292
G1 X200.595 Y223.146
G1 X201.034 Y223.146
G1 X201.180 Y222.999
G1 X201.327 Y222.999
G1 X201.473 Y222.853
G1 X201.766 Y222.853
G1 X201.912 Y222.707
G1 X202.059 Y222.707
G1 X202.205 Y222.560
G1 X202.498 Y222.560
G1 X202.791 Y222.267
G1 X203.084 Y222.267
G1 X203.230 Y222.121
G1 X203.376 Y222.121
G1 X203.523 Y221.975
G1 X203.669 Y221.975
G1 X203.816 Y221.828
G1 X204.108 Y221.828
G1 X204.255 Y221.682
G1 X204.401 Y221.682
G1 X204.548 Y221.535
G1 X204.694 Y221.535
G1 X204.840 Y221.389
G1 X205.133 Y221.389
G1 X205.280 Y221.243
G1 X205.426 Y221.243
G1 X205.572 Y221.096
G1 X205.865 Y221.096
G1 X206.012 Y220.950
G1 X206.304 Y220.950
G1 X206.451 Y220.803
G1 X206.597 Y220.803
G1 X206.744 Y220.657
G1 X206.890 Y220.657
G1 X207.036 Y220.511
G1 X207.329 Y220.511
G1 X207.476 Y220.364
G1 X207.768 Y220.364
G1 X207.915 Y220.218
G1 X208.061 Y220.071
G1 X208.208 Y219.925
G1 X208.354 Y219.779
G1 X208.354 Y219.632
G1 X208.208 Y219.486
G1 X208.208 Y219.339
G1 X208.061 Y219.193
G1 X208.061 Y218.607
G1 X207.915 Y218.461
G1 X207.768 Y218.315
G1 X207.768 Y218.168
G1 X207.622 Y218.022
G1 X207.476 Y217.875
G1 X207.329 Y217.729
G1 X207.183 Y217.582
G1 X207.036 Y217.436
G1 X206.890 Y217.290
G1 X206.890 Y217.143
G1 X206.451 Y216.704
G1 X206.304 Y216.558
G1 X206.158 Y216.411
G1 X206.158 Y216.265
G1 X206.012 Y216.118
G1 X205.865 Y215.972
G1 X205.572 Y215.679
G1 X205.572 Y215.533
G1 X205.426 Y215.386
G1 X205.280 Y215.240
G1 X205.133 Y215.094
G1 X204.987 Y214.947
G1 X204.840 Y214.801
G1 X204.694 Y214.654
G1 X204.694 Y214.508
G1 X203.376 Y213.190
G1 X203.376 Y213.044
G1 X203.230 Y212.898
G1 X203.084 Y212.751
G1 X202.937 Y212.605
G1 X202.791 Y212.458
G1 X202.644 Y212.312
G1 X202.205 Y211.873
G1 X202.059 Y211.726
G1 X201.912 Y211.580
G1 X201.473 Y211.141
G1 X201.327 Y210.994
G1 X201.180 Y210.848
G1 X201.034 Y210.701
G1 X200.887 Y210.555
G1 X200.741 Y210.409
G1 X200.595 Y210.262
G1 X200.448 Y210.262
G1 X200.302 Y210.116
G1 X200.155 Y210.116
G1 X200.009 Y209.969
G1 X199.863 Y209.823
G1 X199.716 Y209.677
G1 X199.570 Y209.677
G1 X199.277 Y209.384
G1 X199.131 Y209.237
G1 X198.984 Y209.091
G1 X198.838 Y209.091
G1 X198.691 Y208.945
G1 X198.545 Y208.945
G1 X198.399 Y208.798
G1 X198.252 Y208.652
G1 X198.106 Y208.652
G1 X197.813 Y208.359
G1 X197.667 Y208.359
G1 X197.520 Y208.213
G1 X197.227 Y208.213
G1 X197.081 Y208.066
G1 X196.935 Y208.213
G1 X196.788 Y208.359
G1 X196.642 Y208.505
G1 X196.495 Y208.505
G1 X196.349 Y208.652
G1 X194.885 Y208.652
G1 X194.738 Y208.505
G1 X194.153 Y208.505
G1 X194.006 Y208.359
G1 X193.567 Y208.359
G1 X193.274 Y208.066
G1 X193.128 Y208.066
G1 X192.689 Y207.627
G1 X192.542 Y207.481
G1 X192.396 Y207.334
G1 X192.250 Y207.188
G1 X192.250 Y207.041
G1 X192.542 Y206.749
G1 X192.542 Y206.602
G1 X192.689 Y206.456
G1 X192.835 Y206.309
G1 X192.835 Y206.163
G1 X192.982 Y206.017
G1 X193.128 Y205.870
G1 X193.421 Y205.870
G1 X193.567 Y205.724
G1 X194.299 Y205.724
G1 X194.446 Y205.577
G1 X195.031 Y205.577
G1 X195.178 Y205.431
G1 X195.324 Y205.431
G1 X195.471 Y205.285
G1 X195.617 Y205.138
G1 X195.763 Y205.138
G1 X195.617 Y205.138
G1 X195.471 Y205.285
G1 X195.324 Y205.431
G1 X195.178 Y205.431
G1 X195.031 Y205.577
G1 X194.446 Y205.577
G1 X194.299 Y205.724
G1 X193.567 Y205.724
G1 X193.421 Y205.870
G1 X193.128 Y205.870
G1 X192.982 Y206.017
G1 X192.835 Y206.163
G1 X192.835 Y206.309
G1 X192.689 Y206.456
G1 X192.542 Y206.602
G1 X192.542 Y206.749
G1 X192.250 Y207.041
G1 X191.810 Y207.041
G1 X191.664 Y207.188
G1 X189.907 Y207.188
G1 X189.761 Y207.334
G1 X189.614 Y207.334
G1 X189.468 Y207.188
G1 X189.322 Y207.188
G1 X189.175 Y207.041
G1 X189.029 Y207.041
G1 X188.882 Y206.895
G1 X188.736 Y206.749
G1 X188.590 Y206.602
G1 X188.443 Y206.456
G1 X188.443 Y206.163
G1 X188.297 Y206.017
G1 X188.297 Y205.870
G1 X188.150 Y205.724
G1 X188.150 Y205.577
G1 X188.004 Y205.431
G1 X188.004 Y205.285
G1 X187.858 Y205.138
G1 X187.858 Y204.845
G1 X187.711 Y204.699
G1 X187.711 Y204.553
G1 X187.565 Y204.406
G1 X187.565 Y204.260
G1 X187.418 Y204.113
G1 X187.418 Y203.967
G1 X187.272 Y203.821
G1 X187.272 Y203.674
G1 X187.125 Y203.528
G1 X187.125 Y203.381
G1 X186.979 Y203.235
G1 X186.979 Y202.942
G1 X186.833 Y202.796
G1 X186.833 Y202.649
G1 X186.686 Y202.503
G1 X186.686 Y202.356
G1 X186.540 Y202.210
G1 X186.393 Y202.064
G1 X186.247 Y201.917
G1 X185.808 Y201.478
G1 X185.515 Y201.478
G1 X185.369 Y201.332
G1 X185.222 Y201.478
G1 X184.783 Y201.917
G1 X184.637 Y202.064
G1 X184.637 Y202.210
G1 X184.490 Y202.356
G1 X184.344 Y202.503
G1 X184.197 Y202.503
G1 X184.051 Y202.649
G1 X183.612 Y202.649
G1 X183.319 Y202.942
G1 X183.173 Y202.942
G1 X183.026 Y203.088
G1 X182.441 Y203.088
G1 X183.026 Y203.088
G1 X183.173 Y202.942
G1 X183.319 Y202.942
G1 X183.612 Y202.649
G1 X184.051 Y202.649
G1 X184.197 Y202.503
G1 X184.344 Y202.503
G1 X184.490 Y202.356
G1 X184.637 Y202.210
G1 X184.637 Y202.064
G1 X184.783 Y201.917
G1 X185.222 Y201.478
G1 X185.369 Y201.332
G1 X185.369 Y201.039
G1 X185.222 Y200.892
G1 X185.222 Y200.453
G1 X185.076 Y200.307
G1 X185.076 Y200.160
G1 X184.929 Y200.014
G1 X184.783 Y199.868
G1 X184.783 Y199.575
G1 X184.637 Y199.428
G1 X184.490 Y199.282
G1 X184.490 Y199.136
G1 X184.344 Y198.989
G1 X184.344 Y198.843
G1 X184.051 Y198.550
G1 X184.051 Y198.404
G1 X183.905 Y198.257
G1 X183.758 Y198.111
G1 X183.612 Y198.111
G1 X183.319 Y197.818
G1 X183.173 Y197.818
G1 X183.026 Y197.672
G1 X182.880 Y197.672
G1 X183.026 Y197.672
G1 X183.173 Y197.818
G1 X183.319 Y197.818
G1 X183.612 Y198.111
G1 X183.758 Y198.111
G1 X183.905 Y198.257
G1 X184.051 Y198.404
G1 X184.051 Y198.550
G1 X184.344 Y198.843
G1 X184.344 Y198.989
G1 X184.490 Y199.136
G1 X184.490 Y199.282
G1 X184.637 Y199.428
G1 X184.783 Y199.575
G1 X184.783 Y199.868
G1 X184.929 Y200.014
G1 X185.076 Y200.160
G1 X185.076 Y200.307
G1 X185.222 Y200.453
G1 X185.222 Y200.892
G1 X185.369 Y201.039
G1 X185.369 Y201.332
G1 X185.515 Y201.478
G1 X185.369 Y201.478
G1 X185.808 Y201.478
G1 X186.247 Y201.917
G1 X186.393 Y202.064
G1 X186.540 Y202.210
G1 X186.686 Y202.356
G1 X186.686 Y202.503
G1 X186.833 Y202.649
G1 X186.833 Y202.796
G1 X186.979 Y202.942
G1 X186.979 Y203.235
G1 X187.125 Y203.381
G1 X187.125 Y203.528
G1 X187.272 Y203.674
G1 X187.272 Y203.821
G1 X187.418 Y203.967
G1 X187.418 Y204.113
G1 X187.565 Y204.260
G1 X187.565 Y204.406
G1 X187.711 Y204.553
G1 X187.711 Y204.699
G1 X187.858 Y204.845
G1 X187.858 Y205.138
G1 X188.004 Y205.285
G1 X188.004 Y205.431
G1 X188.150 Y205.577
G1 X188.150 Y205.724
G1 X188.297 Y205.870
G1 X188.297 Y206.017
G1 X188.443 Y206.163
G1 X188.443 Y206.456
G1 X188.590 Y206.602
G1 X188.736 Y206.749
G1 X188.882 Y206.895
G1 X189.029 Y207.041
G1 X189.175 Y207.041
G1 X189.322 Y207.188
G1 X189.468 Y207.188
G1 X189.614 Y207.334
G1 X189.761 Y207.334
G1 X189.907 Y207.188
G1 X191.664 Y207.188
G1 X191.810 Y207.041
G1 X192.250 Y207.041
G1 X192.250 Y207.188
G1 X192.396 Y207.334
G1 X192.542 Y207.481
G1 X192.689 Y207.627
G1 X193.128 Y208.066
G1 X193.274 Y208.066
G1 X193.567 Y208.359
G1 X194.006 Y208.359
G1 X194.153 Y208.505
G1 X194.738 Y208.505
G1 X194.885 Y208.652
G1 X196.349 Y208.652
G1 X196.495 Y208.505
G1 X196.642 Y208.505
G1 X196.788 Y208.359
G1 X196.935 Y208.213
G1 X197.081 Y208.066
G1 X197.081 Y207.773
G1 X196.935 Y207.627
G1 X196.935 Y207.188
G1 X196.788 Y207.041
G1 X196.788 Y206.456
G1 X196.642 Y206.309
G1 X196.642 Y206.017
G1 X196.495 Y205.870
G1 X196.495 Y205.724
G1 X196.349 Y205.577
G1 X196.203 Y205.431
G1 X196.056 Y205.285
G1 X195.910 Y205.138
G1 X195.763 Y204.992
G1 X195.763 Y205.138
G1 X195.910 Y205.138
G1 X195.763 Y205.138
G1 X195.763 Y203.967
G1 X195.617 Y203.821
G1 X195.617 Y203.088
G1 X195.471 Y202.942
G1 X195.471 Y202.503
G1 X195.324 Y202.356
G1 X195.324 Y201.917
G1 X195.178 Y201.771
G1 X195.178 Y201.332
G1 X195.031 Y201.185
G1 X195.031 Y200.892
G1 X194.885 Y200.746
G1 X194.885 Y200.453
G1 X194.738 Y200.307
G1 X194.738 Y199.868
G1 X194.592 Y199.721
G1 X194.592 Y199.428
G1 X194.446 Y199.282
G1 X194.446 Y199.136
G1 X194.299 Y198.989
G1 X194.299 Y198.550
G1 X194.153 Y198.404
G1 X194.153 Y198.111
G1 X194.006 Y197.964
G1 X194.006 Y197.379
G1 X193.860 Y197.232
G1 X193.860 Y196.940
G1 X193.714 Y196.793
G1 X193.714 Y196.354
G1 X193.567 Y196.208
G1 X193.567 Y195.915
G1 X193.421 Y195.768
G1 X193.421 Y195.329
G1 X193.274 Y195.183
G1 X193.274 Y194.451
G1 X193.128 Y194.304
G1 X193.128 Y193.865
G1 X192.982 Y193.719
G1 X192.982 Y193.133
G1 X192.835 Y192.987
G1 X192.835 Y192.694
G1 X192.689 Y192.547
G1 X192.689 Y192.108
G1 X192.542 Y191.962
G1 X192.542 Y191.376
G1 X192.396 Y191.230
G1 X192.396 Y190.498
G1 X192.250 Y190.351
G1 X192.250 Y189.766
G1 X192.103 Y189.619
G1 X192.103 Y189.327
G1 X191.957 Y189.180
G1 X191.957 Y188.741
G1 X191.810 Y188.595
G1 X191.810 Y188.009
G1 X191.664 Y187.862
G1 X191.664 Y187.423
G1 X191.518 Y187.277
G1 X191.518 Y186.838
G1 X191.371 Y186.691
G1 X191.371 Y186.398
G1 X191.225 Y186.252
G1 X191.078 Y186.106
G1 X191.078 Y185.813
G1 X190.932 Y185.666
G1 X190.932 Y185.520
G1 X190.786 Y185.374
G1 X190.786 Y185.081
G1 X190.493 Y184.788
G1 X190.493 Y184.642
G1 X190.346 Y184.495
G1 X190.346 Y184.349
G1 X190.200 Y184.202
G1 X190.054 Y184.056
G1 X189.907 Y183.910
G1 X189.907 Y183.617
G1 X189.761 Y183.470
G1 X189.614 Y183.324
G1 X189.468 Y183.178
G1 X189.322 Y183.031
G1 X189.175 Y182.885
G1 X189.029 Y182.738
G1 X188.882 Y182.592
G1 X188.736 Y182.592
G1 X188.590 Y182.446
G1 X188.443 Y182.446
G1 X188.590 Y182.446
G1 X188.736 Y182.592
G1 X188.882 Y182.592
G1 X189.029 Y182.738
G1 X189.175 Y182.885
G1 X189.322 Y183.031
G1 X189.468 Y183.178
G1 X189.614 Y183.324
G1 X189.761 Y183.470
G1 X189.907 Y183.617
G1 X189.907 Y183.910
G1 X190.054 Y184.056
G1 X190.200 Y184.202
G1 X190.346 Y184.349
G1 X190.346 Y184.495
G1 X190.493 Y184.642
G1 X190.493 Y184.788
G1 X190.786 Y185.081
G1 X190.786 Y185.374
G1 X190.932 Y185.520
G1 X190.932 Y185.666
G1 X191.078 Y185.813
G1 X191.078 Y186.106
G1 X191.225 Y186.252
G1 X191.371 Y186.398
G1 X191.371 Y186.691
G1 X191.518 Y186.838
G1 X191.518 Y187.277
G1 X191.664 Y187.423
G1 X191.664 Y187.862
G1 X191.810 Y188.009
G1 X191.810 Y188.595
G1 X191.957 Y188.741
G1 X191.957 Y189.180
G1 X192.103 Y189.327
G1 X192.103 Y189.619
G1 X192.250 Y189.766
G1 X192.250 Y190.351
G1 X192.396 Y190.498
G1 X192.396 Y191.230
G1 X192.542 Y191.376
G1 X192.542 Y191.962
G1 X192.689 Y192.108
G1 X192.689 Y192.547
G1 X192.835 Y192.694
G1 X192.835 Y192.987
G1 X192.982 Y193.133
G1 X192.982 Y193.719
G1 X193.128 Y193.865
G1 X193.128 Y194.304
G1 X193.274 Y194.451
G1 X193.274 Y195.183
G1 X193.421 Y195.329
G1 X193.421 Y195.768
G1 X193.567 Y195.915
G1 X193.567 Y196.208
G1 X193.714 Y196.354
G1 X193.714 Y196.793
G1 X193.860 Y196.940
G1 X193.860 Y197.232
G1 X194.006 Y197.379
G1 X194.006 Y197.964
G1 X194.153 Y198.111
G1 X194.153 Y198.404
G1 X194.299 Y198.550
G1 X194.299 Y198.989
G1 X194.446 Y199.136
G1 X194.446 Y199.282
G1 X194.592 Y199.428
G1 X194.592 Y199.721
G1 X194.738 Y199.868
G1 X194.738 Y200.307
G1 X194.885 Y200.453
G1 X194.885 Y200.746
G1 X195.031 Y200.892
G1 X195.031 Y201.185
G1 X195.178 Y201.332
G1 X195.178 Y201.771
G1 X195.324 Y201.917
G1 X195.324 Y202.356
G1 X195.471 Y202.503
G1 X195.471 Y202.942
G1 X195.617 Y203.088
G1 X195.617 Y203.821
G1 X195.763 Y203.967
G1 X195.763 Y204.992
G1 X195.910 Y205.138
G1 X196.056 Y205.285
G1 X196.203 Y205.431
G1 X196.349 Y205.577
G1 X196.495 Y205.724
G1 X196.495 Y205.870
G1 X196.642 Y206.017
G1 X196.642 Y206.309
G1 X196.788 Y206.456
G1 X196.788 Y207.041
G1 X196.935 Y207.188
G1 X196.935 Y207.627
G1 X197.081 Y207.773
G1 X197.081 Y208.066
G1 X197.227 Y208.213
G1 X197.081 Y208.213
G1 X197.520 Y208.213
G1 X197.667 Y208.359
G1 X197.813 Y208.359
G1 X198.106 Y208.652
G1 X198.252 Y208.652
G1 X198.399 Y208.798
G1 X198.545 Y208.945
G1 X198.691 Y208.945
G1 X198.838 Y209.091
G1 X198.984 Y209.091
G1 X199.131 Y209.237
G1 X199.277 Y209.384
G1 X199.570 Y209.677
G1 X199.716 Y209.677
G1 X199.863 Y209.823
G1 X200.009 Y209.969
G1 X200.155 Y210.116
G1 X200.302 Y210.116
G1 X200.448 Y210.262
G1 X200.595 Y210.262
G1 X200.741 Y210.409
G1 X200.887 Y210.555
G1 X201.034 Y210.701
G1 X201.180 Y210.848
G1 X201.327 Y210.994
G1 X201.473 Y211.141
G1 X201.912 Y211.580
G1 X202.059 Y211.726
G1 X202.205 Y211.873
G1 X202.644 Y212.312
G1 X202.791 Y212.458
G1 X202.937 Y212.605
G1 X203.084 Y212.751
G1 X203.230 Y212.898
G1 X203.376 Y213.044
G1 X203.376 Y213.190
G1 X204.694 Y214.508
G1 X204.694 Y214.654
G1 X204.840 Y214.801
G1 X204.987 Y214.947
G1 X205.133 Y215.094
G1 X205.280 Y215.240
G1 X205.426 Y215.386
G1 X205.572 Y215.533
G1 X205.572 Y215.679
G1 X205.865 Y215.972
G1 X206.012 Y216.118
G1 X206.158 Y216.265
G1 X206.158 Y216.411
G1 X206.304 Y216.558
G1 X206.451 Y216.704
G1 X206.890 Y217.143
G1 X206.890 Y217.290
G1 X207.036 Y217.436
G1 X207.183 Y217.582
G1 X207.329 Y217.729
G1 X207.476 Y217.875
G1 X207.622 Y218.022
G1 X207.768 Y218.168
G1 X207.768 Y218.315
G1 X207.915 Y218.461
G1 X208.061 Y218.607
G1 X208.061 Y219.193
G1 X208.208 Y219.339
G1 X208.208 Y219.486
G1 X208.354 Y219.632
G1 X208.354 Y219.779
G1 X208.647 Y219.779
G1 X208.793 Y219.925
G1 X209.086 Y219.925
G1 X209.232 Y220.071
G1 X209.525 Y220.071
G1 X209.818 Y220.364
G1 X209.964 Y220.364
G1 X210.257 Y220.657
G1 X210.404 Y220.803
G1 X210.550 Y220.950
G1 X210.697 Y220.950
G1 X210.843 Y221.096
G1 X210.989 Y221.243
G1 X211.136 Y221.389
G1 X211.282 Y221.389
G1 X211.429 Y221.535
G1 X211.575 Y221.682
G1 X212.014 Y222.121
G1 X212.307 Y222.121
G1 X212.453 Y222.267
G1 X212.746 Y222.267
G1 X212.893 Y222.414
G1 X213.185 Y222.414
G1 X213.332 Y222.560
G1 X213.625 Y222.560
G1 X213.771 Y222.414
G1 X213.917 Y222.267
G1 X214.064 Y222.121
G1 X214.210 Y222.121
G1 X214.357 Y221.975
G1 X214.503 Y221.828
G1 X214.649 Y221.828
G1 X214.796 Y221.682
G1 X214.942 Y221.535
G1 X215.089 Y221.389
G1 X215.235 Y221.243
G1 X215.381 Y221.096
G1 X215.528 Y220.950
G1 X215.528 Y220.803
G1 X215.674 Y220.657
G1 X215.821 Y220.511
G1 X215.821 Y220.364
G1 X215.967 Y220.218
G1 X215.967 Y219.925
G1 X216.113 Y219.779
G1 X216.113 Y219.486
G1 X216.260 Y219.339
G1 X216.260 Y218.754
G1 X216.406 Y218.754
G1 X216.260 Y218.754
G1 X216.260 Y219.339
G1 X216.113 Y219.486
G1 X216.113 Y219.779
G1 X215.967 Y219.925
G1 X215.967 Y220.218
G1 X215.821 Y220.364
G1 X215.821 Y220.511
G1 X215.674 Y220.657
G1 X215.528 Y220.803
G1 X215.528 Y220.950
G1 X215.381 Y221.096
G1 X215.235 Y221.243
G1 X215.089 Y221.389
G1 X214.942 Y221.535
G1 X214.796 Y221.682
G1 X214.649 Y221.828
G1 X214.503 Y221.828
G1 X214.357 Y221.975
G1 X214.210 Y222.121
G1 X214.064 Y222.121
G1 X213.917 Y222.267
G1 X213.771 Y222.414
G1 X213.625 Y222.560
G1 X213.625 Y222.999
G1 X213.771 Y223.146
G1 X213.771 Y223.439
G1 X213.917 Y223.585
G1 X213.917 Y223.878
G1 X214.064 Y224.024
G1 X214.064 Y224.317
G1 X214.210 Y224.463
G1 X214.210 Y224.610
G1 X214.357 Y224.756
G1 X214.503 Y224.903
G1 X214.649 Y225.049
G1 X214.796 Y225.195
G1 X214.942 Y225.342
G1 X215.089 Y225.488
G1 X215.235 Y225.635
G1 X215.674 Y226.074
G1 X215.821 Y226.220
G1 X215.967 Y226.367
G1 X216.406 Y226.806
G1 X216.553 Y226.952
G1 X216.699 Y227.099
G1 X216.845 Y227.245
G1 X216.845 Y227.538
G1 X216.992 Y227.684
G1 X217.138 Y227.831
G1 X216.992 Y227.831
G1 X217.724 Y227.831
G1 X217.870 Y227.977
G1 X218.017 Y227.977
G1 X218.163 Y228.124
G1 X218.310 Y228.270
G1 X218.456 Y228.416
G1 X218.602 Y228.416
G1 X218.895 Y228.709
G1 X219.042 Y228.709
G1 X219.188 Y228.856
G1 X219.334 Y229.002
G1 X219.481 Y229.148
G1 X219.627 Y229.295
G1 X219.627 Y229.441
G1 X219.774 Y229.588
G1 X219.774 Y229.734
G1 X219.920 Y229.880
G1 X219.920 Y230.173
G1 X220.506 Y230.173
G1 X220.652 Y230.320
G1 X221.238 Y230.320
G1 X221.384 Y230.466
G1 X221.530 Y230.466
G1 X221.677 Y230.612
G1 X221.823 Y230.612
G1 X222.116 Y230.905
G1 X222.262 Y230.905
G1 X222.409 Y231.052
G1 X222.555 Y231.052
G1 X222.702 Y231.198
G1 X222.994 Y231.198
G1 X223.141 Y231.344
G1 X223.287 Y231.344
G1 X223.580 Y231.637
G1 X223.726 Y231.637
G1 X223.873 Y231.784
G1 X224.019 Y231.784
G1 X224.166 Y231.930
G1 X224.312 Y231.930
G1 X224.458 Y232.076
G1 X224.605 Y232.076
G1 X224.751 Y232.223
G1 X224.898 Y232.223
G1 X225.044 Y232.369
G1 X225.191 Y232.369
G1 X225.337 Y232.516
G1 X225.483 Y232.516
G1 X225.630 Y232.662
G1 X225.776 Y232.662
G1 X225.923 Y232.808
G1 X226.069 Y232.808
G1 X226.215 Y232.955
G1 X226.362 Y232.955
G1 X226.508 Y233.101
G1 X226.655 Y233.101
G1 X226.801 Y233.248
G1 X226.947 Y233.248
G1 X227.094 Y233.394
G1 X227.387 Y233.394
G1 X227.533 Y233.541
G1 X227.826 Y233.541
G1 X227.972 Y233.687
G1 X228.119 Y233.687
G1 X228.265 Y233.833
G1 X228.411 Y233.833
G1 X228.558 Y233.980
G1 X228.997 Y233.980
G1 X229.143 Y234.126
G1 X229.290 Y234.126
G1 X229.436 Y234.273
G1 X229.583 Y234.273
G1 X229.729 Y234.419
G1 X230.022 Y234.419
G1 X230.315 Y234.712
G1 X230.607 Y234.712
G1 X230.754 Y234.858
G1 X230.900 Y234.858
G1 X231.047 Y235.005
G1 X231.486 Y235.005
G1 X231.632 Y235.151
G1 X231.779 Y235.151
G1 X231.925 Y235.297
G1 X232.071 Y235.297
G1 X232.218 Y235.444
G1 X232.511 Y235.444
G1 X232.657 Y235.590
G1 X232.804 Y235.590
G1 X232.950 Y235.737
G1 X233.096 Y235.737
G1 X233.243 Y235.883
G1 X233.682 Y235.883
G1 X233.828 Y236.029
G1 X234.707 Y236.029
G1 X234.853 Y236.176
G1 X235.000 Y236.322
G1 X236.903 Y236.322
G1 X237.049 Y236.176
G1 X237.049 Y236.322
G1 X236.903 Y236.322
G1 X237.049 Y236.322
G1 X237.781 Y237.054
G1 X237.928 Y237.054
G1 X238.074 Y237.201
G1 X238.367 Y237.201
G1 X238.513 Y237.347
G1 X238.660 Y237.347
G1 X238.806 Y237.493
G1 X239.099 Y237.493
G1 X238.952 Y237.493
G1 X238.952 Y237.640
G1 X239.099 Y237.640
G1 X239.245 Y237.493
G1 X239.392 Y237.493
G1 X239.538 Y237.347
G1 X239.831 Y237.347
G1 X239.977 Y237.201
G1 X241.149 Y237.201
G1 X241.295 Y237.054
G1 X242.759 Y237.054
G1 X242.905 Y237.201
G1 X243.784 Y237.201
G1 X243.930 Y237.347
G1 X244.077 Y237.347
G1 X244.223 Y237.493
G1 X249.933 Y237.493
G1 X250.079 Y237.347
G1 X250.226 Y237.201
G1 X251.104 Y237.201
G1 X251.250 Y237.054
G1 X251.836 Y237.054
G1 X251.982 Y236.908
G1 X252.568 Y236.908
G1 X252.714 Y236.761
G1 X253.154 Y236.761
G1 X253.300 Y236.615
G1 X253.739 Y236.615
G1 X253.886 Y236.469
G1 X254.325 Y236.469
G1 X254.471 Y236.322
G1 X255.057 Y236.322
G1 X255.203 Y236.176
G1 X255.789 Y236.176
G1 X255.935 Y236.029
G1 X256.375 Y236.029
G1 X256.521 Y235.883
G1 X257.107 Y235.883
G1 X257.253 Y235.737
G1 X257.985 Y235.737
G1 X258.131 Y235.590
G1 X258.571 Y235.590
G1 X258.717 Y235.444
G1 X259.449 Y235.444
G1 X259.595 Y235.297
G1 X260.913 Y235.297
G1 X261.059 Y235.151
G1 X261.206 Y235.151
G1 X261.352 Y235.297
G1 X261.645 Y235.297
G1 X261.791 Y235.444
G1 X261.645 Y235.590
G1 X261.499 Y235.737
G1 X261.352 Y235.883
G1 X260.913 Y236.322
G1 X260.913 Y236.761
G1 X260.767 Y236.908
G1 X260.767 Y237.347
G1 X260.620 Y237.493
G1 X260.620 Y237.640
G1 X260.181 Y238.079
G1 X260.181 Y238.225
G1 X260.035 Y238.372
G1 X259.888 Y238.518
G1 X259.742 Y238.665
G1 X259.742 Y238.811
G1 X259.595 Y238.957
G1 X259.449 Y239.104
G1 X259.010 Y239.543
G1 X258.863 Y239.689
G1 X258.717 Y239.836
G1 X258.571 Y239.982
G1 X258.571 Y240.129
G1 X258.424 Y240.275
G1 X257.985 Y240.714
G1 X257.839 Y240.861
G1 X257.692 Y240.861
G1 X257.399 Y241.154
G1 X257.253 Y241.154
G1 X257.107 Y241.300
G1 X256.960 Y241.300
G1 X256.667 Y241.593
G1 X256.521 Y241.593
G1 X256.375 Y241.739
G1 X256.082 Y241.739
G1 X255.935 Y241.886
G1 X255.789 Y241.886
G1 X255.643 Y242.032
G1 X255.057 Y242.032
G1 X254.910 Y242.178
G1 X254.764 Y242.325
G1 X253.739 Y242.325
G1 X253.593 Y242.471
G1 X252.861 Y242.471
G1 X252.714 Y242.618
G1 X251.690 Y242.618
G1 X251.543 Y242.764
G1 X243.491 Y242.764
G1 X243.345 Y242.618
G1 X243.052 Y242.618
G1 X242.905 Y242.471
G1 X242.466 Y242.471
G1 X242.320 Y242.325
G1 X242.173 Y242.325
G1 X242.027 Y242.178
G1 X241.881 Y242.178
G1 X241.734 Y242.032
G1 X241.441 Y242.032
G1 X241.295 Y241.886
G1 X240.856 Y241.886
G1 X240.709 Y241.739
G1 X240.417 Y241.739
G1 X240.270 Y241.593
G1 X239.684 Y241.593
G1 X239.538 Y241.446
G1 X238.952 Y241.446
G1 X239.538 Y241.446
G1 X239.684 Y241.593
G1 X240.270 Y241.593
G1 X240.417 Y241.739
G1 X240.709 Y241.739
G1 X240.856 Y241.886
G1 X241.295 Y241.886
G1 X241.441 Y242.032
G1 X241.734 Y242.032
G1 X241.881 Y242.178
G1 X242.027 Y242.178
G1 X242.173 Y242.325
G1 X242.320 Y242.325
G1 X242.466 Y242.471
G1 X242.905 Y242.471
G1 X243.052 Y242.618
G1 X243.345 Y242.618
G1 X243.491 Y242.764
G1 X251.543 Y242.764
G1 X251.690 Y242.618
G1 X252.714 Y242.618
G1 X252.861 Y242.471
G1 X253.593 Y242.471
G1 X253.739 Y242.325
G1 X254.764 Y242.325
G1 X254.910 Y242.178
G1 X255.057 Y242.032
G1 X255.643 Y242.032
G1 X255.789 Y241.886
G1 X255.935 Y241.886
G1 X256.082 Y241.739
G1 X256.375 Y241.739
G1 X256.521 Y241.593
G1 X256.667 Y241.593
G1 X256.960 Y241.300
G1 X257.107 Y241.300
G1 X257.253 Y241.154
G1 X257.399 Y241.154
G1 X257.692 Y240.861
G1 X257.839 Y240.861
G1 X257.985 Y240.714
G1 X258.424 Y240.275
G1 X258.571 Y240.129
G1 X258.571 Y239.982
G1 X258.717 Y239.836
G1 X258.863 Y239.689
G1 X259.010 Y239.543
G1 X259.449 Y239.104
G1 X259.595 Y238.957
G1 X259.742 Y238.811
G1 X259.742 Y238.665
G1 X259.888 Y238.518
G1 X260.035 Y238.372
G1 X260.181 Y238.225
G1 X260.181 Y238.079
G1 X260.620 Y237.640
G1 X260.620 Y237.493
G1 X260.767 Y237.347
G1 X260.767 Y236.908
G1 X260.913 Y236.761
G1 X260.913 Y236.322
G1 X261.352 Y235.883
G1 X261.499 Y235.737
G1 X261.645 Y235.590
G1 X261.791 Y235.444
G1 X262.231 Y235.444
G1 X262.377 Y235.590
G1 X262.523 Y235.737
G1 X262.670 Y235.883
G1 X262.816 Y236.029
G1 X262.816 Y236.176
G1 X262.963 Y236.322
G1 X262.963 Y236.761
G1 X263.109 Y236.908
G1 X263.109 Y237.347
G1 X263.256 Y237.493
G1 X263.402 Y237.640
G1 X263.402 Y237.786
G1 X263.548 Y237.933
G1 X263.695 Y238.079
G1 X263.695 Y238.225
G1 X263.841 Y238.372
G1 X263.988 Y238.518
G1 X263.988 Y238.665
G1 X265.159 Y239.836
G1 X265.159 Y239.982
G1 X265.305 Y240.129
G1 X265.452 Y240.275
G1 X265.598 Y240.421
G1 X265.744 Y240.568
G1 X265.891 Y240.714
G1 X266.037 Y240.861
G1 X266.184 Y240.861
G1 X266.330 Y241.007
G1 X266.476 Y241.154
G1 X266.623 Y241.154
G1 X266.769 Y241.300
G1 X266.916 Y241.300
G1 X267.062 Y241.446
G1 X267.208 Y241.446
G1 X267.355 Y241.593
G1 X267.501 Y241.593
G1 X267.648 Y241.739
G1 X267.794 Y241.739
G1 X267.940 Y241.886
G1 X268.380 Y241.886
G1 X268.526 Y242.032
G1 X268.819 Y242.032
G1 X268.965 Y242.178
G1 X269.112 Y242.178
G1 X269.258 Y242.325
G1 X269.990 Y242.325
G1 X270.136 Y242.471
G1 X271.015 Y242.471
G1 X271.161 Y242.618
G1 X272.479 Y242.618
G1 X272.625 Y242.764
G1 X274.675 Y242.764
G1 X274.821 Y242.910
G1 X279.653 Y242.910
G1 X279.799 Y242.764
G1 X281.410 Y242.764
G1 X281.556 Y242.618
G1 X282.142 Y242.618
G1 X282.288 Y242.471
G1 X283.459 Y242.471
G1 X283.606 Y242.325
G1 X284.630 Y242.325
G1 X284.630 Y242.618
G1 X285.509 Y242.618
G1 X285.655 Y242.471
G1 X285.948 Y242.471
G1 X286.095 Y242.325
G1 X286.534 Y242.325
G1 X286.680 Y242.178
G1 X287.266 Y242.178
G1 X287.412 Y242.032
G1 X287.559 Y241.886
G1 X289.608 Y241.886
G1 X289.755 Y241.739
G1 X290.047 Y241.739
G1 X290.194 Y241.593
G1 X290.340 Y241.739
G1 X290.194 Y241.739
G1 X290.340 Y241.739
G1 X290.194 Y241.593
G1 X290.047 Y241.739
G1 X289.755 Y241.739
G1 X289.608 Y241.886
G1 X287.559 Y241.886
G1 X287.412 Y242.032
G1 X287.266 Y242.178
G1 X286.680 Y242.178
G1 X286.534 Y242.325
G1 X286.095 Y242.325
G1 X285.948 Y242.471
G1 X285.655 Y242.471
G1 X285.509 Y242.618
G1 X284.777 Y242.618
G1 X284.777 Y242.764
G1 X284.630 Y242.910
G1 X284.630 Y243.350
G1 X284.484 Y243.496
G1 X284.484 Y243.935
G1 X284.338 Y244.082
G1 X284.338 Y244.374
G1 X284.191 Y244.521
G1 X284.191 Y244.814
G1 X284.045 Y244.960
G1 X283.898 Y245.106
G1 X283.752 Y245.253
G1 X283.313 Y245.692
G1 X283.166 Y245.838
G1 X283.020 Y245.985
G1 X282.581 Y246.424
G1 X282.434 Y246.570
G1 X282.288 Y246.717
G1 X281.849 Y247.156
G1 X281.702 Y247.302
G1 X281.556 Y247.449
G1 X281.117 Y247.888
G1 X280.970 Y248.034
G1 X280.824 Y248.181
G1 X280.678 Y248.327
G1 X280.678 Y248.913
G1 X280.824 Y249.059
G1 X280.824 Y249.791
G1 X280.970 Y249.938
G1 X280.970 Y251.402
G1 X281.117 Y251.548
G1 X281.117 Y253.159
G1 X281.263 Y253.305
G1 X281.263 Y254.183
G1 X281.410 Y254.330
G1 X281.410 Y255.062
G1 X281.263 Y255.208
G1 X281.117 Y255.208
G1 X280.824 Y255.501
G1 X280.678 Y255.501
G1 X280.531 Y255.647
G1 X280.385 Y255.794
G1 X280.238 Y255.940
G1 X280.092 Y256.087
G1 X279.653 Y256.526
G1 X279.506 Y256.672
G1 X279.506 Y256.819
G1 X279.360 Y256.965
G1 X279.214 Y257.112
G1 X279.067 Y257.258
G1 X278.774 Y257.551
G1 X278.774 Y257.844
G1 X278.628 Y257.990
G1 X278.628 Y258.136
G1 X278.482 Y258.283
G1 X278.335 Y258.429
G1 X278.189 Y258.576
G1 X278.189 Y258.722
G1 X278.335 Y258.868
G1 X278.335 Y259.308
G1 X278.482 Y259.454
G1 X278.628 Y259.600
G1 X278.628 Y259.893
G1 X278.774 Y260.040
G1 X278.921 Y260.186
G1 X278.921 Y260.479
G1 X279.067 Y260.625
G1 X279.067 Y260.772
G1 X279.214 Y260.918
G1 X279.214 Y261.357
G1 X279.360 Y261.504
G1 X279.360 Y261.796
G1 X279.506 Y261.943
G1 X279.506 Y262.236
G1 X279.653 Y262.382
G1 X279.653 Y263.114
G1 X279.506 Y263.260
G1 X279.506 Y263.700
G1 X279.360 Y263.846
G1 X279.360 Y264.285
G1 X279.214 Y264.432
G1 X279.067 Y264.578
G1 X279.067 Y264.725
G1 X278.921 Y264.871
G1 X278.921 Y265.017
G1 X278.628 Y265.310
G1 X278.482 Y265.457
G1 X278.335 Y265.603
G1 X278.042 Y265.896
G1 X277.896 Y265.896
G1 X277.749 Y266.042
G1 X277.603 Y266.189
G1 X277.457 Y266.189
G1 X277.310 Y266.335
G1 X277.017 Y266.335
G1 X276.871 Y266.481
G1 X276.578 Y266.481
G1 X276.432 Y266.628
G1 X275.846 Y266.628
G1 X275.700 Y266.774
G1 X274.529 Y266.774
G1 X274.382 Y266.921
G1 X273.943 Y266.921
G1 X273.797 Y266.774
G1 X273.065 Y266.774
G1 X272.918 Y266.628
G1 X272.479 Y266.628
G1 X272.333 Y266.481
G1 X272.186 Y266.481
G1 X272.040 Y266.335
G1 X271.893 Y266.335
G1 X271.747 Y266.189
G1 X271.601 Y266.189
G1 X270.429 Y265.017
G1 X270.429 Y264.725
G1 X270.283 Y264.578
G1 X270.283 Y264.139
G1 X270.136 Y263.993
G1 X270.136 Y263.553
G1 X269.990 Y263.407
G1 X269.990 Y261.650
G1 X270.136 Y261.504
G1 X270.136 Y260.040
G1 X270.283 Y259.893
G1 X270.283 Y259.308
G1 X270.429 Y259.161
G1 X270.429 Y259.015
G1 X270.576 Y258.868
G1 X270.576 Y258.576
G1 X270.722 Y258.429
G1 X270.869 Y258.283
G1 X270.869 Y258.136
G1 X271.308 Y257.697
G1 X271.454 Y257.697
G1 X271.601 Y257.551
G1 X271.893 Y257.551
G1 X272.040 Y257.404
G1 X272.333 Y257.404
G1 X272.479 Y257.258
G1 X272.918 Y257.258
G1 X273.065 Y257.404
G1 X274.529 Y257.404
G1 X274.675 Y257.551
G1 X274.968 Y257.551
G1 X275.114 Y257.697
G1 X275.407 Y257.697
G1 X275.553 Y257.844
G1 X275.846 Y257.844
G1 X275.993 Y257.990
G1 X276.285 Y257.990
G1 X276.432 Y258.136
G1 X276.578 Y258.136
G1 X276.725 Y258.283
G1 X277.164 Y258.283
G1 X277.310 Y258.429
G1 X277.749 Y258.429
G1 X277.896 Y258.576
G1 X278.042 Y258.576
G1 X277.896 Y258.576
G1 X277.749 Y258.429
G1 X277.310 Y258.429
G1 X277.164 Y258.283
G1 X276.725 Y258.283
G1 X276.578 Y258.136
G1 X276.432 Y258.136
G1 X276.285 Y257.990
G1 X275.993 Y257.990
G1 X275.846 Y257.844
G1 X275.553 Y257.844
G1 X275.407 Y257.697
G1 X275.114 Y257.697
G1 X274.968 Y257.551
G1 X274.675 Y257.551
G1 X274.529 Y257.404
G1 X273.065 Y257.404
G1 X272.918 Y257.258
G1 X272.479 Y257.258
G1 X272.333 Y257.404
G1 X272.040 Y257.404
G1 X271.893 Y257.551
G1 X271.601 Y257.551
G1 X271.454 Y257.697
G1 X271.308 Y257.697
G1 X270.869 Y258.136
G1 X270.869 Y258.283
G1 X270.722 Y258.429
G1 X270.576 Y258.576
G1 X270.576 Y258.868
G1 X270.429 Y259.015
G1 X270.429 Y259.161
G1 X270.283 Y259.308
G1 X270.283 Y259.893
G1 X270.136 Y260.040
G1 X270.136 Y261.504
G1 X269.990 Y261.650
G1 X269.990 Y263.407
G1 X270.136 Y263.553
G1 X270.136 Y263.993
G1 X270.283 Y264.139
G1 X270.283 Y264.578
G1 X270.429 Y264.725
G1 X270.429 Y265.017
G1 X271.601 Y266.189
G1 X271.747 Y266.189
G1 X271.893 Y266.335
G1 X272.040 Y266.335
G1 X272.186 Y266.481
G1 X272.333 Y266.481
G1 X272.479 Y266.628
G1 X272.918 Y266.628
G1 X273.065 Y266.774
G1 X273.797 Y266.774
G1 X273.943 Y266.921
G1 X274.382 Y266.921
G1 X274.529 Y266.774
G1 X275.700 Y266.774
G1 X275.846 Y266.628
G1 X276.432 Y266.628
G1 X276.578 Y266.481
G1 X276.871 Y266.481
G1 X277.017 Y266.335
G1 X277.310 Y266.335
G1 X277.457 Y266.189
G1 X277.603 Y266.189
G1 X277.749 Y266.042
G1 X277.896 Y265.896
G1 X278.042 Y265.896
G1 X278.335 Y265.603
G1 X278.482 Y265.457
G1 X278.628 Y265.310
G1 X278.921 Y265.017
G1 X278.921 Y264.871
G1 X279.067 Y264.725
G1 X279.067 Y264.578
G1 X279.214 Y264.432
G1 X279.360 Y264.285
G1 X279.360 Y263.846
G1 X279.506 Y263.700
G1 X279.506 Y263.260
G1 X279.653 Y263.114
G1 X279.653 Y262.528
G1 X279.799 Y262.528
G1 X279.946 Y262.382
G1 X280.092 Y262.382
G1 X280.238 Y262.236
G1 X280.385 Y262.236
G1 X280.531 Y262.089
G1 X280.824 Y262.089
G1 X280.970 Y261.943
G1 X281.849 Y261.943
G1 X281.995 Y261.796
G1 X282.142 Y261.796
G1 X282.288 Y261.650
G1 X282.434 Y261.650
G1 X282.581 Y261.504
G1 X282.727 Y261.504
G1 X282.874 Y261.357
G1 X283.020 Y261.357
G1 X282.874 Y261.357
G1 X282.727 Y261.504
G1 X282.581 Y261.504
G1 X282.434 Y261.650
G1 X282.288 Y261.650
G1 X282.142 Y261.796
G1 X281.995 Y261.796
G1 X281.849 Y261.943
G1 X280.970 Y261.943
G1 X280.824 Y262.089
G1 X280.531 Y262.089
G1 X280.385 Y262.236
G1 X280.238 Y262.236
G1 X280.092 Y262.382
G1 X279.946 Y262.382
G1 X279.799 Y262.528
G1 X279.653 Y262.528
G1 X279.653 Y262.382
G1 X279.506 Y262.236
G1 X279.506 Y261.943
G1 X279.360 Y261.796
G1 X279.360 Y261.504
G1 X279.214 Y261.357
G1 X279.214 Y260.918
G1 X279.067 Y260.772
G1 X279.067 Y260.625
G1 X278.921 Y260.479
G1 X278.921 Y260.186
G1 X278.774 Y260.040
G1 X278.628 Y259.893
G1 X278.628 Y259.600
G1 X278.482 Y259.454
G1 X278.335 Y259.308
G1 X278.335 Y258.868
G1 X278.189 Y258.722
G1 X278.189 Y258.576
G1 X278.042 Y258.576
G1 X278.189 Y258.576
G1 X278.335 Y258.429
G1 X278.482 Y258.283
G1 X278.628 Y258.136
G1 X278.628 Y257.990
G1 X278.774 Y257.844
G1 X278.774 Y257.551
G1 X279.067 Y257.258
G1 X279.214 Y257.112
G1 X279.360 Y256.965
G1 X279.506 Y256.819
G1 X279.506 Y256.672
G1 X279.653 Y256.526
G1 X280.092 Y256.087
G1 X280.238 Y255.940
G1 X280.385 Y255.794
G1 X280.531 Y255.647
G1 X280.678 Y255.501
G1 X280.824 Y255.501
G1 X281.117 Y255.208
G1 X281.263 Y255.208
G1 X281.410 Y255.062
G1 X281.556 Y255.062
G1 X281.410 Y255.062
G1 X281.410 Y254.915
G1 X281.556 Y254.915
G1 X281.702 Y255.062
G1 X281.849 Y255.208
G1 X281.995 Y255.355
G1 X282.142 Y255.501
G1 X282.142 Y255.647
G1 X282.288 Y255.794
G1 X282.288 Y256.087
G1 X282.434 Y256.233
G1 X282.434 Y256.526
G1 X282.581 Y256.672
G1 X282.581 Y257.112
G1 X282.727 Y257.258
G1 X282.727 Y257.404
G1 X282.874 Y257.551
G1 X282.874 Y258.868
G1 X283.020 Y259.015
G1 X283.020 Y260.479
G1 X282.874 Y260.625
G1 X282.874 Y260.918
G1 X283.020 Y261.064
G1 X283.020 Y261.357
G1 X283.166 Y261.504
G1 X283.313 Y261.650
G1 X283.459 Y261.796
G1 X283.459 Y264.725
G1 X283.606 Y264.871
G1 X283.606 Y272.191
G1 X283.459 Y272.338
G1 X283.459 Y273.216
G1 X283.313 Y273.362
G1 X283.313 Y273.655
G1 X283.166 Y273.802
G1 X283.166 Y273.948
G1 X283.020 Y274.094
G1 X283.020 Y274.387
G1 X282.874 Y274.534
G1 X282.874 Y274.680
G1 X282.727 Y274.826
G1 X282.727 Y275.119
G1 X282.874 Y275.266
G1 X282.874 Y276.290
G1 X283.020 Y276.437
G1 X283.020 Y276.730
G1 X282.874 Y276.876
G1 X282.874 Y277.462
G1 X283.020 Y277.608
G1 X283.020 Y278.340
G1 X282.874 Y278.486
G1 X282.874 Y279.365
G1 X282.727 Y279.511
G1 X282.727 Y280.536
G1 X282.581 Y280.683
G1 X282.581 Y281.707
G1 X282.434 Y281.854
G1 X282.434 Y282.732
G1 X282.288 Y282.879
G1 X282.288 Y283.611
G1 X282.142 Y283.757
G1 X282.142 Y284.196
G1 X281.849 Y284.489
G1 X281.702 Y284.489
G1 X281.556 Y284.635
G1 X281.410 Y284.635
G1 X281.263 Y284.782
G1 X281.117 Y284.782
G1 X280.970 Y284.928
G1 X280.824 Y284.928
G1 X280.678 Y285.075
G1 X280.385 Y285.075
G1 X280.238 Y285.221
G1 X280.092 Y285.221
G1 X279.946 Y285.367
G1 X279.799 Y285.367
G1 X279.653 Y285.514
G1 X279.506 Y285.514
G1 X279.360 Y285.660
G1 X278.921 Y285.660
G1 X278.921 Y286.246
G1 X278.774 Y286.392
G1 X278.774 Y286.832
G1 X278.628 Y286.978
G1 X278.628 Y287.271
G1 X278.482 Y287.417
G1 X278.482 Y287.710
G1 X278.335 Y287.856
G1 X278.335 Y288.003
G1 X278.042 Y288.296
G1 X277.896 Y288.296
G1 X277.749 Y288.442
G1 X277.749 Y288.881
G1 X277.603 Y289.028
G1 X277.603 Y289.174
G1 X277.457 Y289.320
G1 X277.457 Y289.613
G1 X277.310 Y289.760
G1 X277.310 Y290.052
G1 X277.164 Y290.199
G1 X277.164 Y290.492
G1 X277.017 Y290.638
G1 X276.871 Y290.784
G1 X276.725 Y290.931
G1 X276.578 Y291.077
G1 X276.432 Y291.224
G1 X276.285 Y291.224
G1 X276.139 Y291.370
G1 X275.993 Y291.370
G1 X275.846 Y291.516
G1 X275.700 Y291.516
G1 X275.407 Y291.809
G1 X275.261 Y291.809
G1 X274.968 Y292.102
G1 X274.821 Y292.248
G1 X274.382 Y292.248
G1 X274.236 Y292.395
G1 X273.943 Y292.395
G1 X273.797 Y292.541
G1 X273.211 Y292.541
G1 X273.065 Y292.688
G1 X272.479 Y292.688
G1 X272.479 Y293.127
G1 X272.333 Y293.273
G1 X272.333 Y293.566
G1 X272.186 Y293.712
G1 X272.186 Y293.859
G1 X272.040 Y294.005
G1 X272.040 Y294.152
G1 X271.893 Y294.298
G1 X271.747 Y294.445
G1 X271.747 Y294.591
G1 X271.601 Y294.737
G1 X271.601 Y294.884
G1 X271.454 Y295.030
G1 X271.308 Y295.177
G1 X271.161 Y295.323
G1 X271.015 Y295.469
G1 X270.869 Y295.616
G1 X270.722 Y295.762
G1 X270.722 Y295.909
G1 X270.576 Y296.055
G1 X270.429 Y296.201
G1 X270.283 Y296.348
G1 X270.283 Y296.494
G1 X269.404 Y297.373
G1 X269.258 Y297.373
G1 X269.112 Y297.519
G1 X268.819 Y297.519
G1 X268.672 Y297.665
G1 X268.087 Y297.665
G1 X268.087 Y298.105
G1 X267.940 Y298.251
G1 X267.940 Y298.544
G1 X267.794 Y298.690
G1 X267.794 Y299.129
G1 X267.648 Y299.276
G1 X267.648 Y299.569
G1 X267.501 Y299.715
G1 X267.501 Y299.861
G1 X267.355 Y300.008
G1 X267.208 Y300.154
G1 X267.208 Y300.301
G1 X266.916 Y300.593
G1 X266.916 Y300.740
G1 X266.769 Y300.886
G1 X266.623 Y301.033
G1 X266.476 Y301.179
G1 X266.476 Y301.326
G1 X264.720 Y303.082
G1 X264.573 Y303.082
G1 X264.427 Y303.229
G1 X264.280 Y303.375
G1 X264.134 Y303.375
G1 X263.988 Y303.522
G1 X263.548 Y303.522
G1 X263.402 Y303.668
G1 X262.670 Y303.668
G1 X262.523 Y303.814
G1 X262.523 Y304.986
G1 X261.499 Y304.986
G1 X263.695 Y304.986
G1 X262.523 Y304.986
G1 X262.523 Y303.814
G1 X262.377 Y303.668
G1 X261.938 Y303.668
G1 X261.791 Y303.522
G1 X261.059 Y303.522
G1 X260.913 Y303.375
G1 X260.767 Y303.375
G1 X260.620 Y303.229
G1 X260.474 Y303.229
G1 X260.181 Y302.936
G1 X260.035 Y302.936
G1 X259.888 Y302.790
G1 X259.742 Y302.643
G1 X259.595 Y302.497
G1 X259.449 Y302.350
G1 X259.303 Y302.204
G1 X259.156 Y302.058
G1 X259.010 Y301.911
G1 X258.863 Y301.765
G1 X258.717 Y301.618
G1 X258.278 Y301.179
G1 X258.131 Y301.033
G1 X257.985 Y300.886
G1 X257.985 Y300.740
G1 X257.839 Y300.593
G1 X257.692 Y300.447
G1 X257.692 Y300.154
G1 X257.546 Y300.008
G1 X257.546 Y299.861
G1 X257.399 Y299.715
G1 X257.399 Y299.276
G1 X257.253 Y299.129
G1 X257.253 Y298.983
G1 X257.107 Y298.837
G1 X257.107 Y298.397
G1 X257.107 Y298.837
G1 X257.253 Y298.983
G1 X257.253 Y299.129
G1 X257.399 Y299.276
G1 X257.399 Y299.715
G1 X257.546 Y299.861
G1 X257.546 Y300.008
G1 X257.692 Y300.154
G1 X257.692 Y300.447
G1 X257.839 Y300.593
G1 X257.985 Y300.740
G1 X257.985 Y300.886
G1 X258.131 Y301.033
G1 X258.278 Y301.179
G1 X258.717 Y301.618
G1 X258.863 Y301.765
G1 X259.010 Y301.911
G1 X259.156 Y302.058
G1 X259.303 Y302.204
G1 X259.449 Y302.350
G1 X259.595 Y302.497
G1 X259.742 Y302.643
G1 X259.888 Y302.790
G1 X260.035 Y302.936
G1 X260.181 Y302.936
G1 X260.474 Y303.229
G1 X260.620 Y303.229
G1 X260.767 Y303.375
G1 X260.913 Y303.375
G1 X261.059 Y303.522
G1 X261.791 Y303.522
G1 X261.938 Y303.668
G1 X262.377 Y303.668
G1 X262.523 Y303.814
G1 X262.670 Y303.668
G1 X262.523 Y303.668
G1 X263.402 Y303.668
G1 X263.548 Y303.522
G1 X263.988 Y303.522
G1 X264.134 Y303.375
G1 X264.280 Y303.375
G1 X264.427 Y303.229
G1 X264.573 Y303.082
G1 X264.720 Y303.082
G1 X266.476 Y301.326
G1 X266.476 Y301.179
G1 X266.623 Y301.033
G1 X266.769 Y300.886
G1 X266.916 Y300.740
G1 X266.916 Y300.593
G1 X267.208 Y300.301
G1 X267.208 Y300.154
G1 X267.355 Y300.008
G1 X267.501 Y299.861
G1 X267.501 Y299.715
G1 X267.648 Y299.569
G1 X267.648 Y299.276
G1 X267.794 Y299.129
G1 X267.794 Y298.690
G1 X267.940 Y298.544
G1 X267.940 Y298.251
G1 X268.087 Y298.105
G1 X268.087 Y297.665
G1 X267.940 Y297.665
G1 X267.794 Y297.519
G1 X261.352 Y297.519
G1 X261.206 Y297.665
G1 X260.035 Y297.665
G1 X259.888 Y297.812
G1 X257.692 Y297.812
G1 X257.107 Y298.397
G1 X256.960 Y298.251
G1 X256.667 Y298.251
G1 X256.521 Y298.105
G1 X256.375 Y298.105
G1 X255.935 Y297.665
G1 X255.789 Y297.665
G1 X255.643 Y297.519
G1 X255.496 Y297.373
G1 X255.350 Y297.226
G1 X255.203 Y297.080
G1 X255.057 Y296.933
G1 X254.910 Y296.787
G1 X254.764 Y296.641
G1 X254.618 Y296.494
G1 X254.471 Y296.348
G1 X254.325 Y296.201
G1 X254.178 Y296.055
G1 X254.032 Y295.909
G1 X253.886 Y295.762
G1 X253.739 Y295.616
G1 X253.739 Y295.469
G1 X253.593 Y295.323
G1 X253.446 Y295.177
G1 X253.446 Y295.030
G1 X253.300 Y294.884
G1 X253.154 Y294.737
G1 X253.154 Y294.591
G1 X253.007 Y294.445
G1 X252.861 Y294.298
G1 X252.861 Y294.152
G1 X252.568 Y293.859
G1 X252.568 Y293.712
G1 X252.422 Y293.566
G1 X252.422 Y293.273
G1 X252.275 Y293.127
G1 X252.275 Y292.688
G1 X252.422 Y292.688
G1 X252.275 Y292.688
G1 X252.275 Y293.127
G1 X252.422 Y293.273
G1 X252.422 Y293.566
G1 X252.568 Y293.712
G1 X252.568 Y293.859
G1 X252.861 Y294.152
G1 X252.861 Y294.298
G1 X253.007 Y294.445
G1 X253.154 Y294.591
G1 X253.154 Y294.737
G1 X253.300 Y294.884
G1 X253.446 Y295.030
G1 X253.446 Y295.177
G1 X253.593 Y295.323
G1 X253.739 Y295.469
G1 X253.739 Y295.616
G1 X253.886 Y295.762
G1 X254.032 Y295.909
G1 X254.178 Y296.055
G1 X254.325 Y296.201
G1 X254.471 Y296.348
G1 X254.618 Y296.494
G1 X254.764 Y296.641
G1 X254.910 Y296.787
G1 X255.057 Y296.933
G1 X255.203 Y297.080
G1 X255.350 Y297.226
G1 X255.496 Y297.373
G1 X255.643 Y297.519
G1 X255.789 Y297.665
G1 X255.935 Y297.665
G1 X256.375 Y298.105
G1 X256.521 Y298.105
G1 X256.667 Y298.251
G1 X256.960 Y298.251
G1 X257.107 Y298.397
G1 X257.692 Y297.812
G1 X259.888 Y297.812
G1 X260.035 Y297.665
G1 X261.206 Y297.665
G1 X261.352 Y297.519
G1 X267.794 Y297.519
G1 X267.940 Y297.665
G1 X268.672 Y297.665
G1 X268.819 Y297.519
G1 X269.112 Y297.519
G1 X269.258 Y297.373
G1 X269.404 Y297.373
G1 X270.283 Y296.494
G1 X270.283 Y296.348
G1 X270.429 Y296.201
G1 X270.576 Y296.055
G1 X270.722 Y295.909
G1 X270.722 Y295.762
G1 X270.869 Y295.616
G1 X271.015 Y295.469
G1 X271.161 Y295.323
G1 X271.308 Y295.177
G1 X271.454 Y295.030
G1 X271.601 Y294.884
G1 X271.601 Y294.737
G1 X271.747 Y294.591
G1 X271.747 Y294.445
G1 X271.893 Y294.298
G1 X272.040 Y294.152
G1 X272.040 Y294.005
G1 X272.186 Y293.859
G1 X272.186 Y293.712
G1 X272.333 Y293.566
G1 X272.333 Y293.273
G1 X272.479 Y293.127
G1 X272.479 Y292.688
G1 X272.333 Y292.541
G1 X272.186 Y292.395
G1 X272.186 Y291.663
G1 X272.040 Y291.516
G1 X272.040 Y289.613
G1 X271.893 Y289.467
G1 X271.893 Y288.003
G1 X271.747 Y287.856
G1 X271.747 Y285.221
G1 X271.893 Y285.075
G1 X271.893 Y283.757
G1 X272.040 Y283.611
G1 X272.040 Y283.318
G1 X272.186 Y283.171
G1 X272.186 Y282.732
G1 X272.333 Y282.586
G1 X272.333 Y282.147
G1 X272.479 Y282.000
G1 X272.479 Y281.707
G1 X272.625 Y281.561
G1 X272.625 Y281.415
G1 X272.772 Y281.268
G1 X272.772 Y281.122
G1 X272.918 Y280.975
G1 X272.918 Y280.829
G1 X273.065 Y280.683
G1 X273.065 Y280.390
G1 X273.211 Y280.243
G1 X273.211 Y280.097
G1 X273.357 Y279.951
G1 X273.357 Y279.804
G1 X273.504 Y279.658
G1 X273.504 Y279.365
G1 X273.797 Y279.072
G1 X273.943 Y279.072
G1 X274.089 Y278.926
G1 X274.382 Y278.926
G1 X274.529 Y278.779
G1 X274.821 Y278.779
G1 X274.529 Y278.779
G1 X274.382 Y278.926
G1 X274.089 Y278.926
G1 X273.943 Y279.072
G1 X273.797 Y279.072
G1 X273.504 Y279.365
G1 X273.504 Y279.658
G1 X273.357 Y279.804
G1 X273.357 Y279.951
G1 X273.211 Y280.097
G1 X273.211 Y280.243
G1 X273.065 Y280.390
G1 X273.065 Y280.683
G1 X272.918 Y280.829
G1 X272.918 Y280.975
G1 X272.772 Y281.122
G1 X272.772 Y281.268
G1 X272.625 Y281.415
G1 X272.625 Y281.561
G1 X272.479 Y281.707
G1 X272.479 Y282.000
G1 X272.333 Y282.147
G1 X272.333 Y282.586
G1 X272.186 Y282.732
G1 X272.186 Y283.171
G1 X272.040 Y283.318
G1 X272.040 Y283.611
G1 X271.893 Y283.757
G1 X271.893 Y285.075
G1 X271.747 Y285.221
G1 X271.747 Y287.856
G1 X271.893 Y288.003
G1 X271.893 Y289.467
G1 X272.040 Y289.613
G1 X272.040 Y291.516
G1 X272.186 Y291.663
G1 X272.186 Y292.395
G1 X272.333 Y292.541
G1 X272.479 Y292.688
G1 X273.065 Y292.688
G1 X273.211 Y292.541
G1 X273.797 Y292.541
G1 X273.943 Y292.395
G1 X274.236 Y292.395
G1 X274.382 Y292.248
G1 X274.821 Y292.248
G1 X274.968 Y292.102
G1 X275.261 Y291.809
G1 X275.407 Y291.809
G1 X275.700 Y291.516
G1 X275.846 Y291.516
G1 X275.993 Y291.370
G1 X276.139 Y291.370
G1 X276.285 Y291.224
G1 X276.432 Y291.224
G1 X276.578 Y291.077
G1 X276.725 Y290.931
G1 X276.871 Y290.784
G1 X277.017 Y290.638
G1 X277.164 Y290.492
G1 X277.164 Y290.199
G1 X277.310 Y290.052
G1 X277.310 Y289.760
G1 X277.457 Y289.613
G1 X277.457 Y289.320
G1 X277.603 Y289.174
G1 X277.603 Y289.028
G1 X277.749 Y288.881
G1 X277.749 Y288.442
G1 X277.017 Y288.442
G1 X276.871 Y288.296
G1 X276.432 Y288.296
G1 X276.285 Y288.149
G1 X275.993 Y288.149
G1 X275.846 Y288.003
G1 X275.700 Y287.856
G1 X275.553 Y287.710
G1 X275.407 Y287.564
G1 X275.261 Y287.417
G1 X275.261 Y287.271
G1 X274.968 Y286.978
G1 X274.968 Y286.832
G1 X274.821 Y286.685
G1 X274.821 Y286.539
G1 X274.675 Y286.392
G1 X274.675 Y286.099
G1 X274.529 Y285.953
G1 X274.529 Y284.196
G1 X274.675 Y284.050
G1 X274.675 Y282.586
G1 X274.821 Y282.439
G1 X274.821 Y281.707
G1 X274.968 Y281.561
G1 X274.968 Y280.536
G1 X275.261 Y280.243
G1 X274.968 Y280.536
G1 X274.968 Y281.561
G1 X274.821 Y281.707
G1 X274.821 Y282.439
G1 X274.675 Y282.586
G1 X274.675 Y284.050
G1 X274.529 Y284.196
G1 X274.529 Y285.953
G1 X274.675 Y286.099
G1 X274.675 Y286.392
G1 X274.821 Y286.539
G1 X274.821 Y286.685
G1 X274.968 Y286.832
G1 X274.968 Y286.978
G1 X275.261 Y287.271
G1 X275.261 Y287.417
G1 X275.407 Y287.564
G1 X275.553 Y287.710
G1 X275.700 Y287.856
G1 X275.846 Y288.003
G1 X275.993 Y288.149
G1 X276.285 Y288.149
G1 X276.432 Y288.296
G1 X276.871 Y288.296
G1 X277.017 Y288.442
G1 X277.749 Y288.442
G1 X277.896 Y288.296
G1 X277.603 Y288.003
G1 X277.457 Y287.856
G1 X277.310 Y287.710
G1 X277.017 Y287.417
G1 X277.017 Y287.271
G1 X276.725 Y287.271
G1 X276.871 Y287.271
G1 X276.725 Y287.417
G1 X276.725 Y287.271
G1 X276.725 Y287.417
G1 X276.871 Y287.271
G1 X277.017 Y287.271
G1 X276.871 Y287.124
G1 X276.871 Y287.271
G1 X276.871 Y287.124
G1 X277.017 Y287.271
G1 X277.017 Y287.417
G1 X276.871 Y287.417
G1 X277.017 Y287.417
G1 X277.310 Y287.710
G1 X277.457 Y287.856
G1 X277.603 Y288.003
G1 X277.896 Y288.296
G1 X278.042 Y288.296
G1 X278.335 Y288.003
G1 X278.335 Y287.856
G1 X278.482 Y287.710
G1 X278.482 Y287.417
G1 X278.628 Y287.271
G1 X278.628 Y286.978
G1 X278.774 Y286.832
G1 X278.774 Y286.392
G1 X278.921 Y286.246
G1 X278.921 Y285.075
G1 X278.774 Y284.928
G1 X278.774 Y283.757
G1 X278.628 Y283.611
G1 X278.628 Y283.171
G1 X278.482 Y283.025
G1 X278.335 Y282.879
G1 X278.189 Y282.732
G1 X278.042 Y282.586
G1 X277.896 Y282.439
G1 X277.749 Y282.293
G1 X277.603 Y282.147
G1 X277.457 Y282.000
G1 X277.457 Y281.707
G1 X277.310 Y281.561
G1 X277.017 Y281.268
G1 X277.017 Y280.975
G1 X276.871 Y280.829
G1 X276.871 Y280.536
G1 X276.725 Y280.390
G1 X276.725 Y280.243
G1 X276.725 Y280.390
G1 X276.871 Y280.536
G1 X276.871 Y280.829
G1 X277.017 Y280.975
G1 X277.017 Y281.268
G1 X277.310 Y281.561
G1 X277.457 Y281.707
G1 X277.457 Y282.000
G1 X277.603 Y282.147
G1 X277.749 Y282.293
G1 X277.896 Y282.439
G1 X278.042 Y282.586
G1 X278.189 Y282.732
G1 X278.335 Y282.879
G1 X278.482 Y283.025
G1 X278.628 Y283.171
G1 X278.774 Y283.171
G1 X278.921 Y283.025
G1 X279.360 Y282.586
G1 X279.506 Y282.439
G1 X279.653 Y282.293
G1 X279.799 Y282.147
G1 X279.799 Y281.561
G1 X279.946 Y281.415
G1 X279.946 Y280.829
G1 X280.092 Y280.683
G1 X280.092 Y280.536
G1 X280.092 Y280.683
G1 X279.946 Y280.829
G1 X279.946 Y281.415
G1 X279.799 Y281.561
G1 X279.799 Y282.147
G1 X279.653 Y282.293
G1 X279.506 Y282.439
G1 X279.360 Y282.586
G1 X278.921 Y283.025
G1 X278.774 Y283.171
G1 X278.628 Y283.171
G1 X278.628 Y283.611
G1 X278.774 Y283.757
G1 X278.774 Y284.928
G1 X278.921 Y285.075
G1 X278.921 Y285.660
G1 X279.360 Y285.660
G1 X279.506 Y285.514
G1 X279.653 Y285.514
G1 X279.799 Y285.367
G1 X279.946 Y285.367
G1 X280.092 Y285.221
G1 X280.238 Y285.221
G1 X280.385 Y285.075
G1 X280.678 Y285.075
G1 X280.824 Y284.928
G1 X280.970 Y284.928
G1 X281.117 Y284.782
G1 X281.263 Y284.782
G1 X281.410 Y284.635
G1 X281.556 Y284.635
G1 X281.702 Y284.489
G1 X281.849 Y284.489
G1 X282.142 Y284.196
G1 X282.142 Y283.757
G1 X282.288 Y283.611
G1 X282.288 Y282.879
G1 X282.434 Y282.732
G1 X282.434 Y281.854
G1 X282.581 Y281.707
G1 X282.581 Y280.683
G1 X282.727 Y280.536
G1 X282.727 Y279.511
G1 X282.874 Y279.365
G1 X282.874 Y278.486
G1 X283.020 Y278.340
G1 X283.020 Y277.608
G1 X282.874 Y277.462
G1 X282.874 Y276.876
G1 X283.020 Y276.730
G1 X283.020 Y276.437
G1 X282.874 Y276.290
G1 X282.874 Y275.266
G1 X282.727 Y275.119
G1 X282.727 Y274.826
G1 X281.556 Y274.826
G1 X281.410 Y274.973
G1 X280.970 Y274.973
G1 X280.824 Y275.119
G1 X280.238 Y275.119
G1 X280.092 Y275.266
G1 X279.506 Y275.266
G1 X279.360 Y275.412
G1 X278.774 Y275.412
G1 X278.628 Y275.558
G1 X278.189 Y275.558
G1 X278.042 Y275.705
G1 X277.749 Y275.705
G1 X277.603 Y275.851
G1 X277.310 Y275.851
G1 X277.164 Y275.998
G1 X277.017 Y276.144
G1 X276.871 Y276.144
G1 X276.725 Y276.290
G1 X276.578 Y276.290
G1 X276.432 Y276.437
G1 X276.285 Y276.583
G1 X276.139 Y276.583
G1 X275.993 Y276.730
G1 X275.846 Y276.876
G1 X275.407 Y277.315
G1 X275.407 Y277.462
G1 X275.261 Y277.608
G1 X275.261 Y277.754
G1 X274.968 Y278.047
G1 X274.968 Y278.486
G1 X274.821 Y278.633
G1 X274.821 Y278.779
G1 X275.261 Y279.219
G1 X275.261 Y280.243
G1 X276.725 Y280.243
G1 X277.164 Y279.804
G1 X277.310 Y279.804
G1 X277.457 Y279.658
G1 X277.603 Y279.658
G1 X277.749 Y279.511
G1 X278.042 Y279.511
G1 X278.189 Y279.365
G1 X278.628 Y279.365
G1 X278.774 Y279.219
G1 X278.628 Y279.365
G1 X278.189 Y279.365
G1 X278.042 Y279.511
G1 X277.749 Y279.511
G1 X277.603 Y279.658
G1 X277.457 Y279.658
G1 X277.310 Y279.804
G1 X277.164 Y279.804
G1 X276.725 Y280.243
G1 X275.261 Y280.243
G1 X275.261 Y279.219
G1 X274.821 Y278.779
G1 X274.821 Y278.633
G1 X274.968 Y278.486
G1 X274.968 Y278.047
G1 X275.261 Y277.754
G1 X275.261 Y277.608
G1 X275.407 Y277.462
G1 X275.407 Y277.315
G1 X275.846 Y276.876
G1 X275.993 Y276.730
G1 X276.139 Y276.583
G1 X276.285 Y276.583
G1 X276.432 Y276.437
G1 X276.578 Y276.290
G1 X276.725 Y276.290
G1 X276.871 Y276.144
G1 X277.017 Y276.144
G1 X277.164 Y275.998
G1 X277.310 Y275.851
G1 X277.603 Y275.851
G1 X277.749 Y275.705
G1 X278.042 Y275.705
G1 X278.189 Y275.558
G1 X278.628 Y275.558
G1 X278.774 Y275.412
G1 X279.360 Y275.412
G1 X279.506 Y275.266
G1 X280.092 Y275.266
G1 X280.238 Y275.119
G1 X280.824 Y275.119
G1 X280.970 Y274.973
G1 X281.410 Y274.973
G1 X281.556 Y274.826
G1 X282.727 Y274.826
G1 X282.874 Y274.680
G1 X282.874 Y274.534
G1 X283.020 Y274.387
G1 X283.020 Y274.094
G1 X283.166 Y273.948
G1 X283.166 Y273.802
G1 X283.313 Y273.655
G1 X283.313 Y273.362
G1 X283.459 Y273.216
G1 X283.459 Y272.338
G1 X283.606 Y272.191
G1 X283.606 Y269.117
G1 X283.459 Y269.117
G1 X283.606 Y269.117
G1 X283.606 Y268.970
G1 X283.459 Y268.970
G1 X283.313 Y269.117
G1 X283.166 Y269.263
G1 X282.874 Y269.263
G1 X282.727 Y269.409
G1 X282.142 Y269.409
G1 X281.995 Y269.556
G1 X281.410 Y269.556
G1 X281.263 Y269.702
G1 X280.531 Y269.702
G1 X280.385 Y269.849
G1 X279.946 Y269.849
G1 X279.799 Y269.995
G1 X279.506 Y269.995
G1 X279.360 Y270.141
G1 X279.067 Y270.141
G1 X278.921 Y270.288
G1 X278.628 Y270.288
G1 X278.335 Y270.581
G1 X278.042 Y270.581
G1 X277.896 Y270.727
G1 X277.749 Y270.727
G1 X277.603 Y270.873
G1 X277.457 Y270.873
G1 X277.310 Y271.020
G1 X277.164 Y271.020
G1 X277.017 Y271.166
G1 X276.871 Y271.166
G1 X276.725 Y271.313
G1 X276.432 Y271.313
G1 X276.285 Y271.459
G1 X276.139 Y271.606
G1 X275.993 Y271.752
G1 X275.846 Y271.898
G1 X275.700 Y271.898
G1 X275.407 Y272.191
G1 X275.261 Y272.338
G1 X275.114 Y272.484
G1 X274.675 Y272.923
G1 X274.529 Y273.070
G1 X274.382 Y273.216
G1 X274.236 Y273.362
G1 X274.236 Y273.509
G1 X274.089 Y273.655
G1 X273.943 Y273.802
G1 X273.797 Y273.948
G1 X273.650 Y274.094
G1 X273.504 Y274.241
G1 X273.357 Y274.387
G1 X273.357 Y274.534
G1 X273.065 Y274.826
G1 X273.065 Y274.973
G1 X272.918 Y275.119
G1 X272.772 Y275.266
G1 X272.772 Y275.412
G1 X272.625 Y275.558
G1 X272.479 Y275.705
G1 X272.040 Y276.144
G1 X271.893 Y276.144
G1 X271.747 Y276.290
G1 X271.454 Y276.290
G1 X271.308 Y276.437
G1 X271.161 Y276.437
G1 X271.015 Y276.583
G1 X270.576 Y276.583
G1 X270.576 Y276.876
G1 X270.429 Y277.022
G1 X270.429 Y277.315
G1 X270.283 Y277.462
G1 X270.283 Y277.754
G1 X270.136 Y277.901
G1 X270.136 Y278.194
G1 X269.844 Y278.486
G1 X269.844 Y278.779
G1 X269.697 Y278.926
G1 X269.697 Y279.072
G1 X269.551 Y279.219
G1 X269.551 Y279.365
G1 X269.404 Y279.511
G1 X269.258 Y279.658
G1 X268.819 Y280.097
G1 X268.672 Y280.243
G1 X268.526 Y280.390
G1 X268.087 Y280.829
G1 X267.940 Y280.975
G1 X267.794 Y281.122
G1 X267.501 Y281.415
G1 X267.355 Y281.415
G1 X267.208 Y281.561
G1 X267.062 Y281.707
G1 X266.916 Y281.707
G1 X266.769 Y281.854
G1 X266.476 Y281.854
G1 X266.330 Y282.000
G1 X266.037 Y282.000
G1 X265.891 Y282.147
G1 X265.598 Y282.147
G1 X265.452 Y282.293
G1 X259.888 Y282.293
G1 X259.742 Y282.147
G1 X258.863 Y282.147
G1 X258.717 Y282.000
G1 X258.278 Y282.000
G1 X258.131 Y281.854
G1 X257.839 Y281.854
G1 X257.692 Y281.707
G1 X257.546 Y281.707
G1 X257.399 Y281.561
G1 X257.253 Y281.561
G1 X257.107 Y281.415
G1 X256.960 Y281.415
G1 X256.814 Y281.268
G1 X256.667 Y281.122
G1 X256.521 Y280.975
G1 X256.375 Y280.829
G1 X256.228 Y280.683
G1 X256.082 Y280.536
G1 X255.935 Y280.390
G1 X255.789 Y280.243
G1 X255.643 Y280.097
G1 X255.496 Y279.951
G1 X255.350 Y279.804
G1 X255.203 Y279.658
G1 X255.057 Y279.511
G1 X254.910 Y279.365
G1 X254.910 Y279.219
G1 X254.764 Y279.072
G1 X254.764 Y278.926
G1 X254.618 Y278.779
G1 X254.618 Y278.633
G1 X254.325 Y278.340
G1 X254.325 Y278.047
G1 X254.178 Y277.901
G1 X254.178 Y277.754
G1 X254.032 Y277.608
G1 X254.032 Y277.169
G1 X253.886 Y277.022
G1 X253.886 Y276.876
G1 X253.739 Y276.730
G1 X253.739 Y276.437
G1 X253.886 Y276.437
G1 X253.886 Y276.290
G1 X254.178 Y275.998
G1 X254.178 Y272.630
G1 X254.325 Y272.484
G1 X254.325 Y271.459
G1 X254.471 Y271.313
G1 X254.471 Y271.020
G1 X254.618 Y270.873
G1 X254.618 Y270.581
G1 X254.764 Y270.434
G1 X254.764 Y270.141
G1 X254.910 Y269.995
G1 X255.057 Y269.849
G1 X255.203 Y269.702
G1 X255.350 Y269.556
G1 X255.496 Y269.409
G1 X255.643 Y269.263
G1 X255.789 Y269.117
G1 X255.935 Y269.117
G1 X256.082 Y268.970
G1 X256.228 Y268.970
G1 X256.375 Y268.824
G1 X256.521 Y268.677
G1 X256.667 Y268.677
G1 X256.814 Y268.531
G1 X256.960 Y268.385
G1 X257.399 Y268.385
G1 X257.546 Y268.238
G1 X257.692 Y268.238
G1 X257.839 Y268.092
G1 X257.985 Y268.092
G1 X258.131 Y267.945
G1 X258.424 Y267.945
G1 X258.571 Y267.799
G1 X258.863 Y267.799
G1 X259.010 Y267.653
G1 X259.449 Y267.653
G1 X259.595 Y267.506
G1 X260.035 Y267.506
G1 X260.181 Y267.360
G1 X261.059 Y267.360
G1 X261.206 Y267.213
G1 X264.134 Y267.213
G1 X264.280 Y267.360
G1 X265.012 Y267.360
G1 X265.159 Y267.506
G1 X265.744 Y267.506
G1 X265.891 Y267.653
G1 X266.184 Y267.653
G1 X266.330 Y267.799
G1 X266.769 Y267.799
G1 X266.916 Y267.945
G1 X267.208 Y267.945
G1 X267.501 Y268.238
G1 X267.648 Y268.238
G1 X267.794 Y268.385
G1 X267.940 Y268.385
G1 X268.087 Y268.531
G1 X268.233 Y268.531
G1 X268.380 Y268.677
G1 X268.526 Y268.824
G1 X268.965 Y269.263
G1 X269.112 Y269.409
G1 X269.258 Y269.556
G1 X269.404 Y269.702
G1 X269.404 Y269.849
G1 X269.551 Y269.995
G1 X269.551 Y270.141
G1 X269.697 Y270.288
G1 X269.697 Y270.434
G1 X269.844 Y270.581
G1 X269.844 Y270.873
G1 X269.990 Y271.020
G1 X269.990 Y271.459
G1 X270.136 Y271.606
G1 X270.136 Y276.144
G1 X270.283 Y276.290
G1 X270.429 Y276.437
G1 X270.576 Y276.583
G1 X270.429 Y276.437
G1 X270.283 Y276.290
G1 X270.136 Y276.144
G1 X270.136 Y271.606
G1 X269.990 Y271.459
G1 X269.990 Y271.020
G1 X269.844 Y270.873
G1 X269.844 Y270.581
G1 X269.697 Y270.434
G1 X269.697 Y270.288
G1 X269.551 Y270.141
G1 X269.551 Y269.995
G1 X269.404 Y269.849
G1 X269.404 Y269.702
G1 X269.258 Y269.556
G1 X269.112 Y269.409
G1 X268.965 Y269.263
G1 X268.526 Y268.824
G1 X268.380 Y268.677
G1 X268.233 Y268.531
G1 X268.087 Y268.531
G1 X267.940 Y268.385
G1 X267.794 Y268.385
G1 X267.648 Y268.238
G1 X267.501 Y268.238
G1 X267.208 Y267.945
G1 X266.916 Y267.945
G1 X266.769 Y267.799
G1 X266.330 Y267.799
G1 X266.184 Y267.653
G1 X265.891 Y267.653
G1 X265.744 Y267.506
G1 X265.159 Y267.506
G1 X265.012 Y267.360
G1 X264.280 Y267.360
G1 X264.134 Y267.213
G1 X261.206 Y267.213
G1 X261.059 Y267.360
G1 X260.181 Y267.360
G1 X260.035 Y267.506
G1 X259.595 Y267.506
G1 X259.449 Y267.653
G1 X259.010 Y267.653
G1 X258.863 Y267.799
G1 X258.571 Y267.799
G1 X258.424 Y267.945
G1 X258.131 Y267.945
G1 X257.985 Y268.092
G1 X257.839 Y268.092
G1 X257.692 Y268.238
G1 X257.546 Y268.238
G1 X257.399 Y268.385
G1 X256.960 Y268.385
G1 X256.814 Y268.531
G1 X256.667 Y268.677
G1 X256.521 Y268.677
G1 X256.375 Y268.824
G1 X256.228 Y268.970
G1 X256.082 Y268.970
G1 X255.935 Y269.117
G1 X255.789 Y269.117
G1 X255.643 Y269.263
G1 X255.496 Y269.409
G1 X255.350 Y269.556
G1 X255.203 Y269.702
G1 X255.057 Y269.849
G1 X254.910 Y269.995
G1 X254.764 Y270.141
G1 X254.764 Y270.434
G1 X254.618 Y270.581
G1 X254.618 Y270.873
G1 X254.471 Y271.020
G1 X254.471 Y271.313
G1 X254.325 Y271.459
G1 X254.325 Y272.484
G1 X254.178 Y272.630
G1 X254.178 Y275.998
G1 X253.886 Y276.290
G1 X253.886 Y276.437
G1 X253.739 Y276.437
G1 X253.739 Y276.730
G1 X253.886 Y276.876
G1 X253.886 Y277.022
G1 X254.032 Y277.169
G1 X254.032 Y277.608
G1 X254.178 Y277.754
G1 X254.178 Y277.901
G1 X254.325 Y278.047
G1 X254.325 Y278.340
G1 X254.618 Y278.633
G1 X254.618 Y278.779
G1 X254.764 Y278.926
G1 X254.764 Y279.072
G1 X254.910 Y279.219
G1 X254.910 Y279.365
G1 X255.057 Y279.511
G1 X255.203 Y279.658
G1 X255.350 Y279.804
G1 X255.496 Y279.951
G1 X255.643 Y280.097
G1 X255.789 Y280.243
G1 X255.935 Y280.390
G1 X256.082 Y280.536
G1 X256.228 Y280.683
G1 X256.375 Y280.829
G1 X256.521 Y280.975
G1 X256.667 Y281.122
G1 X256.814 Y281.268
G1 X256.960 Y281.415
G1 X257.107 Y281.415
G1 X257.253 Y281.561
G1 X257.399 Y281.561
G1 X257.546 Y281.707
G1 X257.692 Y281.707
G1 X257.839 Y281.854
G1 X258.131 Y281.854
G1 X258.278 Y282.000
G1 X258.717 Y282.000
G1 X258.863 Y282.147
G1 X259.742 Y282.147
G1 X259.888 Y282.293
G1 X265.452 Y282.293
G1 X265.598 Y282.147
G1 X265.891 Y282.147
G1 X266.037 Y282.000
G1 X266.330 Y282.000
G1 X266.476 Y281.854
G1 X266.769 Y281.854
G1 X266.916 Y281.707
G1 X267.062 Y281.707
G1 X267.208 Y281.561
G1 X267.355 Y281.415
G1 X267.501 Y281.415
G1 X267.794 Y281.122
G1 X267.940 Y280.975
G1 X268.087 Y280.829
G1 X268.526 Y280.390
G1 X268.672 Y280.243
G1 X268.819 Y280.097
G1 X269.258 Y279.658
G1 X269.404 Y279.511
G1 X269.551 Y279.365
G1 X269.551 Y279.219
G1 X269.697 Y279.072
G1 X269.697 Y278.926
G1 X269.844 Y278.779
G1 X269.844 Y278.486
G1 X270.136 Y278.194
G1 X270.136 Y277.901
G1 X270.283 Y277.754
G1 X270.283 Y277.462
G1 X270.429 Y277.315
G1 X270.429 Y277.022
G1 X270.576 Y276.876
G1 X270.576 Y276.583
G1 X271.015 Y276.583
G1 X271.161 Y276.437
G1 X271.308 Y276.437
G1 X271.454 Y276.290
G1 X271.747 Y276.290
G1 X271.893 Y276.144
G1 X272.040 Y276.144
G1 X272.479 Y275.705
G1 X272.625 Y275.558
G1 X272.772 Y275.412
G1 X272.772 Y275.266
G1 X272.918 Y275.119
G1 X273.065 Y274.973
G1 X273.065 Y274.826
G1 X273.357 Y274.534
G1 X273.357 Y274.387
G1 X273.504 Y274.241
G1 X273.650 Y274.094
G1 X273.797 Y273.948
G1 X273.943 Y273.802
G1 X274.089 Y273.655
G1 X274.236 Y273.509
G1 X274.236 Y273.362
G1 X274.382 Y273.216
G1 X274.529 Y273.070
G1 X274.675 Y272.923
G1 X275.114 Y272.484
G1 X275.261 Y272.338
G1 X275.407 Y272.191
G1 X275.700 Y271.898
G1 X275.846 Y271.898
G1 X275.993 Y271.752
G1 X276.139 Y271.606
G1 X276.285 Y271.459
G1 X276.432 Y271.313
G1 X276.725 Y271.313
G1 X276.871 Y271.166
G1 X277.017 Y271.166
G1 X277.164 Y271.020
G1 X277.310 Y271.020
G1 X277.457 Y270.873
G1 X277.603 Y270.873
G1 X277.749 Y270.727
G1 X277.896 Y270.727
G1 X278.042 Y270.581
G1 X278.335 Y270.581
G1 X278.628 Y270.288
G1 X278.921 Y270.288
G1 X279.067 Y270.141
G1 X279.360 Y270.141
G1 X279.506 Y269.995
G1 X279.799 Y269.995
G1 X279.946 Y269.849
G1 X280.385 Y269.849
G1 X280.531 Y269.702
G1 X281.263 Y269.702
G1 X281.410 Y269.556
G1 X281.995 Y269.556
G1 X282.142 Y269.409
G1 X282.727 Y269.409
G1 X282.874 Y269.263
G1 X283.166 Y269.263
G1 X283.313 Y269.117
G1 X283.459 Y268.970
G1 X283.606 Y268.970
G1 X283.606 Y264.871
G1 X283.459 Y264.725
G1 X283.459 Y261.796
G1 X283.313 Y261.650
G1 X283.166 Y261.504
G1 X283.020 Y261.357
G1 X283.020 Y261.064
G1 X282.874 Y260.918
G1 X282.874 Y260.625
G1 X283.020 Y260.479
G1 X283.020 Y259.015
G1 X282.874 Y258.868
G1 X282.874 Y257.551
G1 X282.727 Y257.404
G1 X282.727 Y257.258
G1 X282.581 Y257.112
G1 X282.581 Y256.672
G1 X282.434 Y256.526
G1 X282.434 Y256.233
G1 X282.288 Y256.087
G1 X282.288 Y255.794
G1 X282.142 Y255.647
G1 X282.142 Y255.501
G1 X281.995 Y255.355
G1 X281.849 Y255.208
G1 X281.702 Y255.062
G1 X281.556 Y254.915
G1 X281.410 Y254.915
G1 X281.410 Y254.330
G1 X281.263 Y254.183
G1 X281.263 Y253.305
G1 X281.117 Y253.159
G1 X281.117 Y251.548
G1 X280.970 Y251.402
G1 X280.970 Y249.938
G1 X280.824 Y249.791
G1 X280.824 Y249.059
G1 X280.678 Y248.913
G1 X280.678 Y248.327
G1 X280.385 Y248.327
G1 X280.238 Y248.181
G1 X279.946 Y248.181
G1 X279.799 Y248.034
G1 X279.360 Y248.034
G1 X279.214 Y247.888
G1 X269.697 Y247.888
G1 X269.551 Y248.034
G1 X266.769 Y248.034
G1 X266.623 Y247.888
G1 X265.012 Y247.888
G1 X264.866 Y247.742
G1 X258.863 Y247.742
G1 X258.717 Y247.888
G1 X257.253 Y247.888
G1 X257.107 Y248.034
G1 X255.203 Y248.034
G1 X255.057 Y247.888
G1 X254.764 Y247.888
G1 X254.618 Y248.034
G1 X253.739 Y248.034
G1 X253.593 Y247.888
G1 X247.444 Y247.888
G1 X247.297 Y248.034
G1 X246.126 Y248.034
G1 X245.980 Y248.181
G1 X244.662 Y248.181
G1 X244.516 Y248.327
G1 X244.077 Y248.327
G1 X243.930 Y248.474
G1 X243.637 Y248.474
G1 X243.491 Y248.620
G1 X243.198 Y248.620
G1 X243.491 Y248.620
G1 X243.637 Y248.474
G1 X243.930 Y248.474
G1 X244.077 Y248.327
G1 X244.516 Y248.327
G1 X244.662 Y248.181
G1 X245.980 Y248.181
G1 X246.126 Y248.034
G1 X247.297 Y248.034
G1 X247.444 Y247.888
G1 X253.593 Y247.888
G1 X253.739 Y248.034
G1 X254.618 Y248.034
G1 X254.764 Y247.888
G1 X255.057 Y247.888
G1 X255.203 Y248.034
G1 X257.107 Y248.034
G1 X257.253 Y247.888
G1 X258.717 Y247.888
G1 X258.863 Y247.742
G1 X264.866 Y247.742
G1 X265.012 Y247.888
G1 X266.623 Y247.888
G1 X266.769 Y248.034
G1 X269.551 Y248.034
G1 X269.697 Y247.888
G1 X279.214 Y247.888
G1 X279.360 Y248.034
G1 X279.799 Y248.034
G1 X279.946 Y248.181
G1 X280.238 Y248.181
G1 X280.385 Y248.327
G1 X280.678 Y248.327
G1 X280.824 Y248.181
G1 X280.970 Y248.034
G1 X281.117 Y247.888
G1 X281.556 Y247.449
G1 X281.702 Y247.302
G1 X281.849 Y247.156
G1 X282.288 Y246.717
G1 X282.434 Y246.570
G1 X282.581 Y246.424
G1 X283.020 Y245.985
G1 X283.166 Y245.838
G1 X283.313 Y245.692
G1 X283.752 Y245.253
G1 X283.898 Y245.106
G1 X284.045 Y244.960
G1 X284.191 Y244.814
G1 X284.191 Y244.521
G1 X284.338 Y244.374
G1 X284.338 Y244.082
G1 X284.484 Y243.935
G1 X284.484 Y243.496
G1 X284.630 Y243.350
G1 X284.630 Y242.910
G1 X284.777 Y242.764
G1 X284.777 Y242.618
G1 X284.630 Y242.618
G1 X284.630 Y241.154
G1 X284.777 Y241.007
G1 X284.777 Y239.689
G1 X284.923 Y239.543
G1 X284.923 Y238.372
G1 X285.070 Y238.225
G1 X285.070 Y237.640
G1 X284.923 Y237.640
G1 X284.777 Y237.493
G1 X284.338 Y237.493
G1 X284.191 Y237.347
G1 X283.459 Y237.347
G1 X283.313 Y237.201
G1 X279.799 Y237.201
G1 X279.653 Y237.347
G1 X278.921 Y237.347
G1 X278.774 Y237.493
G1 X274.529 Y237.493
G1 X274.382 Y237.347
G1 X274.236 Y237.347
G1 X274.089 Y237.201
G1 X273.065 Y237.201
G1 X272.918 Y237.054
G1 X272.625 Y237.054
G1 X272.479 Y236.908
G1 X271.893 Y236.908
G1 X271.747 Y236.761
G1 X271.308 Y236.761
G1 X271.161 Y236.615
G1 X270.576 Y236.615
G1 X270.429 Y236.469
G1 X269.990 Y236.469
G1 X269.844 Y236.322
G1 X269.258 Y236.322
G1 X269.112 Y236.176
G1 X268.672 Y236.176
G1 X268.526 Y236.029
G1 X268.233 Y236.029
G1 X268.087 Y235.883
G1 X267.794 Y235.883
G1 X267.648 Y235.737
G1 X267.208 Y235.737
G1 X267.062 Y235.590
G1 X266.476 Y235.590
G1 X266.330 Y235.444
G1 X265.744 Y235.444
G1 X265.598 Y235.297
G1 X265.012 Y235.297
G1 X264.866 Y235.151
G1 X263.402 Y235.151
G1 X263.256 Y235.005
G1 X262.670 Y235.005
G1 X262.523 Y235.151
G1 X262.377 Y235.297
G1 X262.231 Y235.297
G1 X262.231 Y235.444
G1 X262.231 Y235.297
G1 X262.377 Y235.297
G1 X262.523 Y235.151
G1 X262.670 Y235.005
G1 X263.256 Y235.005
G1 X263.402 Y235.151
G1 X264.866 Y235.151
G1 X265.012 Y235.297
G1 X265.598 Y235.297
G1 X265.744 Y235.444
G1 X266.330 Y235.444
G1 X266.476 Y235.590
G1 X267.062 Y235.590
G1 X267.208 Y235.737
G1 X267.648 Y235.737
G1 X267.794 Y235.883
G1 X268.087 Y235.883
G1 X268.233 Y236.029
G1 X268.526 Y236.029
G1 X268.672 Y236.176
G1 X269.112 Y236.176
G1 X269.258 Y236.322
G1 X269.844 Y236.322
G1 X269.990 Y236.469
G1 X270.429 Y236.469
G1 X270.576 Y236.615
G1 X271.161 Y236.615
G1 X271.308 Y236.761
G1 X271.747 Y236.761
G1 X271.893 Y236.908
G1 X272.479 Y236.908
G1 X272.625 Y237.054
G1 X272.918 Y237.054
G1 X273.065 Y237.201
G1 X274.089 Y237.201
G1 X274.236 Y237.347
G1 X274.382 Y237.347
G1 X274.529 Y237.493
G1 X278.774 Y237.493
G1 X278.921 Y237.347
G1 X279.653 Y237.347
G1 X279.799 Y237.201
G1 X283.313 Y237.201
G1 X283.459 Y237.347
G1 X284.191 Y237.347
G1 X284.338 Y237.493
G1 X284.777 Y237.493
G1 X284.923 Y237.640
G1 X285.362 Y237.640
G1 X285.509 Y237.493
G1 X285.655 Y237.493
G1 X285.802 Y237.347
G1 X286.241 Y236.908
G1 X286.387 Y236.761
G1 X286.534 Y236.615
G1 X288.730 Y236.615
G1 X288.730 Y236.761
G1 X288.876 Y236.908
G1 X288.876 Y237.347
G1 X289.023 Y237.493
G1 X289.023 Y237.786
G1 X289.169 Y237.933
G1 X289.169 Y238.372
G1 X289.462 Y238.665
G1 X289.462 Y238.957
G1 X289.608 Y239.104
G1 X289.608 Y239.250
G1 X289.755 Y239.397
G1 X289.755 Y239.836
G1 X289.901 Y239.982
G1 X289.901 Y240.421
G1 X290.047 Y240.568
G1 X290.047 Y241.007
G1 X290.194 Y241.154
G1 X290.194 Y241.593
G1 X290.194 Y241.154
G1 X290.047 Y241.007
G1 X290.047 Y240.568
G1 X289.901 Y240.421
G1 X289.901 Y239.982
G1 X289.755 Y239.836
G1 X289.755 Y239.397
G1 X289.608 Y239.250
G1 X289.608 Y239.104
G1 X289.462 Y238.957
G1 X289.462 Y238.665
G1 X289.169 Y238.372
G1 X289.169 Y237.933
G1 X289.023 Y237.786
G1 X289.023 Y237.493
G1 X288.876 Y237.347
G1 X288.876 Y236.908
G1 X288.730 Y236.761
G1 X288.730 Y236.615
G1 X289.169 Y236.176
G1 X289.315 Y236.029
G1 X289.462 Y235.883
G1 X289.901 Y235.883
G1 X290.047 Y235.737
G1 X290.194 Y235.737
G1 X290.340 Y235.590
G1 X290.633 Y235.590
G1 X290.779 Y235.444
G1 X290.926 Y235.444
G1 X291.072 Y235.297
G1 X291.219 Y235.151
G1 X291.511 Y235.151
G1 X291.658 Y235.005
G1 X291.804 Y235.005
G1 X291.951 Y234.858
G1 X292.097 Y234.858
G1 X292.243 Y234.712
G1 X292.536 Y234.712
G1 X292.683 Y234.565
G1 X292.975 Y234.565
G1 X293.122 Y234.419
G1 X293.268 Y234.273
G1 X293.561 Y234.273
G1 X293.708 Y234.126
G1 X294.000 Y234.126
G1 X294.147 Y233.980
G1 X294.293 Y233.980
G1 X294.440 Y233.833
G1 X294.586 Y233.833
G1 X294.732 Y233.687
G1 X295.025 Y233.687
G1 X295.172 Y233.541
G1 X295.318 Y233.541
G1 X295.464 Y233.394
G1 X295.611 Y233.394
G1 X295.757 Y233.248
G1 X296.050 Y233.248
G1 X296.196 Y233.101
G1 X296.343 Y233.101
G1 X296.489 Y232.955
G1 X296.636 Y232.955
G1 X296.782 Y232.808
G1 X296.928 Y232.808
G1 X297.075 Y232.662
G1 X297.368 Y232.662
G1 X297.514 Y232.516
G1 X297.660 Y232.516
G1 X297.807 Y232.369
G1 X297.953 Y232.369
G1 X298.100 Y232.223
G1 X298.246 Y232.223
G1 X298.392 Y232.076
G1 X298.539 Y232.076
G1 X298.685 Y231.930
G1 X298.832 Y231.930
G1 X298.978 Y231.784
G1 X299.124 Y231.784
G1 X299.271 Y231.637
G1 X299.564 Y231.637
G1 X299.710 Y231.491
G1 X299.856 Y231.491
G1 X300.003 Y231.344
G1 X300.149 Y231.344
G1 X300.296 Y231.198
G1 X300.442 Y231.198
G1 X300.588 Y231.052
G1 X300.735 Y231.052
G1 X300.881 Y230.905
G1 X301.028 Y230.905
G1 X301.174 Y230.759
G1 X301.467 Y230.759
G1 X301.613 Y230.612
G1 X302.199 Y230.612
G1 X302.345 Y230.466
G1 X302.931 Y230.466
G1 X303.077 Y230.320
G1 X303.370 Y230.320
G1 X303.517 Y230.173
G1 X303.663 Y230.173
G1 X303.663 Y229.880
G1 X303.809 Y229.734
G1 X303.809 Y229.588
G1 X304.395 Y229.002
G1 X304.541 Y229.002
G1 X304.688 Y228.856
G1 X304.834 Y228.709
G1 X304.981 Y228.709
G1 X305.127 Y228.563
G1 X305.273 Y228.416
G1 X305.420 Y228.270
G1 X305.566 Y228.124
G1 X305.713 Y228.124
G1 X305.859 Y227.977
G1 X306.298 Y227.977
G1 X306.445 Y227.831
G1 X306.737 Y227.831
G1 X306.884 Y227.977
G1 X307.030 Y228.124
G1 X307.177 Y228.270
G1 X307.323 Y228.416
G1 X307.323 Y228.709
G1 X307.469 Y228.856
G1 X307.469 Y229.002
G1 X307.616 Y229.148
G1 X307.616 Y229.295
G1 X307.762 Y229.441
G1 X307.762 Y229.734
G1 X307.909 Y229.880
G1 X307.909 Y230.173
G1 X308.055 Y230.320
G1 X308.055 Y230.466
G1 X308.201 Y230.612
G1 X308.201 Y230.759
G1 X308.348 Y230.905
G1 X308.348 Y231.198
G1 X308.494 Y231.344
G1 X308.494 Y231.491
G1 X308.641 Y231.637
G1 X308.641 Y231.930
G1 X308.787 Y232.076
G1 X308.787 Y232.223
G1 X308.934 Y232.369
G1 X308.934 Y232.662
G1 X309.080 Y232.808
G1 X309.080 Y232.955
G1 X309.226 Y233.101
G1 X309.226 Y233.248
G1 X309.373 Y233.394
G1 X309.519 Y233.541
G1 X309.373 Y233.394
G1 X309.226 Y233.248
G1 X309.226 Y233.101
G1 X309.080 Y232.955
G1 X309.080 Y232.808
G1 X308.934 Y232.662
G1 X308.934 Y232.369
G1 X308.787 Y232.223
G1 X308.787 Y232.076
G1 X308.641 Y231.930
G1 X308.641 Y231.637
G1 X308.494 Y231.491
G1 X308.494 Y231.344
G1 X308.348 Y231.198
G1 X308.348 Y230.905
G1 X308.201 Y230.759
G1 X308.201 Y230.612
G1 X308.055 Y230.466
G1 X308.055 Y230.320
G1 X307.909 Y230.173
G1 X307.909 Y229.880
G1 X307.762 Y229.734
G1 X307.762 Y229.441
G1 X307.616 Y229.295
G1 X307.616 Y229.148
G1 X307.469 Y229.002
G1 X307.469 Y228.856
G1 X307.323 Y228.709
G1 X307.323 Y228.416
G1 X307.177 Y228.270
G1 X307.030 Y228.124
G1 X306.884 Y227.977
G1 X306.737 Y227.831
G1 X306.737 Y227.538
G1 X306.884 Y227.392
G1 X306.884 Y227.245
G1 X309.519 Y224.610
G1 X309.519 Y224.463
G1 X309.666 Y224.317
G1 X309.666 Y224.024
G1 X309.812 Y223.878
G1 X309.812 Y223.585
G1 X309.958 Y223.439
G1 X309.958 Y223.146
G1 X310.105 Y222.999
G1 X310.105 Y222.560
G1 X310.983 Y222.560
G1 X311.130 Y222.414
G1 X311.422 Y222.414
G1 X311.569 Y222.267
G1 X311.715 Y222.267
G1 X311.862 Y222.121
G1 X312.008 Y221.975
G1 X312.154 Y221.828
G1 X312.301 Y221.682
G1 X312.447 Y221.535
G1 X312.594 Y221.389
G1 X312.740 Y221.389
G1 X313.472 Y220.657
G1 X313.618 Y220.657
G1 X313.765 Y220.511
G1 X313.911 Y220.364
G1 X314.204 Y220.364
G1 X314.350 Y220.218
G1 X314.497 Y220.218
G1 X314.643 Y220.071
G1 X314.643 Y219.779
G1 X314.790 Y219.632
G1 X314.790 Y219.486
G1 X314.936 Y219.339
G1 X314.936 Y219.047
G1 X315.082 Y218.900
G1 X315.229 Y218.754
G1 X315.375 Y218.607
G1 X315.522 Y218.461
G1 X315.961 Y218.022
G1 X316.107 Y217.875
G1 X316.254 Y217.729
G1 X316.254 Y217.582
G1 X316.400 Y217.436
G1 X316.547 Y217.290
G1 X316.693 Y217.143
G1 X317.132 Y216.704
G1 X317.279 Y216.558
G1 X317.425 Y216.411
G1 X317.864 Y215.972
G1 X318.011 Y215.826
G1 X318.157 Y215.679
G1 X318.596 Y215.240
G1 X318.743 Y215.094
G1 X318.889 Y214.947
G1 X319.328 Y214.508
G1 X319.475 Y214.362
G1 X319.475 Y214.215
G1 X319.621 Y214.069
G1 X319.767 Y213.922
G1 X319.914 Y213.776
G1 X320.353 Y213.337
G1 X320.499 Y213.190
G1 X320.646 Y213.044
G1 X321.085 Y212.605
G1 X321.231 Y212.458
G1 X321.378 Y212.312
G1 X321.817 Y211.873
G1 X321.963 Y211.726
G1 X322.110 Y211.580
G1 X322.549 Y211.141
G1 X322.695 Y210.994
G1 X322.842 Y210.848
G1 X322.988 Y210.701
G1 X323.135 Y210.555
G1 X323.574 Y210.116
G1 X323.720 Y209.969
G1 X323.867 Y209.969
G1 X324.013 Y209.823
G1 X324.160 Y209.677
G1 X324.306 Y209.677
G1 X324.452 Y209.530
G1 X324.599 Y209.384
G1 X324.745 Y209.237
G1 X324.892 Y209.091
G1 X325.038 Y209.091
G1 X325.184 Y208.945
G1 X325.331 Y208.945
G1 X325.477 Y208.798
G1 X325.624 Y208.798
G1 X325.770 Y208.652
G1 X325.916 Y208.505
G1 X326.063 Y208.505
G1 X326.063 Y207.627
G1 X326.209 Y207.481
G1 X326.209 Y206.895
G1 X326.356 Y206.749
G1 X326.356 Y206.456
G1 X326.502 Y206.309
G1 X326.502 Y205.870
G1 X326.648 Y205.724
G1 X326.648 Y205.431
G1 X326.795 Y205.285
G1 X326.941 Y205.138
G1 X326.941 Y204.992
G1 X327.380 Y204.553
G1 X326.941 Y204.992
G1 X326.941 Y205.138
G1 X326.795 Y205.285
G1 X326.648 Y205.431
G1 X326.648 Y205.724
G1 X326.502 Y205.870
G1 X326.502 Y206.309
G1 X326.356 Y206.456
G1 X326.356 Y206.749
G1 X326.209 Y206.895
G1 X326.209 Y207.481
G1 X326.063 Y207.627
G1 X326.063 Y208.505
G1 X326.209 Y208.652
G1 X326.356 Y208.798
G1 X327.234 Y208.798
G1 X327.380 Y208.652
G1 X328.259 Y208.652
G1 X328.405 Y208.505
G1 X328.991 Y208.505
G1 X329.137 Y208.359
G1 X329.576 Y208.359
G1 X329.723 Y208.213
G1 X330.162 Y208.213
G1 X330.308 Y208.066
G1 X330.894 Y208.066
G1 X331.041 Y207.920
G1 X331.187 Y207.773
G1 X331.333 Y207.627
G1 X331.480 Y207.481
G1 X331.626 Y207.334
G1 X331.480 Y207.188
G1 X331.480 Y207.041
G1 X331.333 Y206.895
G1 X331.333 Y206.749
G1 X331.187 Y206.602
G1 X330.748 Y206.163
G1 X330.601 Y206.017
G1 X330.455 Y205.870
G1 X330.308 Y205.724
G1 X330.162 Y205.577
G1 X330.016 Y205.577
G1 X329.869 Y205.431
G1 X329.576 Y205.431
G1 X329.430 Y205.285
G1 X328.698 Y205.285
G1 X328.552 Y205.138
G1 X328.112 Y205.138
G1 X327.966 Y204.992
G1 X327.820 Y204.992
G1 X327.673 Y204.845
G1 X327.234 Y204.845
G1 X327.380 Y204.845
G1 X327.380 Y204.699
G1 X327.234 Y204.699
G1 X327.380 Y204.699
G1 X327.380 Y203.821
G1 X327.527 Y203.674
G1 X327.527 Y202.356
G1 X327.673 Y202.210
G1 X327.673 Y201.771
G1 X327.820 Y201.624
G1 X327.820 Y201.332
G1 X327.966 Y201.185
G1 X327.966 Y200.746
G1 X328.112 Y200.600
G1 X328.112 Y200.160
G1 X328.259 Y200.014
G1 X328.259 Y199.721
G1 X328.405 Y199.575
G1 X328.405 Y199.136
G1 X328.552 Y198.989
G1 X328.552 Y198.550
G1 X328.698 Y198.404
G1 X328.698 Y198.111
G1 X328.844 Y197.964
G1 X328.844 Y197.379
G1 X328.991 Y197.232
G1 X328.991 Y196.940
G1 X329.137 Y196.793
G1 X329.137 Y196.354
G1 X329.284 Y196.208
G1 X329.284 Y195.768
G1 X329.430 Y195.622
G1 X329.430 Y195.036
G1 X329.576 Y194.890
G1 X329.576 Y194.743
G1 X329.723 Y194.597
G1 X329.723 Y194.158
G1 X329.869 Y194.011
G1 X329.869 Y193.719
G1 X330.016 Y193.572
G1 X330.016 Y192.987
G1 X330.162 Y192.840
G1 X330.162 Y192.694
G1 X330.308 Y192.547
G1 X330.308 Y192.108
G1 X330.455 Y191.962
G1 X330.455 Y191.669
G1 X330.601 Y191.523
G1 X330.601 Y190.937
G1 X330.748 Y190.791
G1 X330.748 Y190.351
G1 X330.894 Y190.205
G1 X330.894 Y189.766
G1 X331.041 Y189.619
G1 X331.041 Y189.180
G1 X331.187 Y189.034
G1 X331.187 Y188.595
G1 X331.333 Y188.448
G1 X331.333 Y187.862
G1 X331.480 Y187.716
G1 X331.480 Y187.277
G1 X331.626 Y187.130
G1 X331.626 Y186.691
G1 X331.773 Y186.545
G1 X331.773 Y186.252
G1 X331.919 Y186.106
G1 X332.065 Y185.959
G1 X332.065 Y185.666
G1 X332.212 Y185.520
G1 X332.212 Y185.081
G1 X332.358 Y184.934
G1 X332.505 Y184.788
G1 X332.505 Y184.495
G1 X332.651 Y184.349
G1 X332.797 Y184.202
G1 X332.797 Y184.056
G1 X332.944 Y183.910
G1 X333.090 Y183.763
G1 X333.090 Y183.617
G1 X334.408 Y182.299
G1 X334.993 Y182.299
G1 X334.847 Y182.299
G1 X334.847 Y182.006
G1 X334.701 Y181.860
G1 X334.701 Y181.274
G1 X334.554 Y181.128
G1 X334.554 Y180.982
G1 X334.701 Y180.835
G1 X334.701 Y178.346
G1 X334.847 Y178.200
G1 X334.847 Y176.736
G1 X334.993 Y176.589
G1 X334.993 Y175.418
G1 X335.140 Y175.272
G1 X335.140 Y174.247
G1 X335.286 Y174.101
G1 X335.286 Y173.222
G1 X335.433 Y173.076
G1 X335.433 Y171.026
G1 X335.579 Y170.880
G1 X335.579 Y164.584
G1 X335.433 Y164.438
G1 X335.433 Y161.656
G1 X335.286 Y161.510
G1 X335.286 Y160.339
G1 X335.140 Y160.192
G1 X335.140 Y159.021
G1 X334.993 Y158.875
G1 X334.993 Y157.996
G1 X334.847 Y157.850
G1 X334.847 Y157.410
G1 X334.701 Y157.264
G1 X334.701 Y156.825
G1 X334.554 Y156.678
G1 X334.554 Y156.093
G1 X334.408 Y155.946
G1 X334.408 Y155.507
G1 X334.261 Y155.361
G1 X334.261 Y154.922
G1 X334.115 Y154.775
G1 X334.115 Y154.482
G1 X333.969 Y154.336
G1 X333.969 Y153.897
G1 X333.822 Y153.750
G1 X333.822 Y153.458
G1 X333.676 Y153.311
G1 X333.676 Y152.872
G1 X333.529 Y152.726
G1 X333.529 Y152.286
G1 X333.383 Y152.140
G1 X333.383 Y151.847
G1 X333.237 Y151.701
G1 X333.237 Y151.262
G1 X333.090 Y151.115
G1 X333.090 Y150.969
G1 X332.944 Y150.822
G1 X332.944 Y150.530
G1 X332.797 Y150.383
G1 X332.797 Y150.237
G1 X332.651 Y150.090
G1 X332.651 Y149.944
G1 X332.505 Y149.797
G1 X332.505 Y149.505
G1 X332.358 Y149.358
G1 X332.358 Y149.065
G1 X332.212 Y148.919
G1 X332.212 Y148.773
G1 X332.065 Y148.626
G1 X332.065 Y148.333
G1 X331.773 Y148.041
G1 X331.773 Y147.894
G1 X331.626 Y147.748
G1 X331.480 Y147.601
G1 X331.333 Y147.455
G1 X331.187 Y147.309
G1 X331.041 Y147.162
G1 X330.601 Y147.162
G1 X330.455 Y147.016
G1 X330.308 Y147.162
G1 X329.723 Y147.162
G1 X329.576 Y147.309
G1 X328.991 Y147.309
G1 X328.844 Y147.455
G1 X328.552 Y147.455
G1 X328.405 Y147.601
G1 X328.112 Y147.601
G1 X327.966 Y147.748
G1 X327.820 Y147.748
G1 X327.673 Y147.894
G1 X327.380 Y147.894
G1 X327.234 Y148.041
G1 X326.941 Y148.041
G1 X326.795 Y148.187
G1 X326.502 Y148.187
G1 X326.356 Y148.333
G1 X326.209 Y148.333
G1 X326.063 Y148.480
G1 X325.916 Y148.626
G1 X325.624 Y148.626
G1 X325.477 Y148.773
G1 X325.038 Y148.773
G1 X324.892 Y148.919
G1 X324.745 Y148.919
G1 X324.599 Y149.065
G1 X324.306 Y149.065
G1 X324.160 Y149.212
G1 X323.867 Y149.212
G1 X323.720 Y149.358
G1 X323.428 Y149.358
G1 X323.281 Y149.505
G1 X322.988 Y149.505
G1 X322.842 Y149.651
G1 X322.549 Y149.651
G1 X322.403 Y149.797
G1 X322.110 Y149.797
G1 X321.963 Y149.944
G1 X321.671 Y149.944
G1 X321.524 Y150.090
G1 X321.378 Y150.090
G1 X321.231 Y150.237
G1 X321.085 Y150.237
G1 X320.939 Y150.383
G1 X320.792 Y150.383
G1 X320.646 Y150.530
G1 X320.353 Y150.530
G1 X320.207 Y150.676
G1 X319.914 Y150.676
G1 X319.767 Y150.822
G1 X319.621 Y150.822
G1 X319.475 Y150.969
G1 X319.328 Y151.115
G1 X319.182 Y151.115
G1 X319.035 Y151.262
G1 X318.889 Y151.262
G1 X318.743 Y151.408
G1 X318.596 Y151.408
G1 X318.303 Y151.701
G1 X318.157 Y151.701
G1 X317.718 Y152.140
G1 X317.571 Y152.286
G1 X317.425 Y152.433
G1 X317.279 Y152.433
G1 X317.132 Y152.579
G1 X316.986 Y152.726
G1 X316.839 Y152.872
G1 X316.693 Y153.018
G1 X316.547 Y153.165
G1 X316.400 Y153.311
G1 X316.254 Y153.458
G1 X316.107 Y153.604
G1 X316.107 Y153.750
G1 X315.961 Y153.897
G1 X315.961 Y154.043
G1 X315.815 Y154.190
G1 X315.815 Y154.336
G1 X315.668 Y154.482
G1 X315.668 Y154.775
G1 X315.522 Y154.922
G1 X315.522 Y155.068
G1 X315.375 Y155.214
G1 X315.229 Y155.361
G1 X315.229 Y155.654
G1 X315.082 Y155.800
G1 X315.082 Y155.946
G1 X314.936 Y156.093
G1 X314.936 Y156.386
G1 X314.790 Y156.532
G1 X314.790 Y156.678
G1 X314.643 Y156.825
G1 X314.643 Y157.118
G1 X314.497 Y157.264
G1 X314.497 Y157.557
G1 X314.350 Y157.703
G1 X314.350 Y157.996
G1 X314.204 Y158.143
G1 X314.204 Y158.435
G1 X314.058 Y158.582
G1 X314.058 Y158.728
G1 X313.911 Y158.875
G1 X313.911 Y159.021
G1 X313.765 Y159.167
G1 X313.765 Y159.460
G1 X313.618 Y159.607
G1 X313.618 Y159.899
G1 X313.472 Y160.046
G1 X313.472 Y160.339
G1 X313.326 Y160.485
G1 X313.326 Y160.631
G1 X313.179 Y160.778
G1 X313.179 Y161.071
G1 X313.033 Y161.217
G1 X313.033 Y161.363
G1 X312.886 Y161.510
G1 X312.886 Y161.803
G1 X312.740 Y161.949
G1 X312.740 Y162.095
G1 X312.594 Y162.242
G1 X312.594 Y162.535
G1 X312.447 Y162.681
G1 X312.447 Y162.974
G1 X312.301 Y163.120
G1 X312.301 Y163.413
G1 X312.154 Y163.559
G1 X312.154 Y163.706
G1 X312.008 Y163.852
G1 X312.008 Y164.145
G1 X311.862 Y164.291
G1 X311.862 Y164.584
G1 X311.715 Y164.731
G1 X311.715 Y164.877
G1 X311.569 Y165.023
G1 X311.569 Y165.316
G1 X311.422 Y165.463
G1 X311.422 Y165.756
G1 X311.276 Y165.902
G1 X311.276 Y166.048
G1 X311.130 Y166.195
G1 X311.130 Y166.488
G1 X310.983 Y166.634
G1 X310.983 Y166.927
G1 X310.837 Y167.073
G1 X310.837 Y167.220
G1 X310.690 Y167.366
G1 X310.690 Y167.659
G1 X310.544 Y167.805
G1 X310.544 Y168.244
G1 X310.398 Y168.391
G1 X310.398 Y168.830
G1 X310.251 Y168.976
G1 X310.251 Y169.416
G1 X310.105 Y169.562
G1 X310.105 Y170.001
G1 X309.958 Y170.148
G1 X309.958 Y171.172
G1 X309.812 Y171.319
G1 X309.812 Y172.490
G1 X309.958 Y172.636
G1 X309.958 Y173.222
G1 X310.105 Y173.369
G1 X310.105 Y173.661
G1 X310.251 Y173.808
G1 X310.251 Y173.954
G1 X310.544 Y174.247
G1 X310.544 Y174.393
G1 X310.690 Y174.540
G1 X310.690 Y174.686
G1 X310.983 Y174.979
G1 X311.130 Y175.125
G1 X311.276 Y175.272
G1 X311.715 Y175.711
G1 X311.862 Y175.857
G1 X312.008 Y176.004
G1 X312.154 Y176.150
G1 X312.301 Y176.150
G1 X312.447 Y176.297
G1 X312.594 Y176.443
G1 X312.740 Y176.443
G1 X313.033 Y176.736
G1 X313.179 Y176.736
G1 X313.326 Y176.882
G1 X313.472 Y176.882
G1 X313.618 Y177.029
G1 X313.765 Y177.029
G1 X313.911 Y177.175
G1 X314.058 Y177.175
G1 X314.204 Y177.321
G1 X314.350 Y177.468
G1 X314.643 Y177.468
G1 X314.790 Y177.614
G1 X314.936 Y177.614
G1 X315.082 Y177.761
G1 X315.375 Y177.761
G1 X315.522 Y177.907
G1 X315.815 Y177.907
G1 X315.961 Y178.053
G1 X316.254 Y178.053
G1 X316.400 Y178.200
G1 X316.693 Y178.200
G1 X316.839 Y178.346
G1 X317.132 Y178.346
G1 X317.279 Y178.493
G1 X317.571 Y178.493
G1 X317.718 Y178.639
G1 X318.157 Y178.639
G1 X318.303 Y178.785
G1 X318.596 Y178.785
G1 X318.743 Y178.932
G1 X318.889 Y178.932
G1 X319.035 Y179.078
G1 X319.475 Y179.078
G1 X319.621 Y179.225
G1 X319.914 Y179.225
G1 X320.060 Y179.371
G1 X320.499 Y179.371
G1 X320.646 Y179.517
G1 X321.085 Y179.517
G1 X321.231 Y179.664
G1 X321.671 Y179.664
G1 X321.817 Y179.810
G1 X322.110 Y179.810
G1 X322.256 Y179.957
G1 X322.695 Y179.957
G1 X322.842 Y180.103
G1 X323.281 Y180.103
G1 X323.428 Y180.249
G1 X324.013 Y180.249
G1 X324.160 Y180.396
G1 X324.599 Y180.396
G1 X324.745 Y180.542
G1 X325.184 Y180.542
G1 X325.331 Y180.689
G1 X325.770 Y180.689
G1 X325.916 Y180.835
G1 X327.966 Y180.835
G1 X328.259 Y180.542
G1 X328.405 Y180.542
G1 X328.552 Y180.396
G1 X328.698 Y180.249
G1 X328.991 Y180.249
G1 X329.137 Y180.103
G1 X329.284 Y179.957
G1 X329.430 Y179.810
G1 X329.576 Y179.810
G1 X329.723 Y179.664
G1 X329.869 Y179.517
G1 X330.016 Y179.371
G1 X330.162 Y179.225
G1 X330.162 Y179.078
G1 X330.601 Y178.639
G1 X330.601 Y178.493
G1 X330.748 Y178.346
G1 X330.748 Y178.053
G1 X330.894 Y177.907
G1 X330.894 Y177.761
G1 X331.041 Y177.614
G1 X331.041 Y177.468
G1 X331.187 Y177.321
G1 X331.187 Y177.175
G1 X331.333 Y177.029
G1 X331.333 Y176.736
G1 X331.480 Y176.589
G1 X331.480 Y176.443
G1 X331.626 Y176.297
G1 X331.626 Y176.004
G1 X331.773 Y175.857
G1 X331.773 Y175.125
G1 X331.919 Y174.979
G1 X331.919 Y174.540
G1 X332.065 Y174.393
G1 X332.065 Y172.929
G1 X331.919 Y172.783
G1 X331.773 Y172.636
G1 X331.626 Y172.490
G1 X331.480 Y172.490
G1 X331.333 Y172.344
G1 X331.187 Y172.197
G1 X330.748 Y171.758
G1 X330.748 Y171.612
G1 X330.601 Y171.465
G1 X330.601 Y171.319
G1 X330.455 Y171.172
G1 X330.308 Y171.026
G1 X330.308 Y170.880
G1 X330.162 Y170.733
G1 X330.162 Y170.587
G1 X330.016 Y170.440
G1 X330.016 Y170.294
G1 X329.869 Y170.148
G1 X329.869 Y170.001
G1 X329.723 Y169.855
G1 X329.723 Y169.708
G1 X329.576 Y169.562
G1 X329.576 Y169.269
G1 X329.430 Y169.123
G1 X329.284 Y168.976
G1 X329.284 Y168.830
G1 X329.137 Y168.684
G1 X329.137 Y168.391
G1 X328.991 Y168.244
G1 X328.991 Y167.952
G1 X328.844 Y167.805
G1 X328.844 Y167.659
G1 X328.698 Y167.512
G1 X328.698 Y167.366
G1 X328.552 Y167.220
G1 X328.552 Y167.073
G1 X328.405 Y166.927
G1 X328.405 Y166.780
G1 X328.259 Y166.634
G1 X328.259 Y166.488
G1 X328.112 Y166.341
G1 X328.112 Y166.195
G1 X327.966 Y166.048
G1 X327.966 Y165.902
G1 X327.820 Y165.756
G1 X327.820 Y165.609
G1 X327.673 Y165.463
G1 X327.673 Y165.170
G1 X327.527 Y165.023
G1 X327.527 Y164.877
G1 X327.380 Y164.731
G1 X327.380 Y164.584
G1 X327.234 Y164.438
G1 X327.234 Y164.291
G1 X327.088 Y164.145
G1 X327.088 Y163.999
G1 X326.941 Y163.852
G1 X326.941 Y163.559
G1 X326.795 Y163.413
G1 X326.648 Y163.267
G1 X326.648 Y163.120
G1 X326.502 Y162.974
G1 X326.502 Y162.827
G1 X326.356 Y162.681
G1 X326.209 Y162.535
G1 X326.209 Y162.242
G1 X326.063 Y162.095
G1 X325.916 Y161.949
G1 X325.916 Y161.803
G1 X325.770 Y161.656
G1 X325.477 Y161.363
G1 X325.477 Y161.071
G1 X325.477 Y161.363
G1 X325.770 Y161.656
G1 X325.916 Y161.803
G1 X325.916 Y161.949
G1 X326.063 Y162.095
G1 X326.209 Y162.242
G1 X326.209 Y162.535
G1 X326.356 Y162.681
G1 X326.502 Y162.827
G1 X326.502 Y162.974
G1 X326.648 Y163.120
G1 X326.648 Y163.267
G1 X326.795 Y163.413
G1 X326.941 Y163.559
G1 X326.941 Y163.852
G1 X327.088 Y163.999
G1 X327.088 Y164.145
G1 X327.234 Y164.291
G1 X327.234 Y164.438
G1 X327.380 Y164.584
G1 X327.380 Y164.731
G1 X327.527 Y164.877
G1 X327.527 Y165.023
G1 X327.673 Y165.170
G1 X327.673 Y165.463
G1 X327.820 Y165.609
G1 X327.820 Y165.756
G1 X327.966 Y165.902
G1 X327.966 Y166.048
G1 X328.112 Y166.195
G1 X328.112 Y166.341
G1 X328.259 Y166.488
G1 X328.259 Y166.634
G1 X328.405 Y166.780
G1 X328.405 Y166.927
G1 X328.552 Y167.073
G1 X328.552 Y167.220
G1 X328.698 Y167.366
G1 X328.698 Y167.512
G1 X328.844 Y167.659
G1 X328.844 Y167.805
G1 X328.991 Y167.952
G1 X328.991 Y168.244
G1 X329.137 Y168.391
G1 X329.137 Y168.684
G1 X329.284 Y168.830
G1 X329.284 Y168.976
G1 X329.430 Y169.123
G1 X329.576 Y169.269
G1 X329.576 Y169.562
G1 X329.723 Y169.708
G1 X329.723 Y169.855
G1 X329.869 Y170.001
G1 X329.869 Y170.148
G1 X330.016 Y170.294
G1 X330.016 Y170.440
G1 X330.162 Y170.587
G1 X330.162 Y170.733
G1 X330.308 Y170.880
G1 X330.308 Y171.026
G1 X330.455 Y171.172
G1 X330.601 Y171.319
G1 X330.601 Y171.465
G1 X330.748 Y171.612
G1 X330.748 Y171.758
G1 X331.187 Y172.197
G1 X331.333 Y172.344
G1 X331.480 Y172.490
G1 X331.626 Y172.490
G1 X331.773 Y172.636
G1 X331.919 Y172.783
G1 X332.065 Y172.929
G1 X332.212 Y172.929
G1 X332.651 Y172.490
G1 X332.651 Y172.344
G1 X332.797 Y172.197
G1 X332.797 Y171.172
G1 X332.651 Y171.026
G1 X332.651 Y169.562
G1 X332.505 Y169.416
G1 X332.505 Y168.537
G1 X332.358 Y168.391
G1 X332.358 Y168.098
G1 X332.212 Y167.952
G1 X332.212 Y167.659
G1 X332.065 Y167.512
G1 X332.065 Y167.220
G1 X331.919 Y167.073
G1 X331.919 Y166.780
G1 X331.773 Y166.634
G1 X331.773 Y166.195
G1 X331.626 Y166.048
G1 X331.626 Y165.756
G1 X331.480 Y165.609
G1 X331.480 Y165.463
G1 X331.333 Y165.316
G1 X331.333 Y165.170
G1 X331.187 Y165.023
G1 X331.187 Y164.877
G1 X331.041 Y164.731
G1 X331.041 Y164.438
G1 X330.894 Y164.291
G1 X330.894 Y163.999
G1 X330.748 Y163.852
G1 X330.748 Y163.706
G1 X330.601 Y163.559
G1 X330.601 Y163.413
G1 X330.455 Y163.267
G1 X330.455 Y162.974
G1 X330.308 Y162.827
G1 X330.308 Y162.535
G1 X330.162 Y162.388
G1 X330.162 Y162.242
G1 X330.016 Y162.095
G1 X330.016 Y161.803
G1 X329.869 Y161.656
G1 X329.869 Y161.510
G1 X329.723 Y161.363
G1 X329.723 Y161.217
G1 X329.576 Y161.071
G1 X329.576 Y160.924
G1 X329.430 Y160.778
G1 X329.430 Y160.485
G1 X329.284 Y160.339
G1 X329.284 Y160.192
G1 X329.137 Y160.046
G1 X329.137 Y159.899
G1 X328.991 Y159.753
G1 X328.991 Y159.607
G1 X328.844 Y159.460
G1 X328.844 Y159.314
G1 X328.698 Y159.167
G1 X328.698 Y159.021
G1 X328.552 Y158.875
G1 X328.552 Y158.728
G1 X328.405 Y158.582
G1 X328.405 Y158.435
G1 X328.259 Y158.289
G1 X328.112 Y158.143
G1 X328.112 Y157.703
G1 X328.112 Y158.143
G1 X328.259 Y158.289
G1 X328.405 Y158.435
G1 X328.405 Y158.582
G1 X328.552 Y158.728
G1 X328.552 Y158.875
G1 X328.698 Y159.021
G1 X328.698 Y159.167
G1 X328.844 Y159.314
G1 X328.844 Y159.460
G1 X328.991 Y159.607
G1 X328.991 Y159.753
G1 X329.137 Y159.899
G1 X329.137 Y160.046
G1 X329.284 Y160.192
G1 X329.284 Y160.339
G1 X329.430 Y160.485
G1 X329.430 Y160.778
G1 X329.576 Y160.924
G1 X329.576 Y161.071
G1 X329.723 Y161.217
G1 X329.723 Y161.363
G1 X329.869 Y161.510
G1 X329.869 Y161.656
G1 X330.016 Y161.803
G1 X330.016 Y162.095
G1 X330.162 Y162.242
G1 X330.162 Y162.388
G1 X330.308 Y162.535
G1 X330.308 Y162.827
G1 X330.455 Y162.974
G1 X330.455 Y163.267
G1 X330.601 Y163.413
G1 X330.601 Y163.559
G1 X330.748 Y163.706
G1 X330.748 Y163.852
G1 X330.894 Y163.999
G1 X330.894 Y164.291
G1 X331.041 Y164.438
G1 X331.041 Y164.731
G1 X331.187 Y164.877
G1 X331.187 Y165.023
G1 X331.333 Y165.170
G1 X331.333 Y165.316
G1 X331.480 Y165.463
G1 X331.480 Y165.609
G1 X331.626 Y165.756
G1 X331.626 Y166.048
G1 X331.773 Y166.195
G1 X331.773 Y166.634
G1 X331.919 Y166.780
G1 X331.919 Y167.073
G1 X332.065 Y167.220
G1 X332.065 Y167.512
G1 X332.212 Y167.659
G1 X332.212 Y167.952
G1 X332.358 Y168.098
G1 X332.358 Y168.391
G1 X332.505 Y168.537
G1 X332.505 Y169.416
G1 X332.651 Y169.562
G1 X332.651 Y171.026
G1 X332.797 Y171.172
G1 X332.797 Y172.197
G1 X332.651 Y172.344
G1 X332.651 Y172.490
G1 X332.212 Y172.929
G1 X332.065 Y172.929
G1 X332.065 Y174.393
G1 X331.919 Y174.540
G1 X331.919 Y174.979
G1 X331.773 Y175.125
G1 X331.773 Y175.857
G1 X331.626 Y176.004
G1 X331.626 Y176.297
G1 X331.480 Y176.443
G1 X331.480 Y176.589
G1 X331.333 Y176.736
G1 X331.333 Y177.029
G1 X331.187 Y177.175
G1 X331.187 Y177.321
G1 X331.041 Y177.468
G1 X331.041 Y177.614
G1 X330.894 Y177.761
G1 X330.894 Y177.907
G1 X330.748 Y178.053
G1 X330.748 Y178.346
G1 X330.601 Y178.493
G1 X330.601 Y178.639
G1 X330.162 Y179.078
G1 X330.162 Y179.225
G1 X330.016 Y179.371
G1 X329.869 Y179.517
G1 X329.723 Y179.664
G1 X329.576 Y179.810
G1 X329.430 Y179.810
G1 X329.284 Y179.957
G1 X329.137 Y180.103
G1 X328.991 Y180.249
G1 X328.698 Y180.249
G1 X328.552 Y180.396
G1 X328.405 Y180.542
G1 X328.259 Y180.542
G1 X327.966 Y180.835
G1 X325.916 Y180.835
G1 X325.770 Y180.689
G1 X325.331 Y180.689
G1 X325.184 Y180.542
G1 X324.745 Y180.542
G1 X324.599 Y180.396
G1 X324.160 Y180.396
G1 X324.013 Y180.249
G1 X323.428 Y180.249
G1 X323.281 Y180.103
G1 X322.842 Y180.103
G1 X322.695 Y179.957
G1 X322.256 Y179.957
G1 X322.110 Y179.810
G1 X321.817 Y179.810
G1 X321.671 Y179.664
G1 X321.231 Y179.664
G1 X321.085 Y179.517
G1 X320.646 Y179.517
G1 X320.499 Y179.371
G1 X320.060 Y179.371
G1 X319.914 Y179.225
G1 X319.621 Y179.225
G1 X319.475 Y179.078
G1 X319.035 Y179.078
G1 X318.889 Y178.932
G1 X318.743 Y178.932
G1 X318.596 Y178.785
G1 X318.303 Y178.785
G1 X318.157 Y178.639
G1 X317.718 Y178.639
G1 X317.571 Y178.493
G1 X317.279 Y178.493
G1 X317.132 Y178.346
G1 X316.839 Y178.346
G1 X316.693 Y178.200
G1 X316.400 Y178.200
G1 X316.254 Y178.053
G1 X315.961 Y178.053
G1 X315.815 Y177.907
G1 X315.522 Y177.907
G1 X315.375 Y177.761
G1 X315.082 Y177.761
G1 X314.936 Y177.614
G1 X314.790 Y177.614
G1 X314.643 Y177.468
G1 X314.350 Y177.468
G1 X314.204 Y177.321
G1 X314.058 Y177.175
G1 X313.911 Y177.175
G1 X313.765 Y177.029
G1 X313.618 Y177.029
G1 X313.472 Y176.882
G1 X313.326 Y176.882
G1 X313.179 Y176.736
G1 X313.033 Y176.736
G1 X312.740 Y176.443
G1 X312.594 Y176.443
G1 X312.447 Y176.297
G1 X312.301 Y176.150
G1 X312.154 Y176.150
G1 X312.008 Y176.004
G1 X311.862 Y175.857
G1 X311.715 Y175.711
G1 X311.276 Y175.272
G1 X311.130 Y175.125
G1 X310.983 Y174.979
G1 X310.690 Y174.686
G1 X310.690 Y174.540
G1 X310.544 Y174.393
G1 X310.544 Y174.247
G1 X310.251 Y173.954
G1 X310.251 Y173.808
G1 X310.105 Y173.661
G1 X310.105 Y173.369
G1 X309.958 Y173.222
G1 X309.958 Y172.636
G1 X309.812 Y172.490
G1 X309.812 Y171.319
G1 X309.958 Y171.172
G1 X309.958 Y170.148
G1 X310.105 Y170.001
G1 X310.105 Y169.562
G1 X310.251 Y169.416
G1 X310.251 Y168.976
G1 X310.398 Y168.830
G1 X310.398 Y168.391
G1 X310.544 Y168.244
G1 X310.544 Y167.805
G1 X310.690 Y167.659
G1 X310.690 Y167.366
G1 X310.837 Y167.220
G1 X310.837 Y167.073
G1 X310.983 Y166.927
G1 X310.983 Y166.634
G1 X311.130 Y166.488
G1 X311.130 Y166.195
G1 X311.276 Y166.048
G1 X311.276 Y165.902
G1 X311.422 Y165.756
G1 X311.422 Y165.463
G1 X311.569 Y165.316
G1 X311.569 Y165.023
G1 X311.715 Y164.877
G1 X311.715 Y164.731
G1 X311.862 Y164.584
G1 X311.862 Y164.291
G1 X312.008 Y164.145
G1 X312.008 Y163.852
G1 X312.154 Y163.706
G1 X312.154 Y163.559
G1 X312.301 Y163.413
G1 X312.301 Y163.120
G1 X312.447 Y162.974
G1 X312.447 Y162.681
G1 X312.594 Y162.535
G1 X312.594 Y162.242
G1 X312.740 Y162.095
G1 X312.740 Y161.949
G1 X312.886 Y161.803
G1 X312.886 Y161.510
G1 X313.033 Y161.363
G1 X313.033 Y161.217
G1 X313.179 Y161.071
G1 X313.179 Y160.778
G1 X313.326 Y160.631
G1 X313.326 Y160.485
G1 X313.472 Y160.339
G1 X313.472 Y160.046
G1 X313.618 Y159.899
G1 X313.618 Y159.607
G1 X313.765 Y159.460
G1 X313.765 Y159.167
G1 X313.911 Y159.021
G1 X313.911 Y158.875
G1 X314.058 Y158.728
G1 X314.058 Y158.582
G1 X314.204 Y158.435
G1 X314.204 Y158.143
G1 X314.350 Y157.996
G1 X314.350 Y157.703
G1 X314.497 Y157.557
G1 X314.497 Y157.264
G1 X314.643 Y157.118
G1 X314.643 Y156.825
G1 X314.790 Y156.678
G1 X314.790 Y156.532
G1 X314.936 Y156.386
G1 X314.936 Y156.093
G1 X315.082 Y155.946
G1 X315.082 Y155.800
G1 X315.229 Y155.654
G1 X315.229 Y155.361
G1 X315.375 Y155.214
G1 X315.522 Y155.068
G1 X315.522 Y154.922
G1 X315.668 Y154.775
G1 X315.668 Y154.482
G1 X315.815 Y154.336
G1 X315.815 Y154.190
G1 X315.961 Y154.043
G1 X315.961 Y153.897
G1 X316.107 Y153.750
G1 X316.107 Y153.604
G1 X316.254 Y153.458
G1 X316.400 Y153.311
G1 X316.547 Y153.165
G1 X316.693 Y153.018
G1 X316.839 Y152.872
G1 X316.986 Y152.726
G1 X317.132 Y152.579
G1 X317.279 Y152.433
G1 X317.425 Y152.433
G1 X317.571 Y152.286
G1 X317.718 Y152.140
G1 X318.157 Y151.701
G1 X318.303 Y151.701
G1 X318.596 Y151.408
G1 X318.743 Y151.408
G1 X318.889 Y151.262
G1 X319.035 Y151.262
G1 X319.182 Y151.115
G1 X319.328 Y151.115
G1 X319.475 Y150.969
G1 X319.621 Y150.822
G1 X319.767 Y150.822
G1 X319.914 Y150.676
G1 X320.207 Y150.676
G1 X320.353 Y150.530
G1 X320.646 Y150.530
G1 X320.792 Y150.383
G1 X320.939 Y150.383
G1 X321.085 Y150.237
G1 X321.231 Y150.237
G1 X321.378 Y150.090
G1 X321.524 Y150.090
G1 X321.671 Y149.944
G1 X321.963 Y149.944
G1 X322.110 Y149.797
G1 X322.403 Y149.797
G1 X322.549 Y149.651
G1 X322.842 Y149.651
G1 X322.988 Y149.505
G1 X323.281 Y149.505
G1 X323.428 Y149.358
G1 X323.720 Y149.358
G1 X323.867 Y149.212
G1 X324.160 Y149.212
G1 X324.306 Y149.065
G1 X324.599 Y149.065
G1 X324.745 Y148.919
G1 X324.892 Y148.919
G1 X325.038 Y148.773
G1 X325.477 Y148.773
G1 X325.624 Y148.626
G1 X325.916 Y148.626
G1 X326.063 Y148.480
G1 X326.209 Y148.333
G1 X326.356 Y148.333
G1 X326.502 Y148.187
G1 X326.795 Y148.187
G1 X326.941 Y148.041
G1 X327.234 Y148.041
G1 X327.380 Y147.894
G1 X327.673 Y147.894
G1 X327.820 Y147.748
G1 X327.966 Y147.748
G1 X328.112 Y147.601
G1 X328.405 Y147.601
G1 X328.552 Y147.455
G1 X328.844 Y147.455
G1 X328.991 Y147.309
G1 X329.576 Y147.309
G1 X329.723 Y147.162
G1 X330.308 Y147.162
G1 X330.455 Y147.016
G1 X330.601 Y147.162
G1 X330.455 Y147.162
G1 X331.041 Y147.162
G1 X331.187 Y147.309
G1 X331.333 Y147.455
G1 X331.480 Y147.601
G1 X331.626 Y147.748
G1 X331.773 Y147.894
G1 X331.773 Y148.041
G1 X332.065 Y148.333
G1 X332.065 Y148.626
G1 X332.212 Y148.773
G1 X332.212 Y148.919
G1 X332.358 Y149.065
G1 X332.358 Y149.358
G1 X332.505 Y149.505
G1 X332.505 Y149.797
G1 X332.651 Y149.944
G1 X332.651 Y150.090
G1 X332.797 Y150.237
G1 X332.797 Y150.383
G1 X332.944 Y150.530
G1 X332.944 Y150.822
G1 X333.090 Y150.969
G1 X333.090 Y151.115
G1 X333.237 Y151.262
G1 X333.237 Y151.701
G1 X333.383 Y151.847
G1 X333.383 Y152.140
G1 X333.529 Y152.286
G1 X333.529 Y152.726
G1 X333.676 Y152.872
G1 X333.676 Y153.311
G1 X333.822 Y153.458
G1 X333.822 Y153.750
G1 X333.969 Y153.897
G1 X333.969 Y154.336
G1 X334.115 Y154.482
G1 X334.115 Y154.775
G1 X334.261 Y154.922
G1 X334.261 Y155.361
G1 X334.408 Y155.507
G1 X334.408 Y155.946
G1 X334.554 Y156.093
G1 X334.554 Y156.678
G1 X334.701 Y156.825
G1 X334.701 Y157.264
G1 X334.847 Y157.410
G1 X334.847 Y157.850
G1 X334.993 Y157.996
G1 X334.993 Y158.875
G1 X335.140 Y159.021
G1 X335.140 Y160.192
G1 X335.286 Y160.339
G1 X335.286 Y161.510
G1 X335.433 Y161.656
G1 X335.433 Y164.438
G1 X335.579 Y164.584
G1 X335.579 Y170.880
G1 X335.433 Y171.026
G1 X335.433 Y173.076
G1 X335.286 Y173.222
G1 X335.286 Y174.101
G1 X335.140 Y174.247
G1 X335.140 Y175.272
G1 X334.993 Y175.418
G1 X334.993 Y176.589
G1 X334.847 Y176.736
G1 X334.847 Y178.200
G1 X334.701 Y178.346
G1 X334.701 Y180.835
G1 X334.554 Y180.982
G1 X334.554 Y181.128
G1 X334.701 Y181.274
G1 X334.701 Y181.860
G1 X334.847 Y182.006
G1 X334.847 Y182.153
G1 X334.993 Y182.299
G1 X335.433 Y182.299
G1 X335.579 Y182.446
G1 X336.604 Y182.446
G1 X336.750 Y182.592
G1 X338.654 Y182.592
G1 X338.800 Y182.738
G1 X340.850 Y182.738
G1 X340.996 Y182.885
G1 X342.314 Y182.885
G1 X342.460 Y182.738
G1 X343.778 Y182.738
G1 X343.778 Y186.545
G1 X343.631 Y186.691
G1 X343.631 Y187.862
G1 X343.778 Y188.009
G1 X343.778 Y188.155
G1 X343.631 Y188.302
G1 X343.631 Y189.034
G1 X343.485 Y189.034
G1 X343.338 Y189.180
G1 X343.192 Y189.180
G1 X343.046 Y189.327
G1 X342.899 Y189.327
G1 X342.753 Y189.473
G1 X342.606 Y189.619
G1 X342.460 Y189.766
G1 X342.314 Y189.912
G1 X342.314 Y190.205
G1 X342.167 Y190.351
G1 X342.167 Y190.498
G1 X342.021 Y190.644
G1 X342.021 Y190.791
G1 X341.874 Y190.937
G1 X341.874 Y191.083
G1 X341.728 Y191.230
G1 X341.728 Y191.523
G1 X341.582 Y191.669
G1 X341.582 Y191.962
G1 X341.435 Y192.108
G1 X341.435 Y192.255
G1 X341.289 Y192.401
G1 X341.289 Y192.987
G1 X341.142 Y193.133
G1 X341.142 Y193.426
G1 X340.996 Y193.572
G1 X340.996 Y194.304
G1 X340.850 Y194.451
G1 X340.850 Y195.329
G1 X340.703 Y195.475
G1 X340.703 Y196.208
G1 X340.557 Y196.354
G1 X340.557 Y196.940
G1 X340.410 Y196.940
G1 X340.118 Y197.232
G1 X339.971 Y197.232
G1 X339.825 Y197.379
G1 X339.678 Y197.379
G1 X339.532 Y197.525
G1 X339.386 Y197.672
G1 X339.239 Y197.818
G1 X339.239 Y197.964
G1 X339.093 Y198.111
G1 X339.093 Y198.257
G1 X338.800 Y198.550
G1 X338.800 Y199.428
G1 X338.654 Y199.575
G1 X338.654 Y200.307
G1 X338.507 Y200.453
G1 X338.507 Y201.332
G1 X338.361 Y201.332
G1 X338.361 Y201.185
G1 X338.361 Y201.332
G1 X338.214 Y201.332
G1 X338.068 Y201.478
G1 X337.921 Y201.478
G1 X337.775 Y201.624
G1 X337.629 Y201.771
G1 X337.482 Y201.917
G1 X337.336 Y202.064
G1 X337.189 Y202.210
G1 X337.043 Y202.356
G1 X337.043 Y202.503
G1 X336.604 Y202.942
G1 X336.604 Y203.088
G1 X336.311 Y203.381
G1 X336.311 Y203.528
G1 X336.165 Y203.674
G1 X336.165 Y203.821
G1 X336.018 Y203.967
G1 X336.018 Y204.113
G1 X335.872 Y204.260
G1 X335.872 Y204.406
G1 X335.725 Y204.553
G1 X335.725 Y204.699
G1 X335.579 Y204.845
G1 X335.579 Y205.285
G1 X335.433 Y205.431
G1 X335.433 Y205.577
G1 X335.286 Y205.724
G1 X335.286 Y205.870
G1 X335.140 Y206.017
G1 X335.140 Y206.163
G1 X334.993 Y206.309
G1 X334.993 Y206.456
G1 X334.847 Y206.602
G1 X334.847 Y206.749
G1 X334.701 Y206.895
G1 X334.554 Y207.041
G1 X334.408 Y207.188
G1 X334.261 Y207.334
G1 X334.115 Y207.481
G1 X333.822 Y207.481
G1 X333.822 Y208.213
G1 X333.676 Y208.359
G1 X333.676 Y208.945
G1 X333.529 Y209.091
G1 X333.529 Y209.823
G1 X333.383 Y209.969
G1 X333.383 Y210.262
G1 X333.237 Y210.409
G1 X333.237 Y210.555
G1 X333.090 Y210.701
G1 X333.090 Y210.848
G1 X332.944 Y210.994
G1 X332.944 Y211.141
G1 X332.797 Y211.287
G1 X332.797 Y211.434
G1 X332.651 Y211.580
G1 X332.651 Y211.726
G1 X332.505 Y211.873
G1 X332.505 Y212.019
G1 X332.358 Y212.166
G1 X332.358 Y212.312
G1 X332.212 Y212.458
G1 X332.212 Y212.605
G1 X332.065 Y212.751
G1 X332.065 Y213.337
G1 X331.919 Y213.483
G1 X331.919 Y213.922
G1 X331.773 Y214.069
G1 X331.773 Y214.508
G1 X331.626 Y214.654
G1 X331.626 Y215.240
G1 X331.480 Y215.386
G1 X331.480 Y215.826
G1 X331.480 Y215.679
G1 X331.626 Y215.679
G1 X331.480 Y215.679
G1 X331.480 Y215.386
G1 X331.626 Y215.240
G1 X331.626 Y214.654
G1 X331.773 Y214.508
G1 X331.773 Y214.069
G1 X331.919 Y213.922
G1 X331.919 Y213.483
G1 X332.065 Y213.337
G1 X332.065 Y212.751
G1 X332.212 Y212.605
G1 X332.212 Y212.458
G1 X332.358 Y212.312
G1 X332.358 Y212.166
G1 X332.505 Y212.019
G1 X332.505 Y211.873
G1 X332.651 Y211.726
G1 X332.651 Y211.580
G1 X332.797 Y211.434
G1 X332.797 Y211.287
G1 X332.944 Y211.141
G1 X332.944 Y210.994
G1 X333.090 Y210.848
G1 X333.090 Y210.701
G1 X333.237 Y210.555
G1 X333.237 Y210.409
G1 X333.383 Y210.262
G1 X333.383 Y209.969
G1 X333.529 Y209.823
G1 X333.529 Y209.091
G1 X333.676 Y208.945
G1 X333.676 Y208.359
G1 X333.822 Y208.213
G1 X333.822 Y207.481
G1 X333.383 Y207.481
G1 X333.237 Y207.334
G1 X331.626 Y207.334
G1 X333.237 Y207.334
G1 X333.383 Y207.481
G1 X334.115 Y207.481
G1 X334.261 Y207.334
G1 X334.408 Y207.188
G1 X334.554 Y207.041
G1 X334.701 Y206.895
G1 X334.847 Y206.749
G1 X334.847 Y206.602
G1 X334.993 Y206.456
G1 X334.993 Y206.309
G1 X335.140 Y206.163
G1 X335.140 Y206.017
G1 X335.286 Y205.870
G1 X335.286 Y205.724
G1 X335.433 Y205.577
G1 X335.433 Y205.431
G1 X335.579 Y205.285
G1 X335.579 Y204.845
G1 X335.725 Y204.699
G1 X335.725 Y204.553
G1 X335.872 Y204.406
G1 X335.872 Y204.260
G1 X336.018 Y204.113
G1 X336.018 Y203.967
G1 X336.165 Y203.821
G1 X336.165 Y203.674
G1 X336.311 Y203.528
G1 X336.311 Y203.381
G1 X336.604 Y203.088
G1 X336.604 Y202.942
G1 X337.043 Y202.503
G1 X337.043 Y202.356
G1 X337.189 Y202.210
G1 X337.336 Y202.064
G1 X337.482 Y201.917
G1 X337.629 Y201.771
G1 X337.775 Y201.624
G1 X337.921 Y201.478
G1 X338.068 Y201.478
G1 X338.214 Y201.332
G1 X338.654 Y201.332
G1 X338.507 Y201.332
G1 X338.507 Y201.185
G1 X338.361 Y201.185
G1 X338.507 Y201.185
G1 X338.507 Y200.453
G1 X338.654 Y200.307
G1 X338.654 Y199.575
G1 X338.800 Y199.428
G1 X338.800 Y198.550
G1 X339.093 Y198.257
G1 X339.093 Y198.111
G1 X339.239 Y197.964
G1 X339.239 Y197.818
G1 X339.386 Y197.672
G1 X339.532 Y197.525
G1 X339.678 Y197.379
G1 X339.825 Y197.379
G1 X339.971 Y197.232
G1 X340.118 Y197.232
G1 X340.410 Y196.940
G1 X340.703 Y196.940
G1 X340.850 Y197.086
G1 X340.996 Y197.232
G1 X341.142 Y197.379
G1 X341.289 Y197.379
G1 X342.021 Y198.111
G1 X342.021 Y198.404
G1 X342.167 Y198.550
G1 X342.314 Y198.696
G1 X342.460 Y198.843
G1 X342.753 Y199.136
G1 X342.753 Y199.868
G1 X342.899 Y200.014
G1 X342.899 Y201.039
G1 X343.046 Y201.185
G1 X343.046 Y201.624
G1 X343.192 Y201.771
G1 X343.192 Y201.917
G1 X343.338 Y202.064
G1 X343.485 Y202.210
G1 X343.485 Y202.356
G1 X343.631 Y202.503
G1 X343.778 Y202.649
G1 X343.924 Y202.796
G1 X344.070 Y202.942
G1 X344.217 Y203.088
G1 X344.363 Y203.235
G1 X344.802 Y203.235
G1 X344.949 Y203.381
G1 X345.681 Y203.381
G1 X345.827 Y203.235
G1 X346.120 Y203.235
G1 X347.145 Y202.210
G1 X347.145 Y200.892
G1 X346.999 Y200.746
G1 X346.999 Y200.453
G1 X346.852 Y200.307
G1 X346.706 Y200.160
G1 X346.559 Y200.014
G1 X346.413 Y199.868
G1 X346.267 Y199.721
G1 X346.120 Y199.575
G1 X345.974 Y199.575
G1 X345.827 Y199.428
G1 X345.681 Y199.428
G1 X345.534 Y199.282
G1 X344.949 Y199.282
G1 X344.802 Y199.136
G1 X343.631 Y199.136
G1 X344.802 Y199.136
G1 X344.949 Y199.282
G1 X345.534 Y199.282
G1 X345.681 Y199.428
G1 X345.827 Y199.428
G1 X345.974 Y199.575
G1 X346.120 Y199.575
G1 X346.267 Y199.721
G1 X346.413 Y199.868
G1 X346.559 Y200.014
G1 X346.706 Y200.160
G1 X346.852 Y200.307
G1 X346.999 Y200.453
G1 X346.999 Y200.746
G1 X347.145 Y200.892
G1 X347.145 Y202.210
G1 X346.120 Y203.235
G1 X345.827 Y203.235
G1 X345.681 Y203.381
G1 X344.949 Y203.381
G1 X344.802 Y203.235
G1 X344.363 Y203.235
G1 X344.217 Y203.088
G1 X344.070 Y202.942
G1 X343.924 Y202.796
G1 X343.778 Y202.649
G1 X343.631 Y202.503
G1 X343.485 Y202.356
G1 X343.485 Y202.210
G1 X343.338 Y202.064
G1 X343.192 Y201.917
G1 X343.192 Y201.771
G1 X343.046 Y201.624
G1 X343.046 Y201.185
G1 X342.899 Y201.039
G1 X342.899 Y200.014
G1 X342.753 Y199.868
G1 X342.753 Y199.136
G1 X343.338 Y199.136
G1 X343.485 Y198.989
G1 X343.631 Y199.136
G1 X343.485 Y199.136
G1 X343.631 Y199.136
G1 X343.485 Y198.989
G1 X343.338 Y199.136
G1 X342.753 Y199.136
G1 X342.460 Y198.843
G1 X342.314 Y198.696
G1 X342.167 Y198.550
G1 X342.021 Y198.404
G1 X342.021 Y198.111
G1 X341.289 Y197.379
G1 X341.142 Y197.379
G1 X340.996 Y197.232
G1 X340.850 Y197.086
G1 X340.703 Y196.940
G1 X340.557 Y196.940
G1 X340.557 Y196.354
G1 X340.703 Y196.208
G1 X340.703 Y195.475
G1 X340.850 Y195.329
G1 X340.850 Y194.451
G1 X340.996 Y194.304
G1 X340.996 Y193.572
G1 X341.142 Y193.426
G1 X341.142 Y193.133
G1 X341.289 Y192.987
G1 X341.289 Y192.401
G1 X341.435 Y192.255
G1 X341.435 Y192.108
G1 X341.582 Y191.962
G1 X341.582 Y191.669
G1 X341.728 Y191.523
G1 X341.728 Y191.230
G1 X341.874 Y191.083
G1 X341.874 Y190.937
G1 X342.021 Y190.791
G1 X342.021 Y190.644
G1 X342.167 Y190.498
G1 X342.167 Y190.351
G1 X342.314 Y190.205
G1 X342.314 Y189.912
G1 X342.460 Y189.766
G1 X342.606 Y189.619
G1 X342.753 Y189.473
G1 X342.899 Y189.327
G1 X343.046 Y189.327
G1 X343.192 Y189.180
G1 X343.338 Y189.180
G1 X343.485 Y189.034
G1 X343.778 Y189.034
G1 X343.924 Y189.180
G1 X344.070 Y189.327
G1 X344.217 Y189.327
G1 X344.363 Y189.473
G1 X344.510 Y189.619
G1 X344.656 Y189.619
G1 X344.802 Y189.766
G1 X344.949 Y189.912
G1 X345.095 Y190.059
G1 X345.095 Y190.205
G1 X345.242 Y190.351
G1 X345.242 Y190.498
G1 X345.388 Y190.644
G1 X345.388 Y190.791
G1 X345.534 Y190.937
G1 X345.681 Y191.083
G1 X345.827 Y191.230
G1 X345.827 Y191.376
G1 X346.120 Y191.669
G1 X346.120 Y191.815
G1 X346.267 Y191.962
G1 X346.413 Y191.962
G1 X346.267 Y191.962
G1 X346.120 Y191.815
G1 X346.120 Y191.669
G1 X345.827 Y191.376
G1 X345.827 Y191.230
G1 X345.681 Y191.083
G1 X345.534 Y190.937
G1 X345.388 Y190.791
G1 X345.388 Y190.644
G1 X345.242 Y190.498
G1 X345.242 Y190.351
G1 X345.095 Y190.205
G1 X345.095 Y190.059
G1 X344.949 Y189.912
G1 X344.802 Y189.766
G1 X344.656 Y189.619
G1 X344.510 Y189.619
G1 X344.363 Y189.473
G1 X344.217 Y189.327
G1 X344.070 Y189.327
G1 X343.924 Y189.180
G1 X343.778 Y189.034
G1 X343.631 Y189.034
G1 X343.631 Y188.302
G1 X343.778 Y188.155
G1 X343.778 Y188.009
G1 X343.631 Y187.862
G1 X343.631 Y186.691
G1 X343.778 Y186.545
G1 X343.778 Y182.446
G1 X343.924 Y182.299
G1 X343.924 Y182.006
G1 X344.070 Y181.860
G1 X344.070 Y181.714
G1 X344.217 Y181.567
G1 X344.217 Y181.128
G1 X344.363 Y180.982
G1 X344.363 Y180.835
G1 X344.510 Y180.689
G1 X344.510 Y180.542
G1 X344.656 Y180.396
G1 X344.656 Y180.249
G1 X344.802 Y180.103
G1 X344.949 Y179.957
G1 X344.949 Y179.810
G1 X345.095 Y179.664
G1 X344.949 Y179.517
G1 X344.802 Y179.371
G1 X344.802 Y168.098
G1 X344.949 Y167.952
G1 X344.949 Y164.877
G1 X345.095 Y164.731
G1 X345.095 Y161.656
G1 X345.242 Y161.510
G1 X345.242 Y158.143
G1 X345.388 Y157.996
G1 X345.388 Y147.601
G1 X345.242 Y147.455
G1 X345.242 Y144.527
G1 X345.095 Y144.381
G1 X345.095 Y142.624
G1 X344.949 Y142.477
G1 X344.802 Y142.331
G1 X344.802 Y141.013
G1 X344.656 Y140.867
G1 X344.656 Y140.281
G1 X344.510 Y140.135
G1 X344.510 Y139.696
G1 X344.363 Y139.549
G1 X344.363 Y139.110
G1 X344.217 Y138.964
G1 X344.217 Y138.817
G1 X344.070 Y138.671
G1 X344.070 Y138.232
G1 X343.924 Y138.085
G1 X343.924 Y137.792
G1 X343.778 Y137.646
G1 X343.778 Y137.353
G1 X343.631 Y137.207
G1 X343.631 Y136.914
G1 X343.485 Y136.768
G1 X343.485 Y136.475
G1 X343.338 Y136.328
G1 X343.338 Y135.889
G1 X343.192 Y135.743
G1 X343.192 Y135.450
G1 X343.046 Y135.304
G1 X343.046 Y135.011
G1 X342.899 Y134.864
G1 X342.899 Y134.571
G1 X342.753 Y134.425
G1 X342.753 Y134.132
G1 X342.606 Y133.986
G1 X342.606 Y133.400
G1 X342.460 Y133.254
G1 X342.460 Y132.815
G1 X342.314 Y132.668
G1 X342.314 Y132.375
G1 X342.167 Y132.229
G1 X342.167 Y131.790
G1 X342.021 Y131.643
G1 X342.021 Y131.204
G1 X341.874 Y131.058
G1 X341.874 Y130.765
G1 X341.728 Y130.619
G1 X341.728 Y130.472
G1 X341.582 Y130.326
G1 X341.582 Y129.740
G1 X341.435 Y129.594
G1 X341.435 Y129.301
G1 X341.289 Y129.155
G1 X341.289 Y128.715
G1 X341.142 Y128.569
G1 X341.142 Y128.130
G1 X340.996 Y127.983
G1 X340.996 Y127.251
G1 X340.850 Y127.105
G1 X340.850 Y126.519
G1 X340.703 Y126.373
G1 X340.703 Y125.787
G1 X340.557 Y125.641
G1 X340.557 Y124.909
G1 X340.410 Y124.762
G1 X340.410 Y124.177
G1 X340.264 Y124.030
G1 X340.264 Y123.591
G1 X340.118 Y123.445
G1 X340.118 Y123.152
G1 X339.971 Y123.006
G1 X339.971 Y122.713
G1 X339.825 Y122.566
G1 X339.825 Y122.274
G1 X339.678 Y122.127
G1 X339.678 Y121.981
G1 X339.532 Y121.834
G1 X339.386 Y121.834
G1 X339.239 Y121.688
G1 X339.239 Y121.834
G1 X339.093 Y121.981
G1 X338.946 Y122.127
G1 X338.800 Y122.274
G1 X338.654 Y122.274
G1 X338.507 Y122.420
G1 X338.361 Y122.420
G1 X338.214 Y122.566
G1 X338.068 Y122.566
G1 X337.921 Y122.713
G1 X337.629 Y122.713
G1 X337.482 Y122.859
G1 X337.189 Y122.859
G1 X337.043 Y123.006
G1 X336.604 Y123.006
G1 X336.457 Y123.152
G1 X336.165 Y123.152
G1 X336.018 Y123.298
G1 X335.872 Y123.298
G1 X335.725 Y123.445
G1 X335.433 Y123.445
G1 X335.286 Y123.591
G1 X334.993 Y123.591
G1 X334.847 Y123.738
G1 X334.554 Y123.738
G1 X334.408 Y123.884
G1 X334.115 Y123.884
G1 X333.969 Y124.030
G1 X333.822 Y124.030
G1 X333.676 Y124.177
G1 X333.383 Y124.177
G1 X333.237 Y124.323
G1 X332.797 Y124.323
G1 X332.651 Y124.470
G1 X332.358 Y124.470
G1 X332.212 Y124.616
G1 X331.919 Y124.616
G1 X331.773 Y124.762
G1 X331.333 Y124.762
G1 X331.187 Y124.909
G1 X330.894 Y124.909
G1 X330.748 Y125.055
G1 X330.308 Y125.055
G1 X330.162 Y125.202
G1 X329.723 Y125.202
G1 X329.576 Y125.348
G1 X329.430 Y125.494
G1 X329.284 Y125.641
G1 X328.991 Y125.641
G1 X329.284 Y125.641
G1 X329.430 Y125.494
G1 X329.576 Y125.348
G1 X329.723 Y125.202
G1 X330.162 Y125.202
G1 X330.308 Y125.055
G1 X330.748 Y125.055
G1 X330.894 Y124.909
G1 X331.187 Y124.909
G1 X331.333 Y124.762
G1 X331.773 Y124.762
G1 X331.919 Y124.616
G1 X332.212 Y124.616
G1 X332.358 Y124.470
G1 X332.651 Y124.470
G1 X332.797 Y124.323
G1 X333.237 Y124.323
G1 X333.383 Y124.177
G1 X333.676 Y124.177
G1 X333.822 Y124.030
G1 X333.969 Y124.030
G1 X334.115 Y123.884
G1 X334.408 Y123.884
G1 X334.554 Y123.738
G1 X334.847 Y123.738
G1 X334.993 Y123.591
G1 X335.286 Y123.591
G1 X335.433 Y123.445
G1 X335.725 Y123.445
G1 X335.872 Y123.298
G1 X336.018 Y123.298
G1 X336.165 Y123.152
G1 X336.457 Y123.152
G1 X336.604 Y123.006
G1 X337.043 Y123.006
G1 X337.189 Y122.859
G1 X337.482 Y122.859
G1 X337.629 Y122.713
G1 X337.921 Y122.713
G1 X338.068 Y122.566
G1 X338.214 Y122.566
G1 X338.361 Y122.420
G1 X338.507 Y122.420
G1 X338.654 Y122.274
G1 X338.800 Y122.274
G1 X338.946 Y122.127
G1 X339.093 Y121.981
G1 X339.239 Y121.834
G1 X339.239 Y120.810
G1 X339.093 Y120.663
G1 X339.093 Y119.931
G1 X338.946 Y119.785
G1 X338.800 Y119.638
G1 X338.800 Y119.492
G1 X338.654 Y119.345
G1 X338.654 Y119.199
G1 X338.507 Y119.053
G1 X338.507 Y118.906
G1 X338.361 Y118.760
G1 X338.361 Y118.613
G1 X338.214 Y118.467
G1 X338.214 Y118.174
G1 X338.068 Y118.028
G1 X338.068 Y117.881
G1 X337.921 Y117.735
G1 X337.921 Y117.589
G1 X337.775 Y117.442
G1 X337.775 Y117.296
G1 X337.629 Y117.149
G1 X337.482 Y117.003
G1 X337.482 Y116.857
G1 X337.336 Y116.710
G1 X337.189 Y116.564
G1 X337.189 Y116.417
G1 X336.897 Y116.125
G1 X336.897 Y115.978
G1 X336.750 Y115.832
G1 X336.604 Y115.685
G1 X336.604 Y115.539
G1 X336.457 Y115.393
G1 X336.311 Y115.246
G1 X336.165 Y115.100
G1 X336.165 Y114.953
G1 X336.018 Y114.807
G1 X335.872 Y114.661
G1 X335.872 Y114.514
G1 X335.725 Y114.368
G1 X335.579 Y114.221
G1 X335.433 Y114.075
G1 X335.433 Y113.929
G1 X335.140 Y113.636
G1 X335.140 Y113.489
G1 X334.993 Y113.343
G1 X334.847 Y113.197
G1 X334.701 Y113.050
G1 X334.554 Y112.904
G1 X334.554 Y112.757
G1 X334.261 Y112.464
G1 X334.261 Y112.318
G1 X334.115 Y112.172
G1 X333.969 Y112.025
G1 X333.969 Y111.879
G1 X333.676 Y111.586
G1 X333.676 Y111.440
G1 X333.383 Y111.147
G1 X333.237 Y111.000
G1 X333.237 Y110.708
G1 X332.944 Y110.415
G1 X332.944 Y110.268
G1 X332.797 Y110.122
G1 X332.651 Y109.976
G1 X332.651 Y109.829
G1 X332.505 Y109.683
G1 X332.505 Y109.536
G1 X332.358 Y109.390
G1 X332.212 Y109.244
G1 X332.212 Y109.097
G1 X332.065 Y108.951
G1 X332.065 Y108.804
G1 X331.773 Y108.512
G1 X331.773 Y108.365
G1 X331.626 Y108.219
G1 X331.626 Y107.926
G1 X331.480 Y107.780
G1 X331.480 Y107.633
G1 X331.333 Y107.487
G1 X331.333 Y107.340
G1 X331.187 Y107.194
G1 X331.187 Y107.048
G1 X331.041 Y106.901
G1 X331.041 Y106.608
G1 X330.894 Y106.462
G1 X330.894 Y106.316
G1 X330.748 Y106.169
G1 X330.748 Y105.876
G1 X330.601 Y105.730
G1 X330.601 Y105.437
G1 X330.162 Y104.998
G1 X330.016 Y104.998
G1 X330.016 Y104.119
G1 X329.869 Y103.973
G1 X329.869 Y103.241
G1 X329.723 Y103.095
G1 X329.723 Y102.948
G1 X329.576 Y102.802
G1 X329.576 Y102.509
G1 X329.430 Y102.363
G1 X329.430 Y102.216
G1 X329.284 Y102.070
G1 X329.284 Y101.777
G1 X329.137 Y101.631
G1 X329.137 Y101.484
G1 X328.991 Y101.338
G1 X328.991 Y101.191
G1 X328.844 Y101.045
G1 X328.844 Y100.752
G1 X328.698 Y100.606
G1 X328.698 Y100.459
G1 X328.552 Y100.313
G1 X328.552 Y100.167
G1 X328.405 Y100.020
G1 X328.405 Y99.874
G1 X328.259 Y99.727
G1 X328.259 Y99.581
G1 X328.112 Y99.435
G1 X328.112 Y99.288
G1 X327.966 Y99.142
G1 X327.966 Y98.995
G1 X327.820 Y98.849
G1 X327.820 Y98.703
G1 X327.673 Y98.556
G1 X327.673 Y98.410
G1 X327.527 Y98.263
G1 X327.380 Y98.117
G1 X327.380 Y97.971
G1 X327.234 Y97.824
G1 X327.234 Y97.678
G1 X327.088 Y97.531
G1 X327.088 Y97.385
G1 X326.795 Y97.092
G1 X326.795 Y96.946
G1 X326.648 Y96.799
G1 X326.648 Y96.653
G1 X326.502 Y96.506
G1 X326.356 Y96.360
G1 X326.356 Y96.214
G1 X326.063 Y95.921
G1 X326.063 Y95.774
G1 X325.916 Y95.628
G1 X325.770 Y95.482
G1 X325.770 Y95.335
G1 X325.477 Y95.042
G1 X325.477 Y94.896
G1 X325.038 Y94.457
G1 X325.038 Y94.310
G1 X324.892 Y94.164
G1 X324.745 Y94.018
G1 X324.599 Y93.871
G1 X324.599 Y93.725
G1 X324.306 Y93.432
G1 X324.306 Y93.286
G1 X324.160 Y93.139
G1 X324.013 Y92.993
G1 X323.867 Y92.846
G1 X323.867 Y92.700
G1 X323.720 Y92.554
G1 X323.574 Y92.407
G1 X323.281 Y92.114
G1 X323.281 Y91.968
G1 X322.256 Y90.943
G1 X322.256 Y90.797
G1 X322.110 Y90.650
G1 X321.963 Y90.504
G1 X321.817 Y90.358
G1 X321.671 Y90.211
G1 X321.524 Y90.065
G1 X321.378 Y89.918
G1 X321.231 Y89.772
G1 X321.085 Y89.625
G1 X320.939 Y89.625
G1 X320.792 Y89.479
G1 X320.646 Y89.479
G1 X320.499 Y89.333
G1 X320.353 Y89.333
G1 X320.207 Y89.186
G1 X320.060 Y89.040
G1 X319.914 Y88.893
G1 X319.914 Y89.040
G1 X319.767 Y89.186
G1 X319.621 Y89.333
G1 X319.475 Y89.479
G1 X319.328 Y89.625
G1 X319.182 Y89.772
G1 X319.035 Y89.918
G1 X318.889 Y90.065
G1 X318.450 Y90.504
G1 X318.303 Y90.650
G1 X318.157 Y90.797
G1 X318.011 Y90.797
G1 X317.864 Y90.943
G1 X317.718 Y91.090
G1 X317.571 Y91.236
G1 X317.425 Y91.236
G1 X317.279 Y91.382
G1 X317.132 Y91.382
G1 X316.986 Y91.529
G1 X316.839 Y91.675
G1 X316.693 Y91.822
G1 X316.400 Y91.822
G1 X316.254 Y91.968
G1 X316.107 Y92.114
G1 X315.961 Y92.114
G1 X315.815 Y92.261
G1 X315.668 Y92.261
G1 X315.375 Y92.554
G1 X315.229 Y92.554
G1 X315.082 Y92.700
G1 X314.936 Y92.700
G1 X314.790 Y92.846
G1 X314.643 Y92.846
G1 X314.497 Y92.993
G1 X314.350 Y93.139
G1 X314.204 Y93.139
G1 X314.058 Y93.286
G1 X313.911 Y93.286
G1 X313.765 Y93.432
G1 X313.618 Y93.578
G1 X313.326 Y93.578
G1 X312.740 Y94.164
G1 X312.447 Y94.164
G1 X312.301 Y94.018
G1 X311.862 Y94.018
G1 X311.715 Y93.871
G1 X311.130 Y93.871
G1 X310.983 Y93.725
G1 X310.837 Y93.725
G1 X310.690 Y93.578
G1 X310.105 Y93.578
G1 X309.958 Y93.432
G1 X309.666 Y93.432
G1 X309.519 Y93.286
G1 X309.373 Y93.139
G1 X309.226 Y93.139
G1 X309.226 Y92.700
G1 X309.080 Y92.554
G1 X309.080 Y92.114
G1 X308.934 Y91.968
G1 X308.934 Y91.675
G1 X308.787 Y91.529
G1 X308.787 Y91.382
G1 X308.641 Y91.236
G1 X308.494 Y91.090
G1 X308.494 Y90.943
G1 X307.616 Y90.065
G1 X307.616 Y89.918
G1 X307.469 Y89.772
G1 X307.323 Y89.625
G1 X307.177 Y89.479
G1 X307.177 Y89.333
G1 X307.030 Y89.186
G1 X307.030 Y89.040
G1 X306.884 Y88.893
G1 X306.884 Y88.601
G1 X306.737 Y88.454
G1 X306.737 Y88.161
G1 X306.152 Y88.161
G1 X306.005 Y88.015
G1 X305.713 Y88.015
G1 X305.566 Y87.869
G1 X305.127 Y87.869
G1 X304.981 Y87.722
G1 X304.834 Y87.576
G1 X304.688 Y87.576
G1 X304.102 Y86.990
G1 X303.956 Y86.990
G1 X303.809 Y86.844
G1 X303.663 Y86.697
G1 X303.517 Y86.551
G1 X303.370 Y86.405
G1 X303.224 Y86.405
G1 X302.931 Y86.112
G1 X302.785 Y85.965
G1 X302.638 Y85.819
G1 X302.492 Y85.819
G1 X302.345 Y85.673
G1 X302.199 Y85.526
G1 X301.760 Y85.087
G1 X301.613 Y85.087
G1 X301.467 Y84.941
G1 X301.321 Y84.794
G1 X301.174 Y84.648
G1 X301.028 Y84.501
G1 X300.881 Y84.355
G1 X300.735 Y84.209
G1 X300.588 Y84.209
G1 X300.442 Y84.062
G1 X300.296 Y83.916
G1 X300.149 Y83.916
G1 X300.003 Y83.769
G1 X299.856 Y83.623
G1 X299.710 Y83.477
G1 X299.564 Y83.330
G1 X299.417 Y83.184
G1 X299.271 Y83.037
G1 X299.124 Y82.891
G1 X298.978 Y82.745
G1 X298.832 Y82.598
G1 X298.685 Y82.452
G1 X298.539 Y82.305
G1 X298.392 Y82.159
G1 X298.246 Y82.012
G1 X298.246 Y81.866
G1 X298.100 Y81.720
G1 X298.100 Y81.427
G1 X297.953 Y81.280
G1 X297.953 Y79.816
G1 X298.100 Y79.670
G1 X298.100 Y79.084
G1 X298.246 Y78.938
G1 X298.246 Y78.792
G1 X298.392 Y78.645
G1 X298.392 Y78.352
G1 X298.539 Y78.206
G1 X298.539 Y78.060
G1 X298.685 Y77.913
G1 X298.685 Y77.767
G1 X298.832 Y77.620
G1 X298.832 Y77.474
G1 X298.978 Y77.328
G1 X299.124 Y77.181
G1 X299.124 Y77.035
G1 X299.271 Y76.888
G1 X299.271 Y76.742
G1 X299.417 Y76.596
G1 X299.417 Y76.449
G1 X299.564 Y76.303
G1 X299.710 Y76.156
G1 X299.710 Y76.010
G1 X299.856 Y75.864
G1 X299.856 Y75.424
G1 X300.003 Y75.278
G1 X300.003 Y74.839
G1 X300.149 Y74.692
G1 X300.149 Y74.253
G1 X300.296 Y74.107
G1 X300.296 Y73.960
G1 X300.149 Y73.814
G1 X300.003 Y73.667
G1 X299.856 Y73.521
G1 X299.710 Y73.521
G1 X299.564 Y73.375
G1 X299.417 Y73.375
G1 X299.271 Y73.228
G1 X298.978 Y73.228
G1 X298.832 Y73.082
G1 X298.392 Y73.082
G1 X298.246 Y72.935
G1 X297.807 Y72.935
G1 X297.660 Y72.789
G1 X297.514 Y72.789
G1 X297.514 Y72.935
G1 X297.368 Y73.082
G1 X297.221 Y73.228
G1 X297.075 Y73.375
G1 X297.075 Y73.667
G1 X296.928 Y73.814
G1 X296.928 Y74.546
G1 X296.782 Y74.692
G1 X296.782 Y74.985
G1 X296.636 Y75.132
G1 X296.636 Y75.278
G1 X296.489 Y75.424
G1 X296.489 Y75.717
G1 X296.343 Y75.864
G1 X296.343 Y76.156
G1 X296.196 Y76.303
G1 X296.196 Y76.449
G1 X296.050 Y76.596
G1 X296.050 Y76.888
G1 X295.904 Y77.035
G1 X295.904 Y77.181
G1 X295.757 Y77.328
G1 X295.757 Y77.620
G1 X295.611 Y77.767
G1 X295.611 Y77.913
G1 X295.464 Y78.060
G1 X295.464 Y78.206
G1 X295.318 Y78.352
G1 X295.172 Y78.499
G1 X295.025 Y78.645
G1 X294.879 Y78.792
G1 X294.732 Y78.792
G1 X294.586 Y78.938
G1 X294.147 Y78.938
G1 X294.000 Y79.084
G1 X293.415 Y79.084
G1 X293.268 Y78.938
G1 X292.683 Y78.938
G1 X292.536 Y78.792
G1 X292.390 Y78.645
G1 X292.243 Y78.645
G1 X292.097 Y78.499
G1 X291.951 Y78.499
G1 X291.804 Y78.352
G1 X291.658 Y78.352
G1 X291.511 Y78.206
G1 X291.365 Y78.206
G1 X291.219 Y78.060
G1 X291.072 Y78.060
G1 X290.926 Y77.913
G1 X290.779 Y77.767
G1 X290.633 Y77.767
G1 X290.487 Y77.620
G1 X290.340 Y77.620
G1 X290.194 Y77.474
G1 X290.047 Y77.328
G1 X290.047 Y77.181
G1 X289.901 Y77.035
G1 X289.901 Y76.888
G1 X289.755 Y76.742
G1 X289.755 Y76.449
G1 X289.755 Y76.742
G1 X289.901 Y76.888
G1 X289.901 Y77.035
G1 X290.047 Y77.181
G1 X290.047 Y77.328
G1 X290.194 Y77.474
G1 X290.340 Y77.620
G1 X290.487 Y77.620
G1 X290.633 Y77.767
G1 X290.779 Y77.767
G1 X290.926 Y77.913
G1 X291.072 Y78.060
G1 X291.219 Y78.060
G1 X291.365 Y78.206
G1 X291.511 Y78.206
G1 X291.658 Y78.352
G1 X291.804 Y78.352
G1 X291.951 Y78.499
G1 X292.097 Y78.499
G1 X292.243 Y78.645
G1 X292.390 Y78.645
G1 X292.536 Y78.792
G1 X292.683 Y78.938
G1 X293.268 Y78.938
G1 X293.415 Y79.084
G1 X294.000 Y79.084
G1 X294.147 Y78.938
G1 X294.586 Y78.938
G1 X294.732 Y78.792
G1 X294.879 Y78.792
G1 X295.025 Y78.645
G1 X295.172 Y78.499
G1 X295.318 Y78.352
G1 X295.464 Y78.206
G1 X295.464 Y78.060
G1 X295.611 Y77.913
G1 X295.611 Y77.767
G1 X295.757 Y77.620
G1 X295.757 Y77.328
G1 X295.904 Y77.181
G1 X295.904 Y77.035
G1 X296.050 Y76.888
G1 X296.050 Y76.596
G1 X296.196 Y76.449
G1 X296.196 Y76.303
G1 X296.343 Y76.156
G1 X296.343 Y75.864
G1 X296.489 Y75.717
G1 X296.489 Y75.424
G1 X296.636 Y75.278
G1 X296.636 Y75.132
G1 X296.782 Y74.985
G1 X296.782 Y74.692
G1 X296.928 Y74.546
G1 X296.928 Y73.814
G1 X297.075 Y73.667
G1 X297.075 Y73.375
G1 X297.221 Y73.228
G1 X297.368 Y73.082
G1 X297.514 Y72.935
G1 X297.514 Y72.789
G1 X296.636 Y71.911
G1 X296.489 Y71.911
G1 X296.343 Y71.764
G1 X296.196 Y71.764
G1 X296.050 Y71.618
G1 X295.904 Y71.471
G1 X295.757 Y71.471
G1 X295.611 Y71.325
G1 X295.464 Y71.179
G1 X295.318 Y71.179
G1 X295.172 Y71.032
G1 X295.025 Y71.032
G1 X294.879 Y70.886
G1 X294.440 Y70.886
G1 X294.293 Y70.739
G1 X293.854 Y70.739
G1 X293.708 Y70.593
G1 X293.268 Y70.593
G1 X293.122 Y70.447
G1 X292.975 Y70.447
G1 X292.975 Y70.300
G1 X292.829 Y70.154
G1 X292.829 Y69.861
G1 X292.683 Y69.715
G1 X292.683 Y69.568
G1 X292.536 Y69.422
G1 X292.536 Y69.275
G1 X292.390 Y69.129
G1 X292.390 Y68.983
G1 X292.097 Y68.690
G1 X292.097 Y68.543
G1 X291.951 Y68.397
G1 X291.804 Y68.251
G1 X291.658 Y68.104
G1 X291.511 Y67.958
G1 X291.365 Y67.811
G1 X291.219 Y67.665
G1 X291.072 Y67.519
G1 X290.926 Y67.372
G1 X290.779 Y67.226
G1 X290.779 Y67.079
G1 X290.633 Y66.933
G1 X290.633 Y66.640
G1 X290.487 Y66.494
G1 X290.487 Y66.201
G1 X290.340 Y66.054
G1 X290.340 Y65.908
G1 X290.194 Y65.762
G1 X290.194 Y65.469
G1 X290.340 Y65.322
G1 X290.487 Y65.176
G1 X290.633 Y65.176
G1 X291.511 Y64.298
G1 X291.511 Y64.151
G1 X291.658 Y64.005
G1 X291.804 Y63.858
G1 X291.951 Y63.712
G1 X291.951 Y63.566
G1 X292.097 Y63.419
G1 X292.097 Y63.273
G1 X292.243 Y63.126
G1 X292.390 Y62.980
G1 X292.390 Y62.834
G1 X292.536 Y62.687
G1 X292.536 Y62.541
G1 X292.829 Y62.248
G1 X292.829 Y62.102
G1 X292.975 Y61.955
G1 X293.122 Y61.809
G1 X293.268 Y61.662
G1 X293.415 Y61.516
G1 X293.854 Y61.077
G1 X294.000 Y61.077
G1 X294.147 Y60.930
G1 X294.147 Y56.685
G1 X294.000 Y56.538
G1 X294.000 Y55.953
G1 X293.854 Y55.806
G1 X293.854 Y53.757
G1 X294.000 Y53.610
G1 X294.000 Y51.560
G1 X294.147 Y51.414
G1 X294.147 Y50.536
G1 X294.293 Y50.389
G1 X294.293 Y49.950
G1 X294.440 Y49.804
G1 X294.440 Y49.511
G1 X294.586 Y49.364
G1 X294.586 Y48.925
G1 X294.732 Y48.779
G1 X294.732 Y48.632
G1 X294.879 Y48.486
G1 X294.879 Y48.193
G1 X295.025 Y48.047
G1 X295.025 Y47.900
G1 X295.172 Y47.754
G1 X295.172 Y47.608
G1 X295.318 Y47.461
G1 X295.318 Y47.168
G1 X295.464 Y47.022
G1 X295.464 Y46.876
G1 X295.757 Y46.583
G1 X295.757 Y46.436
G1 X295.904 Y46.290
G1 X295.904 Y46.144
G1 X296.050 Y45.997
G1 X296.050 Y45.851
G1 X296.196 Y45.704
G1 X296.343 Y45.558
G1 X296.343 Y45.412
G1 X296.489 Y45.265
G1 X296.636 Y45.119
G1 X296.782 Y44.972
G1 X296.928 Y44.826
G1 X297.075 Y44.680
G1 X297.221 Y44.533
G1 X297.368 Y44.387
G1 X297.514 Y44.240
G1 X297.660 Y44.094
G1 X297.953 Y44.094
G1 X298.100 Y43.947
G1 X298.246 Y43.947
G1 X298.392 Y43.801
G1 X298.832 Y43.801
G1 X298.832 Y43.215
G1 X298.978 Y43.069
G1 X298.978 Y42.776
G1 X299.124 Y42.630
G1 X299.124 Y42.337
G1 X299.271 Y42.191
G1 X299.271 Y41.751
G1 X299.417 Y41.605
G1 X299.564 Y41.459
G1 X299.710 Y41.312
G1 X299.710 Y41.166
G1 X299.856 Y41.019
G1 X300.003 Y40.873
G1 X300.003 Y40.727
G1 X300.149 Y40.580
G1 X300.149 Y40.434
G1 X300.588 Y39.995
G1 X300.588 Y39.848
G1 X300.735 Y39.702
G1 X300.735 Y39.555
G1 X300.881 Y39.409
G1 X301.028 Y39.263
G1 X301.028 Y39.116
G1 X301.321 Y38.823
G1 X301.321 Y38.677
G1 X301.467 Y38.531
G1 X301.613 Y38.384
G1 X301.760 Y38.238
G1 X301.760 Y38.091
G1 X301.906 Y37.945
G1 X302.053 Y37.799
G1 X302.199 Y37.652
G1 X302.199 Y37.506
G1 X302.345 Y37.359
G1 X302.492 Y37.213
G1 X302.492 Y37.067
G1 X302.638 Y36.920
G1 X302.785 Y36.774
G1 X302.931 Y36.627
G1 X303.370 Y36.188
G1 X303.517 Y36.188
G1 X303.663 Y36.042
G1 X303.809 Y35.895
G1 X303.956 Y35.749
G1 X304.102 Y35.749
G1 X304.249 Y35.602
G1 X304.395 Y35.602
G1 X304.541 Y35.456
G1 X304.834 Y35.456
G1 X304.834 Y35.017
G1 X304.981 Y34.870
G1 X304.981 Y34.431
G1 X305.127 Y34.285
G1 X305.127 Y33.846
G1 X305.273 Y33.699
G1 X305.273 Y33.553
G1 X305.420 Y33.406
G1 X305.420 Y33.260
G1 X305.566 Y33.114
G1 X305.566 Y32.821
G1 X306.005 Y32.382
G1 X306.152 Y32.382
G1 X306.298 Y32.235
G1 X306.591 Y32.235
G1 X306.737 Y32.089
G1 X307.030 Y32.089
G1 X307.177 Y31.942
G1 X307.469 Y31.942
G1 X307.469 Y31.210
G1 X307.616 Y31.064
G1 X307.616 Y30.625
G1 X307.762 Y30.478
G1 X307.762 Y30.186
G1 X307.909 Y30.039
G1 X307.909 Y29.746
G1 X308.055 Y29.600
G1 X308.055 Y29.453
G1 X308.201 Y29.307
G1 X308.348 Y29.161
G1 X308.348 Y29.014
G1 X308.787 Y28.575
G1 X308.934 Y28.429
G1 X309.080 Y28.282
G1 X309.519 Y27.843
G1 X309.666 Y27.697
G1 X309.812 Y27.697
G1 X309.958 Y27.550
G1 X310.105 Y27.404
G1 X310.251 Y27.257
G1 X310.398 Y27.111
G1 X310.544 Y27.111
G1 X310.837 Y26.818
G1 X310.983 Y26.818
G1 X311.130 Y26.672
G1 X311.276 Y26.525
G1 X311.422 Y26.379
G1 X311.569 Y26.379
G1 X311.862 Y26.086
G1 X312.008 Y26.086
G1 X312.154 Y25.940
G1 X312.301 Y25.940
G1 X312.447 Y25.793
G1 X312.594 Y25.793
G1 X312.740 Y25.647
G1 X313.179 Y25.647
G1 X313.326 Y25.501
G1 X314.350 Y25.501
G1 X314.350 Y24.037
G1 X315.229 Y24.037
G1 X313.326 Y24.037
G1 X314.350 Y24.037
G1 X314.350 Y25.501
G1 X313.326 Y25.501
G1 X313.179 Y25.647
G1 X312.740 Y25.647
G1 X312.594 Y25.793
G1 X312.447 Y25.793
G1 X312.301 Y25.940
G1 X312.154 Y25.940
G1 X312.008 Y26.086
G1 X311.862 Y26.086
G1 X311.569 Y26.379
G1 X311.422 Y26.379
G1 X311.276 Y26.525
G1 X311.130 Y26.672
G1 X310.983 Y26.818
G1 X310.837 Y26.818
G1 X310.544 Y27.111
G1 X310.398 Y27.111
G1 X310.251 Y27.257
G1 X310.105 Y27.404
G1 X309.958 Y27.550
G1 X309.812 Y27.697
G1 X309.666 Y27.697
G1 X309.519 Y27.843
G1 X309.080 Y28.282
G1 X308.934 Y28.429
G1 X308.787 Y28.575
G1 X308.348 Y29.014
G1 X308.348 Y29.161
G1 X308.201 Y29.307
G1 X308.055 Y29.453
G1 X308.055 Y29.600
G1 X307.909 Y29.746
G1 X307.909 Y30.039
G1 X307.762 Y30.186
G1 X307.762 Y30.478
G1 X307.616 Y30.625
G1 X307.616 Y31.064
G1 X307.469 Y31.210
G1 X307.469 Y31.796
G1 X307.323 Y31.796
G1 X307.469 Y31.796
G1 X307.469 Y31.942
G1 X307.616 Y31.942
G1 X307.616 Y32.089
G1 X308.201 Y32.674
G1 X308.201 Y33.406
G1 X308.348 Y33.553
G1 X308.348 Y34.870
G1 X308.494 Y35.017
G1 X308.494 Y36.481
G1 X308.201 Y36.774
G1 X308.201 Y36.920
G1 X308.348 Y37.066
G1 X308.494 Y37.213
G1 X308.641 Y37.359
G1 X308.787 Y37.359
G1 X308.934 Y37.506
G1 X310.398 Y37.506
G1 X310.544 Y37.359
G1 X311.130 Y37.359
G1 X311.276 Y37.213
G1 X311.715 Y37.213
G1 X311.862 Y37.067
G1 X312.008 Y36.920
G1 X312.594 Y36.334
G1 X312.594 Y36.188
G1 X312.740 Y36.042
G1 X312.886 Y35.895
G1 X313.033 Y35.749
G1 X313.179 Y35.602
G1 X313.179 Y35.310
G1 X313.326 Y35.163
G1 X313.326 Y34.870
G1 X313.472 Y34.724
G1 X313.472 Y34.578
G1 X313.618 Y34.431
G1 X313.618 Y34.138
G1 X313.765 Y33.992
G1 X313.765 Y33.846
G1 X313.911 Y33.699
G1 X313.911 Y33.260
G1 X314.058 Y33.114
G1 X314.058 Y32.674
G1 X314.204 Y32.528
G1 X314.204 Y32.235
G1 X314.350 Y32.089
G1 X314.350 Y31.650
G1 X314.497 Y31.503
G1 X314.497 Y31.064
G1 X314.643 Y30.918
G1 X314.643 Y30.478
G1 X314.790 Y30.332
G1 X314.790 Y29.893
G1 X314.936 Y29.746
G1 X314.936 Y29.014
G1 X315.082 Y28.868
G1 X315.082 Y28.282
G1 X315.229 Y28.136
G1 X315.229 Y27.404
G1 X315.375 Y27.257
G1 X315.375 Y26.233
G1 X315.668 Y25.940
G1 X315.375 Y26.233
G1 X315.375 Y27.257
G1 X315.229 Y27.404
G1 X315.229 Y28.136
G1 X315.082 Y28.282
G1 X315.082 Y28.868
G1 X314.936 Y29.014
G1 X314.936 Y29.746
G1 X314.790 Y29.893
G1 X314.790 Y30.332
G1 X314.643 Y30.478
G1 X314.643 Y30.918
G1 X314.497 Y31.064
G1 X314.497 Y31.503
G1 X314.350 Y31.650
G1 X314.350 Y32.089
G1 X314.204 Y32.235
G1 X314.204 Y32.528
G1 X314.058 Y32.674
G1 X314.058 Y33.114
G1 X313.911 Y33.260
G1 X313.911 Y33.699
G1 X313.765 Y33.846
G1 X313.765 Y33.992
G1 X313.618 Y34.138
G1 X313.618 Y34.431
G1 X313.472 Y34.578
G1 X313.472 Y34.724
G1 X313.326 Y34.870
G1 X313.326 Y35.163
G1 X313.179 Y35.310
G1 X313.179 Y35.602
G1 X313.033 Y35.749
G1 X312.886 Y35.895
G1 X312.740 Y36.042
G1 X312.594 Y36.188
G1 X312.594 Y36.334
G1 X312.008 Y36.920
G1 X311.862 Y37.067
G1 X311.715 Y37.213
G1 X311.276 Y37.213
G1 X311.130 Y37.359
G1 X310.544 Y37.359
G1 X310.398 Y37.506
G1 X308.934 Y37.506
G1 X308.787 Y37.359
G1 X308.641 Y37.359
G1 X308.494 Y37.213
G1 X308.348 Y37.066
G1 X308.201 Y36.920
G1 X308.201 Y36.774
G1 X308.494 Y36.481
G1 X308.494 Y35.017
G1 X308.348 Y34.870
G1 X308.348 Y33.553
G1 X308.201 Y33.406
G1 X308.201 Y32.674
G1 X307.616 Y32.089
G1 X307.616 Y31.942
G1 X307.323 Y31.942
G1 X307.323 Y31.796
G1 X307.323 Y31.942
G1 X307.177 Y31.942
G1 X307.030 Y32.089
G1 X306.737 Y32.089
G1 X306.591 Y32.235
G1 X306.298 Y32.235
G1 X306.152 Y32.382
G1 X306.005 Y32.382
G1 X305.566 Y32.821
G1 X305.566 Y33.114
G1 X305.420 Y33.260
G1 X305.420 Y33.406
G1 X305.273 Y33.553
G1 X305.273 Y33.699
G1 X305.127 Y33.846
G1 X305.127 Y34.285
G1 X304.981 Y34.431
G1 X304.981 Y34.870
G1 X304.834 Y35.017
G1 X304.834 Y35.456
G1 X304.981 Y35.456
G1 X305.127 Y35.602
G1 X305.273 Y35.749
G1 X305.420 Y35.895
G1 X305.566 Y35.895
G1 X305.713 Y36.042
G1 X306.152 Y36.042
G1 X306.298 Y36.188
G1 X306.445 Y36.188
G1 X306.591 Y36.334
G1 X306.884 Y36.334
G1 X307.030 Y36.481
G1 X307.323 Y36.481
G1 X307.469 Y36.627
G1 X307.762 Y36.627
G1 X307.909 Y36.774
G1 X308.201 Y36.774
G1 X307.909 Y36.774
G1 X307.762 Y36.627
G1 X307.469 Y36.627
G1 X307.323 Y36.481
G1 X307.030 Y36.481
G1 X306.884 Y36.334
G1 X306.591 Y36.334
G1 X306.445 Y36.188
G1 X306.298 Y36.188
G1 X306.152 Y36.042
G1 X305.713 Y36.042
G1 X305.566 Y35.895
G1 X305.420 Y35.895
G1 X305.273 Y35.749
G1 X305.127 Y35.602
G1 X304.981 Y35.456
G1 X304.541 Y35.456
G1 X304.395 Y35.602
G1 X304.249 Y35.602
G1 X304.102 Y35.749
G1 X303.956 Y35.749
G1 X303.809 Y35.895
G1 X303.663 Y36.042
G1 X303.517 Y36.188
G1 X303.370 Y36.188
G1 X302.931 Y36.627
G1 X302.785 Y36.774
G1 X302.638 Y36.920
G1 X302.492 Y37.067
G1 X302.492 Y37.213
G1 X302.345 Y37.359
G1 X302.199 Y37.506
G1 X302.199 Y37.652
G1 X302.053 Y37.799
G1 X301.906 Y37.945
G1 X301.760 Y38.091
G1 X301.760 Y38.238
G1 X301.613 Y38.384
G1 X301.467 Y38.531
G1 X301.321 Y38.677
G1 X301.321 Y38.823
G1 X301.028 Y39.116
G1 X301.028 Y39.263
G1 X300.881 Y39.409
G1 X300.735 Y39.555
G1 X300.735 Y39.702
G1 X300.588 Y39.848
G1 X300.588 Y39.995
G1 X300.149 Y40.434
G1 X300.149 Y40.580
G1 X300.003 Y40.727
G1 X300.003 Y40.873
G1 X299.856 Y41.019
G1 X299.710 Y41.166
G1 X299.710 Y41.312
G1 X299.564 Y41.459
G1 X299.417 Y41.605
G1 X299.271 Y41.751
G1 X299.271 Y42.191
G1 X299.124 Y42.337
G1 X299.124 Y42.630
G1 X298.978 Y42.776
G1 X298.978 Y43.069
G1 X298.832 Y43.215
G1 X298.832 Y43.655
G1 X298.685 Y43.655
G1 X298.832 Y43.655
G1 X298.832 Y43.801
G1 X298.978 Y43.801
G1 X298.978 Y43.947
G1 X299.124 Y44.094
G1 X299.271 Y44.240
G1 X299.417 Y44.387
G1 X299.417 Y44.533
G1 X299.710 Y44.826
G1 X299.710 Y44.972
G1 X299.856 Y45.119
G1 X299.856 Y45.412
G1 X300.003 Y45.558
G1 X300.003 Y45.704
G1 X300.149 Y45.851
G1 X300.149 Y46.144
G1 X300.296 Y46.290
G1 X300.296 Y46.436
G1 X300.442 Y46.583
G1 X300.442 Y46.876
G1 X300.588 Y47.022
G1 X300.588 Y47.315
G1 X300.735 Y47.461
G1 X300.735 Y47.754
G1 X300.881 Y47.900
G1 X300.881 Y48.193
G1 X301.028 Y48.340
G1 X301.028 Y48.779
G1 X301.174 Y48.925
G1 X301.174 Y52.146
G1 X301.028 Y52.293
G1 X301.028 Y52.732
G1 X300.881 Y52.878
G1 X300.881 Y53.025
G1 X300.735 Y53.171
G1 X300.735 Y53.464
G1 X300.588 Y53.610
G1 X300.588 Y53.757
G1 X300.296 Y54.049
G1 X300.296 Y54.342
G1 X300.003 Y54.635
G1 X299.856 Y54.781
G1 X299.710 Y54.928
G1 X299.271 Y55.367
G1 X299.124 Y55.513
G1 X298.978 Y55.660
G1 X298.539 Y56.099
G1 X298.246 Y56.099
G1 X297.953 Y56.392
G1 X297.807 Y56.392
G1 X297.660 Y56.538
G1 X297.514 Y56.685
G1 X297.221 Y56.685
G1 X297.075 Y56.831
G1 X296.928 Y56.831
G1 X296.782 Y56.977
G1 X296.196 Y56.977
G1 X296.050 Y57.124
G1 X295.464 Y57.124
G1 X295.318 Y57.270
G1 X294.732 Y57.270
G1 X294.586 Y57.417
G1 X294.147 Y57.417
G1 X294.586 Y57.417
G1 X294.732 Y57.270
G1 X295.318 Y57.270
G1 X295.464 Y57.124
G1 X296.050 Y57.124
G1 X296.196 Y56.977
G1 X296.782 Y56.977
G1 X296.928 Y56.831
G1 X297.075 Y56.831
G1 X297.221 Y56.685
G1 X297.514 Y56.685
G1 X297.660 Y56.538
G1 X297.807 Y56.392
G1 X297.953 Y56.392
G1 X298.246 Y56.099
G1 X298.539 Y56.099
G1 X298.978 Y55.660
G1 X299.124 Y55.513
G1 X299.271 Y55.367
G1 X299.710 Y54.928
G1 X299.856 Y54.781
G1 X300.003 Y54.635
G1 X300.296 Y54.342
G1 X300.296 Y54.049
G1 X300.588 Y53.757
G1 X300.588 Y53.610
G1 X300.735 Y53.464
G1 X300.735 Y53.171
G1 X300.881 Y53.025
G1 X300.881 Y52.878
G1 X301.028 Y52.732
G1 X301.028 Y52.293
G1 X301.174 Y52.146
G1 X301.174 Y48.925
G1 X301.028 Y48.779
G1 X301.028 Y48.340
G1 X300.881 Y48.193
G1 X300.881 Y47.900
G1 X300.735 Y47.754
G1 X300.735 Y47.461
G1 X300.588 Y47.315
G1 X300.588 Y47.022
G1 X300.442 Y46.876
G1 X300.442 Y46.583
G1 X300.296 Y46.436
G1 X300.296 Y46.290
G1 X300.149 Y46.144
G1 X300.149 Y45.851
G1 X300.003 Y45.704
G1 X300.003 Y45.558
G1 X299.856 Y45.412
G1 X299.856 Y45.119
G1 X299.710 Y44.972
G1 X299.710 Y44.826
G1 X299.417 Y44.533
G1 X299.417 Y44.387
G1 X299.271 Y44.240
G1 X299.124 Y44.094
G1 X298.978 Y43.947
G1 X298.978 Y43.801
G1 X298.685 Y43.801
G1 X298.685 Y43.655
G1 X298.685 Y43.801
G1 X298.392 Y43.801
G1 X298.246 Y43.947
G1 X298.100 Y43.947
G1 X297.953 Y44.094
G1 X297.660 Y44.094
G1 X297.514 Y44.240
G1 X297.368 Y44.387
G1 X297.221 Y44.533
G1 X297.075 Y44.680
G1 X296.928 Y44.826
G1 X296.782 Y44.972
G1 X296.636 Y45.119
G1 X296.489 Y45.265
G1 X296.343 Y45.412
G1 X296.343 Y45.558
G1 X296.196 Y45.704
G1 X296.050 Y45.851
G1 X296.050 Y45.997
G1 X295.904 Y46.144
G1 X295.904 Y46.290
G1 X295.757 Y46.436
G1 X295.757 Y46.583
G1 X295.464 Y46.876
G1 X295.464 Y47.022
G1 X295.318 Y47.168
G1 X295.318 Y47.461
G1 X295.172 Y47.608
G1 X295.172 Y47.754
G1 X295.025 Y47.900
G1 X295.025 Y48.047
G1 X294.879 Y48.193
G1 X294.879 Y48.486
G1 X294.732 Y48.632
G1 X294.732 Y48.779
G1 X294.586 Y48.925
G1 X294.586 Y49.364
G1 X294.440 Y49.511
G1 X294.440 Y49.804
G1 X294.293 Y49.950
G1 X294.293 Y50.389
G1 X294.147 Y50.536
G1 X294.147 Y51.414
G1 X294.000 Y51.560
G1 X294.000 Y53.610
G1 X293.854 Y53.757
G1 X293.854 Y55.806
G1 X294.000 Y55.953
G1 X294.000 Y56.538
G1 X294.147 Y56.685
G1 X294.147 Y60.930
G1 X294.293 Y60.930
G1 X294.440 Y61.077
G1 X294.732 Y61.077
G1 X294.879 Y61.223
G1 X295.172 Y61.223
G1 X295.318 Y61.370
G1 X295.757 Y61.370
G1 X295.904 Y61.516
G1 X296.196 Y61.516
G1 X296.343 Y61.662
G1 X296.489 Y61.662
G1 X296.782 Y61.955
G1 X296.928 Y61.955
G1 X297.221 Y62.248
G1 X297.368 Y62.248
G1 X297.514 Y62.394
G1 X297.660 Y62.541
G1 X297.953 Y62.541
G1 X298.100 Y62.687
G1 X298.246 Y62.834
G1 X298.392 Y62.834
G1 X298.539 Y62.980
G1 X298.685 Y62.980
G1 X298.832 Y63.126
G1 X298.978 Y63.273
G1 X299.124 Y63.419
G1 X299.271 Y63.419
G1 X299.417 Y63.566
G1 X299.564 Y63.566
G1 X299.710 Y63.712
G1 X299.856 Y63.712
G1 X300.003 Y63.858
G1 X300.149 Y64.005
G1 X300.296 Y64.151
G1 X300.442 Y64.151
G1 X300.588 Y64.298
G1 X300.735 Y64.298
G1 X300.881 Y64.444
G1 X301.028 Y64.590
G1 X301.174 Y64.590
G1 X301.321 Y64.737
G1 X301.467 Y64.737
G1 X301.613 Y64.883
G1 X301.760 Y64.883
G1 X301.906 Y65.030
G1 X302.053 Y65.030
G1 X302.345 Y65.322
G1 X302.492 Y65.322
G1 X302.638 Y65.469
G1 X302.931 Y65.469
G1 X303.077 Y65.615
G1 X303.224 Y65.615
G1 X303.370 Y65.762
G1 X303.663 Y65.762
G1 X303.809 Y65.908
G1 X303.956 Y66.054
G1 X304.249 Y66.054
G1 X304.395 Y66.201
G1 X304.834 Y66.201
G1 X304.981 Y66.347
G1 X305.273 Y66.347
G1 X305.566 Y66.640
G1 X306.005 Y66.640
G1 X306.152 Y66.786
G1 X306.298 Y66.933
G1 X306.445 Y66.933
G1 X306.591 Y67.079
G1 X306.737 Y67.226
G1 X306.884 Y67.372
G1 X307.616 Y67.372
G1 X307.762 Y67.519
G1 X308.055 Y67.519
G1 X308.201 Y67.665
G1 X308.348 Y67.665
G1 X308.494 Y67.811
G1 X308.641 Y67.811
G1 X308.641 Y68.104
G1 X308.787 Y68.251
G1 X308.787 Y68.836
G1 X309.080 Y69.129
G1 X309.080 Y69.275
G1 X309.226 Y69.422
G1 X309.373 Y69.568
G1 X309.519 Y69.715
G1 X309.666 Y69.861
G1 X309.812 Y70.007
G1 X309.958 Y70.154
G1 X310.398 Y70.154
G1 X310.544 Y70.300
G1 X311.276 Y70.300
G1 X311.422 Y70.447
G1 X311.569 Y70.300
G1 X311.715 Y70.300
G1 X311.862 Y70.154
G1 X312.008 Y70.154
G1 X312.154 Y70.007
G1 X312.301 Y69.861
G1 X312.740 Y69.422
G1 X312.886 Y69.275
G1 X312.886 Y68.251
G1 X313.033 Y68.104
G1 X313.033 Y67.665
G1 X312.886 Y67.519
G1 X312.886 Y67.079
G1 X312.740 Y66.933
G1 X312.740 Y66.786
G1 X312.594 Y66.640
G1 X312.447 Y66.494
G1 X312.301 Y66.347
G1 X312.154 Y66.201
G1 X312.008 Y66.054
G1 X311.862 Y65.908
G1 X311.569 Y65.908
G1 X311.422 Y65.762
G1 X310.837 Y65.762
G1 X310.690 Y65.615
G1 X310.544 Y65.615
G1 X310.398 Y65.762
G1 X310.105 Y65.762
G1 X309.958 Y65.908
G1 X309.812 Y65.908
G1 X308.787 Y66.933
G1 X308.787 Y67.811
G1 X308.787 Y66.933
G1 X309.812 Y65.908
G1 X309.958 Y65.908
G1 X310.105 Y65.762
G1 X310.398 Y65.762
G1 X310.544 Y65.615
G1 X310.690 Y65.615
G1 X310.837 Y65.762
G1 X311.422 Y65.762
G1 X311.569 Y65.908
G1 X311.862 Y65.908
G1 X312.008 Y66.054
G1 X312.154 Y66.201
G1 X312.301 Y66.347
G1 X312.447 Y66.494
G1 X312.594 Y66.640
G1 X312.740 Y66.786
G1 X312.740 Y66.933
G1 X312.886 Y67.079
G1 X312.886 Y67.519
G1 X313.033 Y67.665
G1 X313.033 Y68.104
G1 X312.886 Y68.251
G1 X312.886 Y69.275
G1 X312.740 Y69.422
G1 X312.301 Y69.861
G1 X312.154 Y70.007
G1 X312.008 Y70.154
G1 X311.862 Y70.154
G1 X311.715 Y70.300
G1 X311.569 Y70.300
G1 X311.422 Y70.447
G1 X311.276 Y70.300
G1 X311.422 Y70.300
G1 X310.544 Y70.300
G1 X310.398 Y70.154
G1 X309.958 Y70.154
G1 X309.812 Y70.007
G1 X309.666 Y69.861
G1 X309.519 Y69.715
G1 X309.373 Y69.568
G1 X309.226 Y69.422
G1 X309.080 Y69.275
G1 X309.080 Y69.129
G1 X308.787 Y68.836
G1 X308.787 Y68.251
G1 X308.641 Y68.104
G1 X308.641 Y67.811
G1 X308.787 Y67.811
G1 X308.494 Y67.811
G1 X308.348 Y67.665
G1 X308.201 Y67.665
G1 X308.055 Y67.519
G1 X307.762 Y67.519
G1 X307.616 Y67.372
G1 X306.884 Y67.372
G1 X306.737 Y67.226
G1 X306.591 Y67.079
G1 X306.445 Y66.933
G1 X306.298 Y66.933
G1 X306.152 Y66.786
G1 X306.005 Y66.640
G1 X305.566 Y66.640
G1 X305.273 Y66.347
G1 X304.981 Y66.347
G1 X304.834 Y66.201
G1 X304.395 Y66.201
G1 X304.249 Y66.054
G1 X303.956 Y66.054
G1 X303.809 Y65.908
G1 X303.663 Y65.762
G1 X303.370 Y65.762
G1 X303.224 Y65.615
G1 X303.077 Y65.615
G1 X302.931 Y65.469
G1 X302.638 Y65.469
G1 X302.492 Y65.322
G1 X302.345 Y65.322
G1 X302.053 Y65.030
G1 X301.906 Y65.030
G1 X301.760 Y64.883
G1 X301.613 Y64.883
G1 X301.467 Y64.737
G1 X301.321 Y64.737
G1 X301.174 Y64.590
G1 X301.028 Y64.590
G1 X300.881 Y64.444
G1 X300.735 Y64.298
G1 X300.588 Y64.298
G1 X300.442 Y64.151
G1 X300.296 Y64.151
G1 X300.149 Y64.005
G1 X300.003 Y63.858
G1 X299.856 Y63.712
G1 X299.710 Y63.712
G1 X299.564 Y63.566
G1 X299.417 Y63.566
G1 X299.271 Y63.419
G1 X299.124 Y63.419
G1 X298.978 Y63.273
G1 X298.832 Y63.126
G1 X298.685 Y62.980
G1 X298.539 Y62.980
G1 X298.392 Y62.834
G1 X298.246 Y62.834
G1 X298.100 Y62.687
G1 X297.953 Y62.541
G1 X297.660 Y62.541
G1 X297.514 Y62.394
G1 X297.368 Y62.248
G1 X297.221 Y62.248
G1 X296.928 Y61.955
G1 X296.782 Y61.955
G1 X296.489 Y61.662
G1 X296.343 Y61.662
G1 X296.196 Y61.516
G1 X295.904 Y61.516
G1 X295.757 Y61.370
G1 X295.318 Y61.370
G1 X295.172 Y61.223
G1 X294.879 Y61.223
G1 X294.732 Y61.077
G1 X294.440 Y61.077
G1 X294.293 Y60.930
G1 X294.147 Y60.930
G1 X294.000 Y61.077
G1 X293.854 Y61.077
G1 X293.415 Y61.516
G1 X293.268 Y61.662
G1 X293.122 Y61.809
G1 X292.975 Y61.955
G1 X292.829 Y62.102
G1 X292.829 Y62.248
G1 X292.536 Y62.541
G1 X292.536 Y62.687
G1 X292.390 Y62.834
G1 X292.390 Y62.980
G1 X292.243 Y63.126
G1 X292.097 Y63.273
G1 X292.097 Y63.419
G1 X291.951 Y63.566
G1 X291.951 Y63.712
G1 X291.804 Y63.858
G1 X291.658 Y64.005
G1 X291.511 Y64.151
G1 X291.511 Y64.298
G1 X290.633 Y65.176
G1 X290.487 Y65.176
G1 X290.340 Y65.322
G1 X290.194 Y65.469
G1 X289.901 Y65.469
G1 X289.755 Y65.322
G1 X289.315 Y65.322
G1 X289.169 Y65.176
G1 X288.730 Y65.176
G1 X288.583 Y65.030
G1 X287.998 Y65.030
G1 X287.851 Y64.883
G1 X287.705 Y64.883
G1 X287.559 Y64.737
G1 X287.266 Y64.737
G1 X287.119 Y64.590
G1 X286.973 Y64.590
G1 X286.827 Y64.444
G1 X286.534 Y64.444
G1 X286.387 Y64.298
G1 X286.241 Y64.298
G1 X286.095 Y64.151
G1 X285.948 Y64.151
G1 X285.802 Y64.005
G1 X285.655 Y64.005
G1 X285.509 Y63.858
G1 X285.216 Y63.858
G1 X285.070 Y63.712
G1 X284.777 Y63.712
G1 X284.630 Y63.566
G1 X284.484 Y63.419
G1 X284.338 Y63.419
G1 X284.191 Y63.273
G1 X283.898 Y63.273
G1 X283.752 Y63.126
G1 X283.606 Y63.126
G1 X283.459 Y62.980
G1 X283.313 Y62.980
G1 X283.166 Y62.834
G1 X283.020 Y62.834
G1 X282.874 Y62.687
G1 X282.727 Y62.687
G1 X282.581 Y62.541
G1 X282.288 Y62.541
G1 X282.142 Y62.394
G1 X281.995 Y62.394
G1 X281.849 Y62.248
G1 X281.702 Y62.248
G1 X281.556 Y62.102
G1 X281.410 Y62.102
G1 X281.263 Y61.955
G1 X281.117 Y61.955
G1 X280.970 Y61.809
G1 X280.824 Y61.662
G1 X280.678 Y61.662
G1 X280.531 Y61.516
G1 X280.238 Y61.516
G1 X280.092 Y61.370
G1 X279.946 Y61.370
G1 X279.799 Y61.223
G1 X279.653 Y61.223
G1 X279.506 Y61.077
G1 X279.360 Y61.077
G1 X279.214 Y60.930
G1 X279.067 Y60.930
G1 X278.921 Y60.784
G1 X278.774 Y60.784
G1 X278.628 Y60.638
G1 X278.482 Y60.638
G1 X278.335 Y60.491
G1 X278.189 Y60.491
G1 X278.042 Y60.345
G1 X277.457 Y60.345
G1 X277.310 Y60.198
G1 X277.310 Y60.345
G1 X276.432 Y61.223
G1 X276.432 Y64.298
G1 X276.578 Y64.444
G1 X276.578 Y65.615
G1 X276.432 Y65.615
G1 X275.846 Y66.201
G1 X275.846 Y66.347
G1 X275.700 Y66.494
G1 X275.553 Y66.640
G1 X275.553 Y67.079
G1 X275.407 Y67.226
G1 X275.407 Y67.519
G1 X275.261 Y67.665
G1 X275.261 Y67.811
G1 X275.114 Y67.958
G1 X275.114 Y68.543
G1 X274.968 Y68.690
G1 X274.968 Y68.836
G1 X274.529 Y69.275
G1 X274.968 Y68.836
G1 X274.968 Y68.690
G1 X275.114 Y68.543
G1 X275.114 Y67.958
G1 X275.261 Y67.811
G1 X275.261 Y67.665
G1 X275.407 Y67.519
G1 X275.407 Y67.226
G1 X275.553 Y67.079
G1 X275.553 Y66.640
G1 X275.700 Y66.494
G1 X275.846 Y66.347
G1 X275.846 Y66.201
G1 X276.432 Y65.615
G1 X276.578 Y65.615
G1 X276.725 Y65.762
G1 X276.871 Y65.762
G1 X277.017 Y65.908
G1 X277.164 Y65.908
G1 X277.457 Y66.201
G1 X277.603 Y66.201
G1 X278.042 Y66.640
G1 X278.189 Y66.640
G1 X278.482 Y66.933
G1 X278.628 Y66.933
G1 X278.774 Y67.079
G1 X278.921 Y67.079
G1 X279.067 Y67.226
G1 X279.214 Y67.372
G1 X279.360 Y67.372
G1 X279.506 Y67.519
G1 X279.653 Y67.519
G1 X279.799 Y67.665
G1 X279.946 Y67.811
G1 X280.092 Y67.811
G1 X279.946 Y67.811
G1 X279.799 Y67.665
G1 X279.653 Y67.519
G1 X279.506 Y67.519
G1 X279.360 Y67.372
G1 X279.214 Y67.372
G1 X279.067 Y67.226
G1 X278.921 Y67.079
G1 X278.774 Y67.079
G1 X278.628 Y66.933
G1 X278.482 Y66.933
G1 X278.189 Y66.640
G1 X278.042 Y66.640
G1 X277.603 Y66.201
G1 X277.457 Y66.201
G1 X277.164 Y65.908
G1 X277.017 Y65.908
G1 X276.871 Y65.762
G1 X276.725 Y65.762
G1 X276.578 Y65.615
G1 X276.578 Y64.444
G1 X276.432 Y64.298
G1 X276.432 Y61.223
G1 X277.310 Y60.345
G1 X277.457 Y60.345
G1 X277.310 Y60.345
G1 X277.310 Y60.198
G1 X277.164 Y60.052
G1 X277.164 Y59.906
G1 X276.871 Y59.613
G1 X276.725 Y59.466
G1 X276.578 Y59.320
G1 X276.432 Y59.173
G1 X276.285 Y59.027
G1 X276.139 Y58.881
G1 X275.993 Y58.734
G1 X275.846 Y58.588
G1 X275.700 Y58.588
G1 X275.407 Y58.295
G1 X275.261 Y58.295
G1 X275.114 Y58.149
G1 X274.968 Y58.002
G1 X274.821 Y58.002
G1 X274.675 Y57.856
G1 X274.529 Y57.709
G1 X274.382 Y57.709
G1 X274.236 Y57.563
G1 X274.089 Y57.417
G1 X273.797 Y57.417
G1 X273.211 Y56.831
G1 X273.211 Y56.685
G1 X273.065 Y56.538
G1 X272.918 Y56.392
G1 X272.772 Y56.245
G1 X272.625 Y56.099
G1 X272.479 Y55.953
G1 X272.333 Y55.806
G1 X272.186 Y55.660
G1 X272.040 Y55.513
G1 X272.040 Y54.635
G1 X271.893 Y54.489
G1 X271.893 Y53.903
G1 X271.747 Y53.757
G1 X271.747 Y53.171
G1 X271.601 Y53.025
G1 X271.601 Y52.732
G1 X271.454 Y52.585
G1 X271.454 Y52.293
G1 X271.308 Y52.146
G1 X271.308 Y52.000
G1 X271.161 Y51.853
G1 X271.161 Y51.560
G1 X271.015 Y51.414
G1 X271.015 Y51.268
G1 X270.869 Y51.121
G1 X270.869 Y50.682
G1 X270.722 Y50.536
G1 X270.722 Y50.096
G1 X270.576 Y49.950
G1 X270.576 Y48.340
G1 X270.429 Y48.193
G1 X270.429 Y46.583
G1 X270.576 Y46.436
G1 X270.576 Y44.094
G1 X270.429 Y43.947
G1 X270.429 Y43.801
G1 X270.283 Y43.655
G1 X270.283 Y43.508
G1 X270.136 Y43.362
G1 X270.136 Y43.215
G1 X269.697 Y42.776
G1 X269.551 Y42.776
G1 X269.404 Y42.630
G1 X268.965 Y42.630
G1 X268.819 Y42.483
G1 X267.501 Y42.483
G1 X267.355 Y42.630
G1 X266.623 Y42.630
G1 X266.476 Y42.776
G1 X266.037 Y42.776
G1 X265.891 Y42.923
G1 X265.452 Y42.923
G1 X265.305 Y43.069
G1 X265.159 Y43.069
G1 X265.012 Y43.215
G1 X264.720 Y43.215
G1 X264.573 Y43.362
G1 X264.280 Y43.362
G1 X264.134 Y43.508
G1 X263.841 Y43.508
G1 X263.695 Y43.655
G1 X263.548 Y43.655
G1 X263.402 Y43.801
G1 X263.256 Y43.801
G1 X263.109 Y43.947
G1 X262.963 Y43.947
G1 X262.670 Y44.240
G1 X262.377 Y44.240
G1 X262.231 Y44.387
G1 X262.084 Y44.387
G1 X261.645 Y44.826
G1 X261.499 Y44.826
G1 X261.352 Y44.972
G1 X261.206 Y45.119
G1 X261.059 Y45.265
G1 X260.913 Y45.412
G1 X260.767 Y45.412
G1 X260.620 Y45.558
G1 X260.181 Y45.997
G1 X260.035 Y46.144
G1 X259.888 Y46.290
G1 X259.449 Y46.729
G1 X259.303 Y46.876
G1 X259.156 Y47.022
G1 X258.863 Y47.315
G1 X258.863 Y47.461
G1 X258.717 Y47.608
G1 X258.571 Y47.754
G1 X258.571 Y47.900
G1 X258.278 Y48.193
G1 X258.278 Y48.340
G1 X258.131 Y48.486
G1 X257.985 Y48.632
G1 X257.985 Y48.779
G1 X257.839 Y48.925
G1 X257.839 Y49.072
G1 X257.692 Y49.218
G1 X257.546 Y49.364
G1 X257.546 Y49.511
G1 X257.399 Y49.657
G1 X257.399 Y49.804
G1 X257.253 Y49.950
G1 X257.253 Y50.096
G1 X257.107 Y50.243
G1 X257.107 Y50.536
G1 X256.960 Y50.682
G1 X256.960 Y50.828
G1 X256.814 Y50.975
G1 X256.814 Y51.121
G1 X256.667 Y51.268
G1 X256.667 Y51.414
G1 X256.521 Y51.560
G1 X256.521 Y51.853
G1 X256.375 Y52.000
G1 X256.375 Y52.146
G1 X256.228 Y52.293
G1 X256.228 Y52.878
G1 X256.082 Y53.025
G1 X256.082 Y53.464
G1 X255.935 Y53.610
G1 X255.935 Y54.196
G1 X255.935 Y53.610
G1 X256.082 Y53.464
G1 X256.082 Y53.025
G1 X256.228 Y52.878
G1 X256.228 Y52.293
G1 X256.375 Y52.146
G1 X256.375 Y52.000
G1 X256.521 Y51.853
G1 X256.521 Y51.560
G1 X256.667 Y51.414
G1 X256.667 Y51.268
G1 X256.814 Y51.121
G1 X256.814 Y50.975
G1 X256.960 Y50.828
G1 X256.960 Y50.682
G1 X257.107 Y50.536
G1 X257.107 Y50.243
G1 X257.253 Y50.096
G1 X257.253 Y49.950
G1 X257.399 Y49.804
G1 X257.399 Y49.657
G1 X257.546 Y49.511
G1 X257.546 Y49.364
G1 X257.692 Y49.218
G1 X257.839 Y49.072
G1 X257.839 Y48.925
G1 X257.985 Y48.779
G1 X257.985 Y48.632
G1 X258.131 Y48.486
G1 X258.278 Y48.340
G1 X258.278 Y48.193
G1 X258.571 Y47.900
G1 X258.571 Y47.754
G1 X258.717 Y47.608
G1 X258.863 Y47.461
G1 X258.863 Y47.315
G1 X259.156 Y47.022
G1 X259.303 Y46.876
G1 X259.449 Y46.729
G1 X259.888 Y46.290
G1 X260.035 Y46.144
G1 X260.181 Y45.997
G1 X260.620 Y45.558
G1 X260.767 Y45.412
G1 X260.913 Y45.412
G1 X261.059 Y45.265
G1 X261.206 Y45.119
G1 X261.352 Y44.972
G1 X261.499 Y44.826
G1 X261.645 Y44.826
G1 X262.084 Y44.387
G1 X262.231 Y44.387
G1 X262.377 Y44.240
G1 X262.670 Y44.240
G1 X262.963 Y43.947
G1 X263.109 Y43.947
G1 X263.256 Y43.801
G1 X263.402 Y43.801
G1 X263.548 Y43.655
G1 X263.695 Y43.655
G1 X263.841 Y43.508
G1 X264.134 Y43.508
G1 X264.280 Y43.362
G1 X264.573 Y43.362
G1 X264.720 Y43.215
G1 X265.012 Y43.215
G1 X265.159 Y43.069
G1 X265.305 Y43.069
G1 X265.452 Y42.923
G1 X265.891 Y42.923
G1 X266.037 Y42.776
G1 X266.476 Y42.776
G1 X266.623 Y42.630
G1 X267.355 Y42.630
G1 X267.501 Y42.483
G1 X268.819 Y42.483
G1 X268.965 Y42.630
G1 X269.404 Y42.630
G1 X269.551 Y42.776
G1 X269.697 Y42.776
G1 X270.136 Y43.215
G1 X270.136 Y43.362
G1 X270.283 Y43.508
G1 X270.283 Y43.655
G1 X270.429 Y43.801
G1 X270.429 Y43.947
G1 X270.576 Y44.094
G1 X270.576 Y46.436
G1 X270.429 Y46.583
G1 X270.429 Y48.193
G1 X270.576 Y48.340
G1 X270.576 Y49.950
G1 X270.722 Y50.096
G1 X270.722 Y50.536
G1 X270.869 Y50.682
G1 X270.869 Y51.121
G1 X271.015 Y51.268
G1 X271.015 Y51.414
G1 X271.161 Y51.560
G1 X271.161 Y51.853
G1 X271.308 Y52.000
G1 X271.308 Y52.146
G1 X271.454 Y52.293
G1 X271.454 Y52.585
G1 X271.601 Y52.732
G1 X271.601 Y53.025
G1 X271.747 Y53.171
G1 X271.747 Y53.757
G1 X271.893 Y53.903
G1 X271.893 Y54.489
G1 X272.040 Y54.635
G1 X272.040 Y55.367
G1 X271.747 Y55.367
G1 X271.747 Y55.513
G1 X271.601 Y55.660
G1 X270.869 Y55.660
G1 X270.722 Y55.513
G1 X269.990 Y55.513
G1 X269.844 Y55.367
G1 X269.258 Y55.367
G1 X269.112 Y55.221
G1 X268.819 Y55.221
G1 X268.672 Y55.074
G1 X268.380 Y55.074
G1 X268.233 Y54.928
G1 X268.087 Y54.928
G1 X267.940 Y54.781
G1 X267.648 Y54.781
G1 X267.501 Y54.635
G1 X267.355 Y54.489
G1 X266.037 Y54.489
G1 X265.891 Y54.342
G1 X262.963 Y54.342
G1 X262.816 Y54.489
G1 X262.084 Y54.489
G1 X261.938 Y54.635
G1 X261.791 Y54.635
G1 X261.645 Y54.781
G1 X261.352 Y54.781
G1 X261.206 Y54.635
G1 X261.059 Y54.635
G1 X260.913 Y54.489
G1 X260.474 Y54.489
G1 X260.327 Y54.342
G1 X257.839 Y54.342
G1 X257.692 Y54.489
G1 X256.228 Y54.489
G1 X256.082 Y54.342
G1 X255.935 Y54.196
G1 X255.643 Y54.196
G1 X255.496 Y54.342
G1 X255.350 Y54.342
G1 X255.057 Y54.635
G1 X254.910 Y54.781
G1 X254.764 Y54.781
G1 X254.618 Y54.928
G1 X254.471 Y54.928
G1 X254.325 Y55.074
G1 X254.178 Y55.074
G1 X254.032 Y55.221
G1 X253.886 Y55.221
G1 X253.739 Y55.367
G1 X253.593 Y55.367
G1 X253.446 Y55.513
G1 X253.300 Y55.513
G1 X253.154 Y55.660
G1 X253.007 Y55.660
G1 X252.861 Y55.806
G1 X252.714 Y55.806
G1 X252.568 Y55.953
G1 X252.422 Y55.953
G1 X252.275 Y56.099
G1 X251.982 Y56.099
G1 X251.836 Y56.245
G1 X251.690 Y56.245
G1 X251.397 Y56.538
G1 X251.250 Y56.538
G1 X251.104 Y56.685
G1 X250.958 Y56.685
G1 X250.811 Y56.831
G1 X250.665 Y56.831
G1 X250.518 Y56.977
G1 X250.372 Y56.977
G1 X250.226 Y57.124
G1 X250.079 Y57.270
G1 X249.933 Y57.270
G1 X249.786 Y57.417
G1 X249.640 Y57.417
G1 X249.494 Y57.563
G1 X249.347 Y57.709
G1 X249.201 Y57.709
G1 X248.908 Y58.002
G1 X248.762 Y58.002
G1 X248.615 Y58.149
G1 X248.469 Y58.149
G1 X248.322 Y58.295
G1 X248.176 Y58.441
G1 X248.030 Y58.441
G1 X247.590 Y58.881
G1 X247.444 Y58.881
G1 X247.297 Y59.027
G1 X247.151 Y59.027
G1 X246.419 Y59.759
G1 X246.273 Y59.906
G1 X246.126 Y60.052
G1 X245.833 Y60.345
G1 X245.248 Y60.345
G1 X245.101 Y60.491
G1 X244.955 Y60.491
G1 X244.809 Y60.638
G1 X244.662 Y60.638
G1 X244.516 Y60.784
G1 X244.369 Y60.784
G1 X244.223 Y60.930
G1 X244.077 Y60.930
G1 X243.930 Y61.077
G1 X243.784 Y61.077
G1 X243.637 Y61.223
G1 X243.491 Y61.223
G1 X243.345 Y61.370
G1 X243.198 Y61.516
G1 X243.052 Y61.516
G1 X242.905 Y61.662
G1 X242.759 Y61.662
G1 X242.613 Y61.809
G1 X242.466 Y61.809
G1 X242.320 Y61.955
G1 X242.173 Y61.955
G1 X242.027 Y62.102
G1 X241.881 Y62.102
G1 X241.734 Y62.248
G1 X241.588 Y62.248
G1 X241.441 Y62.394
G1 X241.295 Y62.394
G1 X241.149 Y62.541
G1 X241.002 Y62.541
G1 X240.856 Y62.687
G1 X240.709 Y62.687
G1 X240.563 Y62.834
G1 X240.270 Y62.834
G1 X240.124 Y62.980
G1 X239.977 Y62.980
G1 X239.831 Y63.126
G1 X239.684 Y63.126
G1 X239.538 Y63.273
G1 X239.392 Y63.273
G1 X239.245 Y63.419
G1 X239.099 Y63.419
G1 X238.806 Y63.712
G1 X238.660 Y63.712
G1 X238.513 Y63.858
G1 X238.367 Y63.858
G1 X238.220 Y64.005
G1 X237.928 Y64.005
G1 X237.781 Y64.151
G1 X237.635 Y64.298
G1 X237.049 Y64.298
G1 X236.903 Y64.444
G1 X236.756 Y64.444
G1 X236.610 Y64.590
G1 X236.464 Y64.590
G1 X236.317 Y64.737
G1 X236.024 Y64.737
G1 X235.878 Y64.883
G1 X235.732 Y64.883
G1 X235.585 Y65.030
G1 X235.439 Y65.030
G1 X235.292 Y65.176
G1 X235.000 Y65.176
G1 X234.853 Y65.322
G1 X234.414 Y65.322
G1 X234.268 Y65.469
G1 X233.975 Y65.469
G1 X233.828 Y65.615
G1 X233.243 Y65.615
G1 X233.243 Y66.054
G1 X233.096 Y66.201
G1 X233.096 Y66.494
G1 X232.950 Y66.640
G1 X232.950 Y66.933
G1 X232.804 Y67.079
G1 X232.804 Y67.372
G1 X232.511 Y67.665
G1 X232.511 Y67.811
G1 X231.339 Y68.983
G1 X231.339 Y69.129
G1 X231.193 Y69.275
G1 X231.047 Y69.422
G1 X231.047 Y69.715
G1 X230.900 Y69.861
G1 X230.900 Y70.007
G1 X230.754 Y70.154
G1 X230.754 Y70.300
G1 X230.168 Y70.300
G1 X230.022 Y70.447
G1 X229.436 Y70.447
G1 X229.290 Y70.593
G1 X228.997 Y70.593
G1 X228.851 Y70.739
G1 X228.704 Y70.739
G1 X228.558 Y70.886
G1 X228.411 Y70.886
G1 X228.265 Y71.032
G1 X228.119 Y71.179
G1 X227.972 Y71.179
G1 X227.826 Y71.325
G1 X227.679 Y71.325
G1 X227.533 Y71.471
G1 X227.387 Y71.618
G1 X227.240 Y71.618
G1 X226.655 Y72.203
G1 X226.655 Y72.350
G1 X226.508 Y72.496
G1 X226.362 Y72.643
G1 X226.362 Y72.935
G1 X226.508 Y73.082
G1 X226.508 Y73.228
G1 X226.655 Y73.375
G1 X226.655 Y73.667
G1 X226.801 Y73.814
G1 X226.801 Y74.399
G1 X226.947 Y74.546
G1 X226.947 Y74.692
G1 X227.094 Y74.839
G1 X227.094 Y75.278
G1 X227.240 Y75.424
G1 X227.240 Y75.717
G1 X227.387 Y75.864
G1 X227.387 Y76.010
G1 X227.533 Y76.156
G1 X227.533 Y76.449
G1 X227.679 Y76.596
G1 X227.679 Y76.888
G1 X227.826 Y77.035
G1 X227.826 Y77.181
G1 X227.972 Y77.328
G1 X227.972 Y77.474
G1 X228.119 Y77.620
G1 X228.119 Y77.767
G1 X228.265 Y77.913
G1 X228.411 Y78.060
G1 X228.558 Y78.206
G1 X228.851 Y78.499
G1 X228.997 Y78.499
G1 X229.143 Y78.645
G1 X229.436 Y78.645
G1 X229.583 Y78.792
G1 X230.754 Y78.792
G1 X230.900 Y78.645
G1 X231.339 Y78.645
G1 X231.486 Y78.499
G1 X231.632 Y78.499
G1 X231.779 Y78.352
G1 X232.071 Y78.352
G1 X232.218 Y78.206
G1 X232.364 Y78.206
G1 X232.511 Y78.060
G1 X232.657 Y78.060
G1 X232.804 Y77.913
G1 X232.950 Y77.913
G1 X233.096 Y77.767
G1 X233.243 Y77.767
G1 X233.389 Y77.620
G1 X233.536 Y77.474
G1 X233.682 Y77.328
G1 X233.682 Y77.035
G1 X233.828 Y76.888
G1 X233.828 Y76.742
G1 X233.975 Y76.596
G1 X233.975 Y76.449
G1 X233.975 Y76.596
G1 X233.828 Y76.742
G1 X233.828 Y76.888
G1 X233.682 Y77.035
G1 X233.682 Y77.328
G1 X233.536 Y77.474
G1 X233.389 Y77.620
G1 X233.243 Y77.767
G1 X233.096 Y77.767
G1 X232.950 Y77.913
G1 X232.804 Y77.913
G1 X232.657 Y78.060
G1 X232.511 Y78.060
G1 X232.364 Y78.206
G1 X232.218 Y78.206
G1 X232.071 Y78.352
G1 X231.779 Y78.352
G1 X231.632 Y78.499
G1 X231.486 Y78.499
G1 X231.339 Y78.645
G1 X230.900 Y78.645
G1 X230.754 Y78.792
G1 X229.583 Y78.792
G1 X229.436 Y78.645
G1 X229.143 Y78.645
G1 X228.997 Y78.499
G1 X228.851 Y78.499
G1 X228.558 Y78.206
G1 X228.411 Y78.060
G1 X228.265 Y77.913
G1 X228.119 Y77.767
G1 X228.119 Y77.620
G1 X227.972 Y77.474
G1 X227.972 Y77.328
G1 X227.826 Y77.181
G1 X227.826 Y77.035
G1 X227.679 Y76.888
G1 X227.679 Y76.596
G1 X227.533 Y76.449
G1 X227.533 Y76.156
G1 X227.387 Y76.010
G1 X227.387 Y75.864
G1 X227.240 Y75.717
G1 X227.240 Y75.424
G1 X227.094 Y75.278
G1 X227.094 Y74.839
G1 X226.947 Y74.692
G1 X226.947 Y74.546
G1 X226.801 Y74.399
G1 X226.801 Y73.814
G1 X226.655 Y73.667
G1 X226.655 Y73.375
G1 X226.508 Y73.228
G1 X226.508 Y73.082
G1 X226.362 Y72.935
G1 X226.362 Y72.789
G1 X226.215 Y72.789
G1 X226.362 Y72.789
G1 X226.362 Y72.643
G1 X226.215 Y72.643
G1 X226.069 Y72.789
G1 X225.630 Y72.789
G1 X225.483 Y72.935
G1 X224.898 Y72.935
G1 X224.751 Y73.082
G1 X224.312 Y73.082
G1 X224.166 Y73.228
G1 X224.019 Y73.228
G1 X223.873 Y73.375
G1 X223.873 Y73.521
G1 X223.726 Y73.667
G1 X223.726 Y73.814
G1 X223.580 Y73.960
G1 X222.994 Y73.960
G1 X222.848 Y74.107
G1 X222.262 Y74.107
G1 X222.116 Y74.253
G1 X221.677 Y74.253
G1 X221.530 Y74.399
G1 X221.384 Y74.546
G1 X221.238 Y74.546
G1 X221.091 Y74.692
G1 X220.945 Y74.692
G1 X220.798 Y74.839
G1 X220.652 Y74.839
G1 X220.213 Y75.278
G1 X220.066 Y75.278
G1 X219.920 Y75.424
G1 X219.774 Y75.571
G1 X219.627 Y75.571
G1 X219.334 Y75.864
G1 X219.188 Y75.864
G1 X219.042 Y76.010
G1 X218.895 Y76.156
G1 X218.749 Y76.156
G1 X218.602 Y76.303
G1 X218.456 Y76.303
G1 X218.163 Y76.596
G1 X218.017 Y76.596
G1 X217.870 Y76.742
G1 X217.724 Y76.888
G1 X217.577 Y76.888
G1 X217.431 Y77.035
G1 X217.285 Y77.181
G1 X217.138 Y77.181
G1 X216.992 Y77.328
G1 X216.845 Y77.474
G1 X216.699 Y77.474
G1 X216.260 Y77.913
G1 X216.113 Y77.913
G1 X215.967 Y78.060
G1 X215.821 Y78.206
G1 X215.674 Y78.352
G1 X215.528 Y78.352
G1 X215.235 Y78.645
G1 X215.089 Y78.792
G1 X214.942 Y78.938
G1 X214.796 Y78.938
G1 X214.649 Y79.084
G1 X214.503 Y79.231
G1 X214.064 Y79.670
G1 X213.917 Y79.816
G1 X213.917 Y79.963
G1 X213.771 Y80.109
G1 X213.771 Y80.256
G1 X213.625 Y80.402
G1 X213.625 Y80.548
G1 X213.478 Y80.695
G1 X213.478 Y80.841
G1 X213.917 Y81.280
G1 X213.917 Y81.427
G1 X214.064 Y81.573
G1 X214.064 Y82.598
G1 X214.210 Y82.745
G1 X214.210 Y83.184
G1 X214.357 Y83.330
G1 X214.503 Y83.477
G1 X214.503 Y83.769
G1 X214.649 Y83.916
G1 X214.649 Y84.062
G1 X214.796 Y84.209
G1 X214.796 Y84.355
G1 X214.942 Y84.501
G1 X214.942 Y84.794
G1 X215.089 Y84.941
G1 X215.089 Y85.233
G1 X215.235 Y85.380
G1 X215.235 Y85.673
G1 X215.381 Y85.819
G1 X215.381 Y86.258
G1 X215.528 Y86.405
G1 X215.528 Y86.697
G1 X215.674 Y86.844
G1 X215.674 Y87.429
G1 X215.821 Y87.576
G1 X215.821 Y88.015
G1 X215.967 Y88.161
G1 X216.113 Y88.308
G1 X216.260 Y88.454
G1 X216.260 Y88.747
G1 X216.113 Y88.893
G1 X216.113 Y89.186
G1 X215.967 Y89.333
G1 X215.821 Y89.479
G1 X215.821 Y89.625
G1 X215.674 Y89.772
G1 X215.674 Y89.918
G1 X215.528 Y90.065
G1 X215.381 Y90.211
G1 X215.235 Y90.358
G1 X215.235 Y90.504
G1 X214.210 Y91.529
G1 X214.210 Y91.822
G1 X214.064 Y91.968
G1 X214.064 Y92.261
G1 X213.917 Y92.407
G1 X213.917 Y92.700
G1 X213.771 Y92.846
G1 X213.771 Y92.993
G1 X213.625 Y93.139
G1 X213.625 Y93.432
G1 X213.039 Y93.432
G1 X212.893 Y93.578
G1 X212.453 Y93.578
G1 X212.307 Y93.725
G1 X211.868 Y93.725
G1 X211.721 Y93.871
G1 X211.282 Y93.871
G1 X211.136 Y94.018
G1 X210.550 Y94.018
G1 X210.404 Y94.164
G1 X209.964 Y94.164
G1 X209.818 Y94.310
G1 X209.525 Y94.310
G1 X209.525 Y94.750
G1 X209.379 Y94.896
G1 X209.379 Y95.042
G1 X209.232 Y95.189
G1 X209.232 Y95.482
G1 X207.476 Y97.238
G1 X207.476 Y97.385
G1 X207.329 Y97.531
G1 X207.183 Y97.678
G1 X207.036 Y97.824
G1 X206.890 Y97.971
G1 X206.744 Y98.117
G1 X206.744 Y98.263
G1 X206.158 Y98.849
G1 X206.158 Y98.995
G1 X206.012 Y99.142
G1 X205.865 Y99.288
G1 X205.719 Y99.435
G1 X205.719 Y99.581
G1 X205.572 Y99.727
G1 X205.426 Y99.874
G1 X205.280 Y100.020
G1 X205.280 Y100.167
G1 X205.133 Y100.313
G1 X204.840 Y100.606
G1 X204.840 Y100.752
G1 X204.694 Y100.899
G1 X204.548 Y101.045
G1 X204.401 Y101.191
G1 X204.401 Y101.338
G1 X203.962 Y101.777
G1 X203.962 Y101.923
G1 X203.816 Y102.070
G1 X203.669 Y102.216
G1 X203.669 Y102.363
G1 X203.523 Y102.509
G1 X203.376 Y102.655
G1 X203.230 Y102.802
G1 X203.230 Y102.948
G1 X203.084 Y103.095
G1 X202.937 Y103.241
G1 X202.937 Y103.387
G1 X202.791 Y103.534
G1 X202.644 Y103.680
G1 X202.644 Y103.827
G1 X202.498 Y103.973
G1 X202.351 Y104.119
G1 X202.351 Y104.266
G1 X202.205 Y104.412
G1 X202.059 Y104.559
G1 X202.059 Y104.705
G1 X201.912 Y104.851
G1 X201.766 Y104.998
G1 X201.766 Y105.144
G1 X201.473 Y105.437
G1 X201.327 Y105.584
G1 X201.327 Y105.730
G1 X201.180 Y105.876
G1 X201.034 Y106.023
G1 X201.034 Y106.169
G1 X200.887 Y106.316
G1 X200.887 Y106.462
G1 X200.741 Y106.608
G1 X200.595 Y106.755
G1 X200.448 Y106.901
G1 X200.448 Y107.048
G1 X200.302 Y107.194
G1 X200.155 Y107.340
G1 X200.155 Y107.487
G1 X200.009 Y107.633
G1 X200.009 Y107.926
G1 X199.716 Y108.219
G1 X199.716 Y108.365
G1 X199.570 Y108.512
G1 X199.570 Y108.658
G1 X199.423 Y108.804
G1 X199.277 Y108.951
G1 X199.277 Y109.097
G1 X199.131 Y109.244
G1 X199.131 Y109.390
G1 X198.984 Y109.536
G1 X198.838 Y109.683
G1 X198.545 Y109.683
G1 X198.545 Y110.415
G1 X198.399 Y110.561
G1 X198.399 Y111.293
G1 X198.252 Y111.440
G1 X198.252 Y112.172
G1 X198.106 Y112.318
G1 X198.106 Y112.611
G1 X197.959 Y112.757
G1 X197.959 Y113.050
G1 X197.813 Y113.197
G1 X197.813 Y113.489
G1 X197.667 Y113.636
G1 X197.667 Y113.929
G1 X197.520 Y114.075
G1 X197.520 Y114.368
G1 X197.374 Y114.514
G1 X197.374 Y114.807
G1 X197.227 Y114.953
G1 X197.227 Y115.246
G1 X197.081 Y115.393
G1 X197.081 Y115.685
G1 X196.935 Y115.832
G1 X196.935 Y116.125
G1 X196.788 Y116.271
G1 X196.642 Y116.417
G1 X196.642 Y116.564
G1 X196.495 Y116.710
G1 X196.495 Y117.003
G1 X196.349 Y117.149
G1 X196.349 Y117.442
G1 X196.203 Y117.589
G1 X196.203 Y117.881
G1 X196.056 Y118.028
G1 X196.056 Y118.321
G1 X195.910 Y118.467
G1 X195.910 Y118.613
G1 X195.763 Y118.760
G1 X195.763 Y119.053
G1 X195.617 Y119.199
G1 X195.617 Y119.492
G1 X195.471 Y119.638
G1 X195.471 Y119.931
G1 X195.324 Y120.077
G1 X195.324 Y120.224
G1 X195.178 Y120.370
G1 X195.178 Y120.663
G1 X195.031 Y120.810
G1 X195.031 Y121.249
G1 X194.885 Y121.395
G1 X194.885 Y121.688
G1 X194.738 Y121.834
G1 X194.738 Y122.127
G1 X194.592 Y122.274
G1 X194.592 Y122.566
G1 X194.446 Y122.713
G1 X194.446 Y123.006
G1 X194.299 Y123.152
G1 X194.299 Y123.298
G1 X194.153 Y123.445
G1 X194.153 Y123.738
G1 X194.006 Y123.884
G1 X194.006 Y124.177
G1 X193.860 Y124.323
G1 X193.860 Y124.616
G1 X193.714 Y124.762
G1 X193.714 Y124.909
G1 X193.567 Y125.055
G1 X193.421 Y125.202
G1 X193.274 Y125.348
G1 X193.128 Y125.202
G1 X192.835 Y125.202
G1 X192.689 Y125.055
G1 X192.542 Y125.055
G1 X192.396 Y124.909
G1 X191.664 Y124.909
G1 X191.518 Y124.762
G1 X191.078 Y124.762
G1 X190.932 Y124.616
G1 X190.493 Y124.616
G1 X190.346 Y124.470
G1 X190.054 Y124.470
G1 X189.907 Y124.323
G1 X189.614 Y124.323
G1 X189.468 Y124.177
G1 X189.175 Y124.177
G1 X189.029 Y124.030
G1 X188.882 Y124.030
G1 X188.736 Y123.884
G1 X188.590 Y123.884
G1 X188.443 Y123.738
G1 X188.004 Y123.738
G1 X187.858 Y123.591
G1 X187.711 Y123.591
G1 X187.565 Y123.445
G1 X187.272 Y123.445
G1 X187.125 Y123.298
G1 X186.979 Y123.298
G1 X186.833 Y123.152
G1 X186.686 Y123.152
G1 X186.540 Y123.006
G1 X186.247 Y123.006
G1 X186.101 Y122.859
G1 X185.954 Y122.859
G1 X185.808 Y122.713
G1 X185.661 Y122.713
G1 X185.515 Y122.566
G1 X185.222 Y122.566
G1 X185.515 Y122.566
G1 X185.661 Y122.713
G1 X185.808 Y122.713
G1 X185.954 Y122.859
G1 X186.101 Y122.859
G1 X186.247 Y123.006
G1 X186.540 Y123.006
G1 X186.686 Y123.152
G1 X186.833 Y123.152
G1 X186.979 Y123.298
G1 X187.125 Y123.298
G1 X187.272 Y123.445
G1 X187.565 Y123.445
G1 X187.711 Y123.591
G1 X187.858 Y123.591
G1 X188.004 Y123.738
G1 X188.443 Y123.738
G1 X188.590 Y123.884
G1 X188.736 Y123.884
G1 X188.882 Y124.030
G1 X189.029 Y124.030
G1 X189.175 Y124.177
G1 X189.468 Y124.177
G1 X189.614 Y124.323
G1 X189.907 Y124.323
G1 X190.054 Y124.470
G1 X190.346 Y124.470
G1 X190.493 Y124.616
G1 X190.932 Y124.616
G1 X191.078 Y124.762
G1 X191.518 Y124.762
G1 X191.664 Y124.909
G1 X192.396 Y124.909
G1 X192.542 Y125.055
G1 X192.689 Y125.055
G1 X192.835 Y125.202
G1 X193.128 Y125.202
G1 X193.274 Y125.348
G1 X193.421 Y125.202
G1 X193.567 Y125.055
G1 X193.714 Y124.909
G1 X193.714 Y124.762
G1 X193.860 Y124.616
G1 X193.860 Y124.323
G1 X194.006 Y124.177
G1 X194.006 Y123.884
G1 X194.153 Y123.738
G1 X194.153 Y123.445
G1 X194.299 Y123.298
G1 X194.299 Y123.152
G1 X194.446 Y123.006
G1 X194.446 Y122.713
G1 X194.592 Y122.566
G1 X194.592 Y122.274
G1 X194.738 Y122.127
G1 X194.738 Y121.834
G1 X194.885 Y121.688
G1 X194.885 Y121.395
G1 X195.031 Y121.249
G1 X195.031 Y120.810
G1 X195.178 Y120.663
G1 X195.178 Y120.370
G1 X195.324 Y120.224
G1 X195.324 Y120.077
G1 X195.471 Y119.931
G1 X195.471 Y119.638
G1 X195.617 Y119.492
G1 X195.617 Y119.199
G1 X195.763 Y119.053
G1 X195.763 Y118.760
G1 X195.910 Y118.613
G1 X195.910 Y118.467
G1 X196.056 Y118.321
G1 X196.056 Y118.028
G1 X196.203 Y117.881
G1 X196.203 Y117.589
G1 X196.349 Y117.442
G1 X196.349 Y117.149
G1 X196.495 Y117.003
G1 X196.495 Y116.710
G1 X196.642 Y116.564
G1 X196.642 Y116.417
G1 X196.788 Y116.271
G1 X196.935 Y116.125
G1 X196.935 Y115.832
G1 X197.081 Y115.685
G1 X197.081 Y115.393
G1 X197.227 Y115.246
G1 X197.227 Y114.953
G1 X197.374 Y114.807
G1 X197.374 Y114.514
G1 X197.520 Y114.368
G1 X197.520 Y114.075
G1 X197.667 Y113.929
G1 X197.667 Y113.636
G1 X197.813 Y113.489
G1 X197.813 Y113.197
G1 X197.959 Y113.050
G1 X197.959 Y112.757
G1 X198.106 Y112.611
G1 X198.106 Y112.318
G1 X198.252 Y112.172
G1 X198.252 Y111.440
G1 X198.399 Y111.293
G1 X198.399 Y110.561
G1 X198.545 Y110.415
G1 X198.545 Y109.683
G1 X198.399 Y109.536
G1 X198.252 Y109.390
G1 X198.106 Y109.244
G1 X197.959 Y109.244
G1 X197.813 Y109.097
G1 X197.667 Y109.097
G1 X197.520 Y108.951
G1 X197.374 Y108.951
G1 X196.495 Y108.072
G1 X196.349 Y108.072
G1 X196.203 Y107.926
G1 X196.056 Y107.780
G1 X195.910 Y107.633
G1 X195.763 Y107.487
G1 X195.617 Y107.340
G1 X195.617 Y107.194
G1 X195.617 Y107.340
G1 X195.763 Y107.487
G1 X195.910 Y107.633
G1 X196.056 Y107.780
G1 X196.203 Y107.926
G1 X196.349 Y108.072
G1 X196.495 Y108.072
G1 X197.374 Y108.951
G1 X197.520 Y108.951
G1 X197.667 Y109.097
G1 X197.813 Y109.097
G1 X197.959 Y109.244
G1 X198.106 Y109.244
G1 X198.252 Y109.390
G1 X198.399 Y109.536
G1 X198.545 Y109.683
G1 X198.838 Y109.683
G1 X198.984 Y109.536
G1 X199.131 Y109.390
G1 X199.131 Y109.244
G1 X199.277 Y109.097
G1 X199.277 Y108.951
G1 X199.423 Y108.804
G1 X199.570 Y108.658
G1 X199.570 Y108.512
G1 X199.716 Y108.365
G1 X199.716 Y108.219
G1 X200.009 Y107.926
G1 X200.009 Y107.633
G1 X200.155 Y107.487
G1 X200.155 Y107.340
G1 X200.302 Y107.194
G1 X200.448 Y107.048
G1 X200.448 Y106.901
G1 X200.595 Y106.755
G1 X200.741 Y106.608
G1 X200.887 Y106.462
G1 X200.887 Y106.316
G1 X201.034 Y106.169
G1 X201.034 Y106.023
G1 X201.180 Y105.876
G1 X201.327 Y105.730
G1 X201.327 Y105.584
G1 X201.473 Y105.437
G1 X201.766 Y105.144
G1 X201.766 Y104.998
G1 X201.912 Y104.851
G1 X202.059 Y104.705
G1 X202.059 Y104.559
G1 X202.205 Y104.412
G1 X202.351 Y104.266
G1 X202.351 Y104.119
G1 X202.498 Y103.973
G1 X202.644 Y103.827
G1 X202.644 Y103.680
G1 X202.791 Y103.534
G1 X202.937 Y103.387
G1 X202.937 Y103.241
G1 X203.084 Y103.095
G1 X203.230 Y102.948
G1 X203.230 Y102.802
G1 X203.376 Y102.655
G1 X203.523 Y102.509
G1 X203.669 Y102.363
G1 X203.669 Y102.216
G1 X203.816 Y102.070
G1 X203.962 Y101.923
G1 X203.962 Y101.777
G1 X204.401 Y101.338
G1 X204.401 Y101.191
G1 X204.548 Y101.045
G1 X204.694 Y100.899
G1 X204.840 Y100.752
G1 X204.840 Y100.606
G1 X205.133 Y100.313
G1 X205.280 Y100.167
G1 X205.280 Y100.020
G1 X205.426 Y99.874
G1 X205.572 Y99.727
G1 X205.719 Y99.581
G1 X205.719 Y99.435
G1 X205.865 Y99.288
G1 X206.012 Y99.142
G1 X206.158 Y98.995
G1 X206.158 Y98.849
G1 X206.744 Y98.263
G1 X206.744 Y98.117
G1 X206.890 Y97.971
G1 X207.036 Y97.824
G1 X207.183 Y97.678
G1 X207.329 Y97.531
G1 X207.476 Y97.385
G1 X207.476 Y97.238
G1 X209.232 Y95.482
G1 X209.232 Y95.189
G1 X209.379 Y95.042
G1 X209.379 Y94.896
G1 X209.525 Y94.750
G1 X209.525 Y94.310
G1 X209.379 Y94.164
G1 X209.379 Y94.018
G1 X209.232 Y93.871
G1 X209.232 Y93.725
G1 X209.086 Y93.578
G1 X209.086 Y93.432
G1 X208.793 Y93.139
G1 X208.647 Y93.139
G1 X208.500 Y92.993
G1 X208.354 Y92.846
G1 X208.208 Y92.700
G1 X208.061 Y92.700
G1 X207.768 Y92.407
G1 X207.622 Y92.407
G1 X207.329 Y92.114
G1 X207.183 Y92.114
G1 X207.036 Y91.968
G1 X206.890 Y91.822
G1 X206.744 Y91.675
G1 X206.597 Y91.675
G1 X206.304 Y91.382
G1 X206.158 Y91.382
G1 X206.012 Y91.236
G1 X205.865 Y91.090
G1 X205.719 Y90.943
G1 X205.572 Y90.943
G1 X205.426 Y90.797
G1 X205.280 Y90.650
G1 X205.133 Y90.650
G1 X204.987 Y90.504
G1 X204.840 Y90.358
G1 X204.694 Y90.358
G1 X204.548 Y90.211
G1 X204.401 Y90.065
G1 X204.255 Y89.918
G1 X204.108 Y89.772
G1 X203.962 Y89.772
G1 X203.816 Y89.625
G1 X203.669 Y89.479
G1 X203.230 Y89.040
G1 X203.669 Y89.479
G1 X203.816 Y89.625
G1 X203.962 Y89.772
G1 X204.108 Y89.772
G1 X204.255 Y89.918
G1 X204.401 Y90.065
G1 X204.548 Y90.211
G1 X204.694 Y90.358
G1 X204.840 Y90.358
G1 X204.987 Y90.504
G1 X205.133 Y90.650
G1 X205.280 Y90.650
G1 X205.426 Y90.797
G1 X205.572 Y90.943
G1 X205.719 Y90.943
G1 X205.865 Y91.090
G1 X206.012 Y91.236
G1 X206.158 Y91.382
G1 X206.304 Y91.382
G1 X206.597 Y91.675
G1 X206.744 Y91.675
G1 X206.890 Y91.822
G1 X207.036 Y91.968
G1 X207.183 Y92.114
G1 X207.329 Y92.114
G1 X207.622 Y92.407
G1 X207.768 Y92.407
G1 X208.061 Y92.700
G1 X208.208 Y92.700
G1 X208.354 Y92.846
G1 X208.500 Y92.993
G1 X208.647 Y93.139
G1 X208.793 Y93.139
G1 X209.086 Y93.432
G1 X209.086 Y93.578
G1 X209.232 Y93.725
G1 X209.232 Y93.871
G1 X209.379 Y94.018
G1 X209.379 Y94.164
G1 X209.525 Y94.310
G1 X209.818 Y94.310
G1 X209.964 Y94.164
G1 X210.404 Y94.164
G1 X210.550 Y94.018
G1 X211.136 Y94.018
G1 X211.282 Y93.871
G1 X211.721 Y93.871
G1 X211.868 Y93.725
G1 X212.307 Y93.725
G1 X212.453 Y93.578
G1 X212.893 Y93.578
G1 X213.039 Y93.432
G1 X213.771 Y93.432
G1 X213.917 Y93.578
G1 X214.357 Y93.578
G1 X214.503 Y93.725
G1 X214.942 Y93.725
G1 X215.089 Y93.871
G1 X215.235 Y94.018
G1 X215.381 Y94.018
G1 X215.528 Y94.164
G1 X215.674 Y94.164
G1 X215.821 Y94.310
G1 X215.967 Y94.457
G1 X216.113 Y94.457
G1 X216.260 Y94.603
G1 X216.406 Y94.603
G1 X216.845 Y95.042
G1 X216.992 Y95.042
G1 X217.138 Y95.189
G1 X217.285 Y95.335
G1 X217.431 Y95.335
G1 X217.577 Y95.482
G1 X217.724 Y95.628
G1 X217.870 Y95.628
G1 X218.017 Y95.774
G1 X218.163 Y95.921
G1 X218.310 Y95.921
G1 X218.456 Y96.067
G1 X218.602 Y96.214
G1 X218.749 Y96.214
G1 X218.895 Y96.360
G1 X219.042 Y96.506
G1 X219.188 Y96.506
G1 X219.334 Y96.653
G1 X219.481 Y96.799
G1 X219.627 Y96.799
G1 X219.774 Y96.946
G1 X219.920 Y96.946
G1 X220.066 Y97.092
G1 X220.213 Y97.238
G1 X220.359 Y97.238
G1 X220.652 Y97.531
G1 X220.798 Y97.531
G1 X221.091 Y97.824
G1 X221.238 Y97.824
G1 X221.384 Y97.971
G1 X221.530 Y98.117
G1 X221.970 Y98.117
G1 X222.116 Y98.263
G1 X222.555 Y98.263
G1 X222.702 Y98.410
G1 X223.287 Y98.410
G1 X223.434 Y98.556
G1 X224.458 Y98.556
G1 X224.458 Y98.263
G1 X224.312 Y98.117
G1 X224.312 Y97.971
G1 X224.166 Y97.824
G1 X224.166 Y97.678
G1 X224.019 Y97.531
G1 X224.019 Y97.238
G1 X223.873 Y97.092
G1 X223.873 Y96.799
G1 X223.726 Y96.653
G1 X223.726 Y96.360
G1 X223.580 Y96.214
G1 X223.434 Y96.067
G1 X223.287 Y95.921
G1 X223.141 Y95.774
G1 X222.994 Y95.628
G1 X222.848 Y95.482
G1 X222.702 Y95.335
G1 X222.555 Y95.189
G1 X222.409 Y95.042
G1 X222.262 Y94.896
G1 X222.116 Y94.750
G1 X221.970 Y94.603
G1 X221.823 Y94.457
G1 X221.677 Y94.457
G1 X220.066 Y92.846
G1 X220.066 Y92.700
G1 X219.920 Y92.554
G1 X219.920 Y91.382
G1 X220.066 Y91.236
G1 X220.066 Y90.797
G1 X220.359 Y90.504
G1 X220.506 Y90.358
G1 X220.652 Y90.211
G1 X221.384 Y89.479
G1 X221.530 Y89.479
G1 X221.677 Y89.333
G1 X221.823 Y89.186
G1 X221.970 Y89.040
G1 X222.116 Y89.040
G1 X222.262 Y88.893
G1 X222.409 Y88.747
G1 X222.555 Y88.747
G1 X222.702 Y88.601
G1 X222.848 Y88.454
G1 X222.994 Y88.454
G1 X223.141 Y88.308
G1 X223.287 Y88.161
G1 X223.434 Y88.161
G1 X223.726 Y87.869
G1 X223.873 Y87.869
G1 X224.019 Y87.722
G1 X224.166 Y87.576
G1 X224.312 Y87.429
G1 X224.605 Y87.429
G1 X224.751 Y87.283
G1 X224.898 Y87.137
G1 X225.044 Y87.137
G1 X225.337 Y86.844
G1 X225.483 Y86.697
G1 X225.630 Y86.697
G1 X225.776 Y86.551
G1 X225.923 Y86.405
G1 X226.069 Y86.405
G1 X226.215 Y86.258
G1 X226.362 Y86.112
G1 X226.508 Y86.112
G1 X226.801 Y85.819
G1 X226.947 Y85.819
G1 X227.094 Y85.673
G1 X227.240 Y85.526
G1 X227.387 Y85.380
G1 X227.533 Y85.380
G1 X227.679 Y85.233
G1 X227.826 Y85.087
G1 X227.972 Y85.087
G1 X228.119 Y84.941
G1 X228.265 Y84.794
G1 X228.411 Y84.794
G1 X228.558 Y84.648
G1 X228.704 Y84.501
G1 X228.851 Y84.355
G1 X228.997 Y84.355
G1 X229.290 Y84.062
G1 X229.436 Y84.062
G1 X229.583 Y83.916
G1 X229.729 Y83.769
G1 X229.875 Y83.769
G1 X230.022 Y83.623
G1 X230.168 Y83.623
G1 X230.315 Y83.477
G1 X230.461 Y83.477
G1 X230.607 Y83.330
G1 X230.754 Y83.184
G1 X230.900 Y83.184
G1 X231.193 Y82.891
G1 X231.339 Y82.891
G1 X231.486 Y82.745
G1 X231.632 Y82.598
G1 X231.779 Y82.598
G1 X231.925 Y82.452
G1 X232.071 Y82.305
G1 X232.218 Y82.305
G1 X232.657 Y81.866
G1 X232.804 Y81.866
G1 X232.950 Y81.720
G1 X233.096 Y81.720
G1 X233.389 Y81.427
G1 X233.536 Y81.427
G1 X233.682 Y81.280
G1 X233.828 Y81.134
G1 X233.975 Y81.134
G1 X234.268 Y80.841
G1 X234.414 Y80.841
G1 X234.853 Y80.402
G1 X235.000 Y80.402
G1 X235.146 Y80.256
G1 X235.292 Y80.109
G1 X235.439 Y80.109
G1 X236.024 Y79.524
G1 X236.171 Y79.524
G1 X236.317 Y79.377
G1 X236.464 Y79.231
G1 X236.610 Y79.084
G1 X236.756 Y79.084
G1 X236.903 Y78.938
G1 X237.049 Y78.792
G1 X237.196 Y78.792
G1 X237.342 Y78.645
G1 X237.488 Y78.499
G1 X237.635 Y78.499
G1 X237.781 Y78.352
G1 X237.928 Y78.206
G1 X238.074 Y78.060
G1 X238.220 Y77.913
G1 X238.367 Y77.767
G1 X238.513 Y77.620
G1 X238.806 Y77.620
G1 X238.952 Y77.474
G1 X239.099 Y77.328
G1 X239.245 Y77.181
G1 X239.392 Y77.181
G1 X239.538 Y77.035
G1 X239.684 Y76.888
G1 X239.831 Y76.888
G1 X239.977 Y76.742
G1 X240.124 Y76.596
G1 X240.270 Y76.596
G1 X240.417 Y76.449
G1 X240.563 Y76.449
G1 X240.709 Y76.303
G1 X240.856 Y76.303
G1 X241.002 Y76.156
G1 X241.149 Y76.010
G1 X241.295 Y75.864
G1 X241.441 Y75.864
G1 X241.588 Y75.717
G1 X241.734 Y75.717
G1 X241.881 Y75.571
G1 X242.027 Y75.571
G1 X242.173 Y75.424
G1 X242.320 Y75.278
G1 X242.466 Y75.278
G1 X242.613 Y75.132
G1 X242.759 Y75.132
G1 X242.905 Y74.985
G1 X243.052 Y74.985
G1 X243.198 Y74.839
G1 X243.345 Y74.839
G1 X243.491 Y74.692
G1 X243.784 Y74.692
G1 X243.930 Y74.546
G1 X244.077 Y74.546
G1 X244.223 Y74.399
G1 X244.369 Y74.399
G1 X244.516 Y74.253
G1 X244.662 Y74.253
G1 X244.809 Y74.107
G1 X245.101 Y74.107
G1 X245.248 Y73.960
G1 X245.541 Y73.960
G1 X245.687 Y73.814
G1 X245.833 Y73.814
G1 X245.980 Y73.667
G1 X246.126 Y73.667
G1 X246.273 Y73.521
G1 X246.419 Y73.521
G1 X246.565 Y73.375
G1 X246.858 Y73.375
G1 X247.005 Y73.228
G1 X247.297 Y73.228
G1 X247.444 Y73.082
G1 X247.737 Y73.082
G1 X247.883 Y72.935
G1 X248.176 Y72.935
G1 X248.322 Y72.789
G1 X248.469 Y72.643
G1 X248.908 Y72.643
G1 X249.054 Y72.496
G1 X249.494 Y72.496
G1 X249.640 Y72.350
G1 X250.079 Y72.350
G1 X250.226 Y72.203
G1 X250.958 Y72.203
G1 X251.104 Y72.057
G1 X251.543 Y72.057
G1 X251.690 Y71.911
G1 X252.422 Y71.911
G1 X252.568 Y71.764
G1 X253.300 Y71.764
G1 X253.446 Y71.618
G1 X254.178 Y71.618
G1 X254.325 Y71.471
G1 X257.692 Y71.471
G1 X257.839 Y71.618
G1 X258.278 Y71.618
G1 X258.571 Y71.911
G1 X258.717 Y71.911
G1 X258.863 Y72.057
G1 X259.010 Y72.203
G1 X259.156 Y72.350
G1 X259.303 Y72.496
G1 X259.449 Y72.643
G1 X259.449 Y72.935
G1 X259.595 Y73.082
G1 X259.595 Y73.814
G1 X259.742 Y73.960
G1 X259.742 Y74.839
G1 X259.888 Y74.985
G1 X259.888 Y76.449
G1 X260.035 Y76.596
G1 X260.035 Y81.134
G1 X260.181 Y81.280
G1 X260.181 Y81.427
G1 X260.035 Y81.573
G1 X260.035 Y84.209
G1 X260.181 Y84.355
G1 X260.181 Y92.407
G1 X260.327 Y92.554
G1 X260.327 Y92.846
G1 X260.181 Y92.993
G1 X260.181 Y93.725
G1 X260.035 Y93.871
G1 X260.035 Y94.310
G1 X259.888 Y94.457
G1 X259.888 Y94.750
G1 X259.742 Y94.896
G1 X259.742 Y95.042
G1 X259.595 Y95.189
G1 X259.595 Y95.482
G1 X259.156 Y95.921
G1 X259.156 Y96.067
G1 X259.010 Y96.214
G1 X258.863 Y96.360
G1 X258.717 Y96.506
G1 X258.571 Y96.653
G1 X258.424 Y96.799
G1 X258.278 Y96.946
G1 X258.131 Y97.092
G1 X257.985 Y97.238
G1 X257.839 Y97.238
G1 X257.692 Y97.385
G1 X257.546 Y97.385
G1 X257.399 Y97.531
G1 X257.253 Y97.531
G1 X257.107 Y97.678
G1 X256.814 Y97.678
G1 X256.667 Y97.824
G1 X256.375 Y97.824
G1 X256.228 Y97.971
G1 X255.643 Y97.971
G1 X255.496 Y98.117
G1 X254.764 Y98.117
G1 X254.618 Y98.263
G1 X253.739 Y98.263
G1 X253.593 Y98.410
G1 X253.154 Y98.410
G1 X253.007 Y98.556
G1 X252.422 Y98.556
G1 X252.129 Y98.849
G1 X251.690 Y98.849
G1 X251.543 Y98.995
G1 X251.104 Y98.995
G1 X250.958 Y99.142
G1 X250.665 Y99.142
G1 X250.518 Y99.288
G1 X250.226 Y99.288
G1 X250.079 Y99.435
G1 X249.640 Y99.435
G1 X249.494 Y99.581
G1 X249.201 Y99.581
G1 X249.054 Y99.727
G1 X248.762 Y99.727
G1 X248.615 Y99.874
G1 X248.322 Y99.874
G1 X248.176 Y100.020
G1 X248.030 Y100.020
G1 X247.883 Y100.167
G1 X247.444 Y100.167
G1 X247.297 Y100.313
G1 X247.151 Y100.313
G1 X247.005 Y100.459
G1 X246.858 Y100.459
G1 X246.712 Y100.606
G1 X246.419 Y100.606
G1 X246.273 Y100.752
G1 X245.980 Y100.752
G1 X245.833 Y100.899
G1 X245.541 Y100.899
G1 X245.394 Y101.045
G1 X245.248 Y101.045
G1 X245.101 Y101.191
G1 X244.809 Y101.191
G1 X244.662 Y101.338
G1 X244.516 Y101.338
G1 X244.369 Y101.484
G1 X244.223 Y101.484
G1 X244.077 Y101.631
G1 X243.784 Y101.631
G1 X243.637 Y101.777
G1 X243.345 Y101.777
G1 X243.198 Y101.923
G1 X243.052 Y101.923
G1 X242.905 Y102.070
G1 X242.613 Y102.070
G1 X242.466 Y102.216
G1 X242.027 Y102.216
G1 X241.881 Y102.363
G1 X241.002 Y102.363
G1 X240.856 Y102.509
G1 X236.171 Y102.509
G1 X236.024 Y102.363
G1 X234.121 Y102.363
G1 X236.024 Y102.363
G1 X236.171 Y102.509
G1 X240.856 Y102.509
G1 X241.002 Y102.363
G1 X241.881 Y102.363
G1 X242.027 Y102.216
G1 X242.466 Y102.216
G1 X242.613 Y102.070
G1 X242.905 Y102.070
G1 X243.052 Y101.923
G1 X243.198 Y101.923
G1 X243.345 Y101.777
G1 X243.637 Y101.777
G1 X243.784 Y101.631
G1 X244.077 Y101.631
G1 X244.223 Y101.484
G1 X244.369 Y101.484
G1 X244.516 Y101.338
G1 X244.662 Y101.338
G1 X244.809 Y101.191
G1 X245.101 Y101.191
G1 X245.248 Y101.045
G1 X245.394 Y101.045
G1 X245.541 Y100.899
G1 X245.833 Y100.899
G1 X245.980 Y100.752
G1 X246.273 Y100.752
G1 X246.419 Y100.606
G1 X246.712 Y100.606
G1 X246.858 Y100.459
G1 X247.005 Y100.459
G1 X247.151 Y100.313
G1 X247.297 Y100.313
G1 X247.444 Y100.167
G1 X247.883 Y100.167
G1 X248.030 Y100.020
G1 X248.176 Y100.020
G1 X248.322 Y99.874
G1 X248.615 Y99.874
G1 X248.762 Y99.727
G1 X249.054 Y99.727
G1 X249.201 Y99.581
G1 X249.494 Y99.581
G1 X249.640 Y99.435
G1 X250.079 Y99.435
G1 X250.226 Y99.288
G1 X250.518 Y99.288
G1 X250.665 Y99.142
G1 X250.958 Y99.142
G1 X251.104 Y98.995
G1 X251.543 Y98.995
G1 X251.690 Y98.849
G1 X252.129 Y98.849
G1 X252.422 Y98.556
G1 X253.007 Y98.556
G1 X253.154 Y98.410
G1 X253.593 Y98.410
G1 X253.739 Y98.263
G1 X254.618 Y98.263
G1 X254.764 Y98.117
G1 X255.496 Y98.117
G1 X255.643 Y97.971
G1 X256.228 Y97.971
G1 X256.375 Y97.824
G1 X256.667 Y97.824
G1 X256.814 Y97.678
G1 X257.107 Y97.678
G1 X257.253 Y97.531
G1 X257.399 Y97.531
G1 X257.546 Y97.385
G1 X257.692 Y97.385
G1 X257.839 Y97.238
G1 X257.985 Y97.238
G1 X258.131 Y97.092
G1 X258.278 Y96.946
G1 X258.424 Y96.799
G1 X258.571 Y96.653
G1 X258.717 Y96.506
G1 X258.863 Y96.360
G1 X259.010 Y96.214
G1 X259.156 Y96.067
G1 X259.156 Y95.921
G1 X259.595 Y95.482
G1 X259.595 Y95.189
G1 X259.742 Y95.042
G1 X259.742 Y94.896
G1 X259.888 Y94.750
G1 X259.888 Y94.457
G1 X260.035 Y94.310
G1 X260.035 Y93.871
G1 X260.181 Y93.725
G1 X260.181 Y92.993
G1 X260.327 Y92.846
G1 X260.327 Y92.554
G1 X260.181 Y92.407
G1 X260.181 Y84.355
G1 X260.035 Y84.209
G1 X260.035 Y81.573
G1 X260.181 Y81.427
G1 X260.181 Y81.280
G1 X260.035 Y81.134
G1 X260.035 Y76.596
G1 X259.888 Y76.449
G1 X259.888 Y74.985
G1 X259.742 Y74.839
G1 X259.742 Y73.960
G1 X259.595 Y73.814
G1 X259.595 Y73.082
G1 X259.449 Y72.935
G1 X259.449 Y72.643
G1 X259.303 Y72.496
G1 X259.156 Y72.350
G1 X259.010 Y72.203
G1 X258.863 Y72.057
G1 X258.717 Y71.911
G1 X258.571 Y71.911
G1 X258.278 Y71.618
G1 X257.839 Y71.618
G1 X257.692 Y71.471
G1 X254.325 Y71.471
G1 X254.178 Y71.618
G1 X253.446 Y71.618
G1 X253.300 Y71.764
G1 X252.568 Y71.764
G1 X252.422 Y71.911
G1 X251.690 Y71.911
G1 X251.543 Y72.057
G1 X251.104 Y72.057
G1 X250.958 Y72.203
G1 X250.226 Y72.203
G1 X250.079 Y72.350
G1 X249.640 Y72.350
G1 X249.494 Y72.496
G1 X249.054 Y72.496
G1 X248.908 Y72.643
G1 X248.469 Y72.643
G1 X248.322 Y72.789
G1 X248.176 Y72.935
G1 X247.883 Y72.935
G1 X247.737 Y73.082
G1 X247.444 Y73.082
G1 X247.297 Y73.228
G1 X247.005 Y73.228
G1 X246.858 Y73.375
G1 X246.565 Y73.375
G1 X246.419 Y73.521
G1 X246.273 Y73.521
G1 X246.126 Y73.667
G1 X245.980 Y73.667
G1 X245.833 Y73.814
G1 X245.687 Y73.814
G1 X245.541 Y73.960
G1 X245.248 Y73.960
G1 X245.101 Y74.107
G1 X244.809 Y74.107
G1 X244.662 Y74.253
G1 X244.516 Y74.253
G1 X244.369 Y74.399
G1 X244.223 Y74.399
G1 X244.077 Y74.546
G1 X243.930 Y74.546
G1 X243.784 Y74.692
G1 X243.491 Y74.692
G1 X243.345 Y74.839
G1 X243.198 Y74.839
G1 X243.052 Y74.985
G1 X242.905 Y74.985
G1 X242.759 Y75.132
G1 X242.613 Y75.132
G1 X242.466 Y75.278
G1 X242.320 Y75.278
G1 X242.173 Y75.424
G1 X242.027 Y75.571
G1 X241.881 Y75.571
G1 X241.734 Y75.717
G1 X241.588 Y75.717
G1 X241.441 Y75.864
G1 X241.295 Y75.864
G1 X241.149 Y76.010
G1 X241.002 Y76.156
G1 X240.856 Y76.303
G1 X240.709 Y76.303
G1 X240.563 Y76.449
G1 X240.417 Y76.449
G1 X240.270 Y76.596
G1 X240.124 Y76.596
G1 X239.977 Y76.742
G1 X239.831 Y76.888
G1 X239.684 Y76.888
G1 X239.538 Y77.035
G1 X239.392 Y77.181
G1 X239.245 Y77.181
G1 X239.099 Y77.328
G1 X238.952 Y77.474
G1 X238.806 Y77.620
G1 X238.513 Y77.620
G1 X238.367 Y77.767
G1 X238.220 Y77.913
G1 X238.074 Y78.060
G1 X237.928 Y78.206
G1 X237.781 Y78.352
G1 X237.635 Y78.499
G1 X237.488 Y78.499
G1 X237.342 Y78.645
G1 X237.196 Y78.792
G1 X237.049 Y78.792
G1 X236.903 Y78.938
G1 X236.756 Y79.084
G1 X236.610 Y79.084
G1 X236.464 Y79.231
G1 X236.317 Y79.377
G1 X236.171 Y79.524
G1 X236.024 Y79.524
G1 X235.439 Y80.109
G1 X235.292 Y80.109
G1 X235.146 Y80.256
G1 X235.000 Y80.402
G1 X234.853 Y80.402
G1 X234.414 Y80.841
G1 X234.268 Y80.841
G1 X233.975 Y81.134
G1 X233.828 Y81.134
G1 X233.682 Y81.280
G1 X233.536 Y81.427
G1 X233.389 Y81.427
G1 X233.096 Y81.720
G1 X232.950 Y81.720
G1 X232.804 Y81.866
G1 X232.657 Y81.866
G1 X232.218 Y82.305
G1 X232.071 Y82.305
G1 X231.925 Y82.452
G1 X231.779 Y82.598
G1 X231.632 Y82.598
G1 X231.486 Y82.745
G1 X231.339 Y82.891
G1 X231.193 Y82.891
G1 X230.900 Y83.184
G1 X230.754 Y83.184
G1 X230.607 Y83.330
G1 X230.461 Y83.477
G1 X230.315 Y83.477
G1 X230.168 Y83.623
G1 X230.022 Y83.623
G1 X229.875 Y83.769
G1 X229.729 Y83.769
G1 X229.583 Y83.916
G1 X229.436 Y84.062
G1 X229.290 Y84.062
G1 X228.997 Y84.355
G1 X228.851 Y84.355
G1 X228.704 Y84.501
G1 X228.558 Y84.648
G1 X228.411 Y84.794
G1 X228.265 Y84.794
G1 X228.119 Y84.941
G1 X227.972 Y85.087
G1 X227.826 Y85.087
G1 X227.679 Y85.233
G1 X227.533 Y85.380
G1 X227.387 Y85.380
G1 X227.240 Y85.526
G1 X227.094 Y85.673
G1 X226.947 Y85.819
G1 X226.801 Y85.819
G1 X226.508 Y86.112
G1 X226.362 Y86.112
G1 X226.215 Y86.258
G1 X226.069 Y86.405
G1 X225.923 Y86.405
G1 X225.776 Y86.551
G1 X225.630 Y86.697
G1 X225.483 Y86.697
G1 X225.337 Y86.844
G1 X225.044 Y87.137
G1 X224.898 Y87.137
G1 X224.751 Y87.283
G1 X224.605 Y87.429
G1 X224.312 Y87.429
G1 X224.166 Y87.576
G1 X224.019 Y87.722
G1 X223.873 Y87.869
G1 X223.726 Y87.869
G1 X223.434 Y88.161
G1 X223.287 Y88.161
G1 X223.141 Y88.308
G1 X222.994 Y88.454
G1 X222.848 Y88.454
G1 X222.702 Y88.601
G1 X222.555 Y88.747
G1 X222.409 Y88.747
G1 X222.262 Y88.893
G1 X222.116 Y89.040
G1 X221.970 Y89.040
G1 X221.823 Y89.186
G1 X221.677 Y89.333
G1 X221.530 Y89.479
G1 X221.384 Y89.479
G1 X220.652 Y90.211
G1 X220.506 Y90.358
G1 X220.359 Y90.504
G1 X220.066 Y90.797
G1 X220.066 Y91.236
G1 X219.920 Y91.382
G1 X219.920 Y92.554
G1 X220.066 Y92.700
G1 X220.066 Y92.846
G1 X221.677 Y94.457
G1 X221.823 Y94.457
G1 X221.970 Y94.603
G1 X222.116 Y94.750
G1 X222.262 Y94.896
G1 X222.409 Y95.042
G1 X222.555 Y95.189
G1 X222.702 Y95.335
G1 X222.848 Y95.482
G1 X222.994 Y95.628
G1 X223.141 Y95.774
G1 X223.287 Y95.921
G1 X223.434 Y96.067
G1 X223.580 Y96.214
G1 X223.726 Y96.360
G1 X223.726 Y96.653
G1 X223.873 Y96.799
G1 X223.873 Y97.092
G1 X224.019 Y97.238
G1 X224.019 Y97.531
G1 X224.166 Y97.678
G1 X224.166 Y97.824
G1 X224.312 Y97.971
G1 X224.312 Y98.117
G1 X224.458 Y98.263
G1 X224.458 Y98.410
G1 X224.605 Y98.410
G1 X224.751 Y98.556
G1 X224.898 Y98.556
G1 X225.044 Y98.703
G1 X225.191 Y98.849
G1 X225.337 Y98.995
G1 X225.483 Y98.995
G1 X225.776 Y99.288
G1 X225.923 Y99.288
G1 X226.069 Y99.435
G1 X226.215 Y99.435
G1 X226.362 Y99.581
G1 X226.508 Y99.727
G1 X226.655 Y99.727
G1 X226.801 Y99.874
G1 X226.947 Y99.874
G1 X227.094 Y100.020
G1 X227.240 Y100.167
G1 X227.387 Y100.313
G1 X227.533 Y100.459
G1 X227.533 Y100.606
G1 X227.679 Y100.752
G1 X227.679 Y100.899
G1 X227.826 Y101.045
G1 X227.826 Y101.191
G1 X227.972 Y101.338
G1 X227.972 Y101.484
G1 X227.826 Y101.631
G1 X227.679 Y101.777
G1 X227.533 Y101.923
G1 X227.387 Y102.070
G1 X227.240 Y102.216
G1 X227.094 Y102.363
G1 X227.094 Y102.509
G1 X226.947 Y102.655
G1 X226.801 Y102.802
G1 X226.508 Y103.095
G1 X226.362 Y103.095
G1 X226.215 Y103.241
G1 X226.069 Y103.387
G1 X225.923 Y103.534
G1 X225.776 Y103.534
G1 X225.337 Y103.973
G1 X225.191 Y103.973
G1 X225.044 Y104.119
G1 X224.898 Y104.266
G1 X224.751 Y104.412
G1 X224.605 Y104.412
G1 X224.166 Y104.851
G1 X224.019 Y104.851
G1 X223.873 Y104.998
G1 X223.726 Y105.144
G1 X223.580 Y105.291
G1 X223.434 Y105.437
G1 X223.287 Y105.437
G1 X223.141 Y105.584
G1 X222.994 Y105.730
G1 X222.848 Y105.876
G1 X222.702 Y106.023
G1 X222.555 Y106.023
G1 X221.970 Y106.608
G1 X221.823 Y106.608
G1 X221.677 Y106.755
G1 X221.530 Y106.755
G1 X221.384 Y106.901
G1 X221.238 Y107.048
G1 X221.091 Y107.194
G1 X220.945 Y107.194
G1 X220.798 Y107.340
G1 X220.652 Y107.487
G1 X220.506 Y107.633
G1 X220.359 Y107.633
G1 X220.213 Y107.780
G1 X220.066 Y107.926
G1 X219.920 Y108.072
G1 X219.774 Y108.072
G1 X219.334 Y108.512
G1 X219.188 Y108.512
G1 X219.042 Y108.658
G1 X218.895 Y108.804
G1 X218.749 Y108.951
G1 X218.602 Y109.097
G1 X218.456 Y109.244
G1 X218.310 Y109.244
G1 X218.163 Y109.390
G1 X218.017 Y109.536
G1 X217.870 Y109.536
G1 X217.724 Y109.683
G1 X217.577 Y109.829
G1 X217.431 Y109.976
G1 X217.285 Y109.976
G1 X217.138 Y110.122
G1 X216.845 Y110.415
G1 X216.699 Y110.415
G1 X216.260 Y110.854
G1 X216.113 Y110.854
G1 X215.967 Y111.000
G1 X215.821 Y111.147
G1 X215.674 Y111.293
G1 X215.528 Y111.440
G1 X215.381 Y111.586
G1 X215.235 Y111.586
G1 X214.649 Y112.172
G1 X214.503 Y112.172
G1 X214.357 Y112.318
G1 X214.210 Y112.464
G1 X214.064 Y112.611
G1 X213.917 Y112.757
G1 X213.771 Y112.757
G1 X213.625 Y112.904
G1 X213.478 Y112.904
G1 X213.332 Y113.050
G1 X213.185 Y113.050
G1 X213.039 Y113.197
G1 X212.893 Y113.343
G1 X212.746 Y113.343
G1 X212.453 Y113.636
G1 X212.161 Y113.636
G1 X212.014 Y113.782
G1 X211.868 Y113.782
G1 X211.721 Y113.929
G1 X211.575 Y113.929
G1 X211.429 Y114.075
G1 X210.404 Y114.075
G1 X210.257 Y114.221
G1 X209.086 Y114.221
G1 X208.940 Y114.368
G1 X207.915 Y114.368
G1 X207.768 Y114.514
G1 X207.036 Y114.514
G1 X207.036 Y114.807
G1 X206.890 Y114.953
G1 X206.890 Y115.100
G1 X206.451 Y115.539
G1 X206.304 Y115.685
G1 X206.158 Y115.832
G1 X206.012 Y115.832
G1 X205.865 Y115.978
G1 X205.719 Y116.125
G1 X205.572 Y116.271
G1 X205.426 Y116.271
G1 X204.987 Y116.710
G1 X204.694 Y116.710
G1 X204.548 Y116.857
G1 X204.401 Y117.003
G1 X204.255 Y117.003
G1 X204.108 Y117.149
G1 X203.962 Y117.149
G1 X203.816 Y117.296
G1 X203.669 Y117.442
G1 X203.523 Y117.589
G1 X203.376 Y117.589
G1 X203.230 Y117.735
G1 X203.084 Y117.735
G1 X202.937 Y117.881
G1 X202.791 Y117.881
G1 X202.351 Y118.321
G1 X202.205 Y118.321
G1 X202.059 Y118.467
G1 X201.912 Y118.613
G1 X201.766 Y118.760
G1 X201.619 Y118.760
G1 X201.473 Y118.906
G1 X201.327 Y119.053
G1 X201.180 Y119.199
G1 X200.741 Y119.638
G1 X200.595 Y119.785
G1 X200.448 Y119.931
G1 X200.009 Y120.370
G1 X199.863 Y120.517
G1 X199.716 Y120.663
G1 X199.570 Y120.810
G1 X199.570 Y120.956
G1 X199.423 Y121.102
G1 X199.277 Y121.249
G1 X199.131 Y121.395
G1 X199.131 Y121.542
G1 X198.984 Y121.688
G1 X198.984 Y121.834
G1 X198.838 Y121.981
G1 X198.838 Y122.127
G1 X198.691 Y122.274
G1 X198.691 Y122.420
G1 X198.545 Y122.566
G1 X198.545 Y122.859
G1 X198.399 Y123.006
G1 X198.399 Y123.152
G1 X198.252 Y123.298
G1 X198.252 Y123.591
G1 X198.106 Y123.738
G1 X198.106 Y124.030
G1 X197.959 Y124.177
G1 X197.959 Y124.616
G1 X197.813 Y124.762
G1 X197.813 Y125.202
G1 X197.667 Y125.348
G1 X197.667 Y125.787
G1 X197.520 Y125.934
G1 X197.520 Y126.373
G1 X197.374 Y126.519
G1 X197.374 Y127.398
G1 X197.227 Y127.544
G1 X197.227 Y129.301
G1 X197.081 Y129.447
G1 X197.081 Y129.594
G1 X196.642 Y130.033
G1 X196.642 Y130.911
G1 X196.495 Y131.058
G1 X196.495 Y131.643
G1 X196.349 Y131.790
G1 X196.349 Y132.668
G1 X196.203 Y132.815
G1 X196.203 Y133.547
G1 X196.056 Y133.693
G1 X196.056 Y134.571
G1 X195.910 Y134.718
G1 X195.910 Y135.743
G1 X195.763 Y135.889
G1 X195.763 Y136.914
G1 X195.617 Y137.060
G1 X195.617 Y137.792
G1 X195.471 Y137.939
G1 X195.471 Y138.817
G1 X195.324 Y138.964
G1 X195.324 Y140.281
G1 X195.178 Y140.428
G1 X195.178 Y142.331
G1 X195.324 Y142.477
G1 X195.324 Y142.770
G1 X195.471 Y142.917
G1 X195.471 Y143.209
G1 X195.617 Y143.356
G1 X195.617 Y143.502
G1 X195.763 Y143.649
G1 X195.910 Y143.795
G1 X196.349 Y144.234
G1 X196.495 Y144.234
G1 X196.788 Y144.527
G1 X196.935 Y144.527
G1 X197.081 Y144.673
G1 X197.227 Y144.820
G1 X197.374 Y144.820
G1 X197.520 Y144.966
G1 X197.667 Y144.966
G1 X197.813 Y145.113
G1 X197.959 Y145.113
G1 X198.106 Y145.259
G1 X198.252 Y145.259
G1 X198.399 Y145.405
G1 X198.545 Y145.405
G1 X198.691 Y145.552
G1 X198.838 Y145.552
G1 X198.984 Y145.698
G1 X199.277 Y145.698
G1 X199.423 Y145.845
G1 X199.716 Y145.845
G1 X199.863 Y145.991
G1 X200.155 Y145.991
G1 X200.302 Y146.137
G1 X200.741 Y146.137
G1 X200.887 Y146.284
G1 X201.180 Y146.284
G1 X201.327 Y146.430
G1 X202.059 Y146.430
G1 X202.205 Y146.577
G1 X203.084 Y146.577
G1 X203.230 Y146.723
G1 X204.548 Y146.723
G1 X204.694 Y146.869
G1 X207.768 Y146.869
G1 X207.915 Y146.723
G1 X208.940 Y146.723
G1 X209.086 Y146.577
G1 X210.404 Y146.577
G1 X210.550 Y146.430
G1 X212.014 Y146.430
G1 X212.161 Y146.284
G1 X213.039 Y146.284
G1 X213.185 Y146.137
G1 X213.771 Y146.137
G1 X213.917 Y145.991
G1 X214.503 Y145.991
G1 X214.649 Y145.845
G1 X215.381 Y145.845
G1 X215.528 Y145.698
G1 X216.260 Y145.698
G1 X216.406 Y145.552
G1 X216.553 Y145.552
G1 X216.699 Y145.405
G1 X217.285 Y145.405
G1 X217.431 Y145.259
G1 X218.017 Y145.259
G1 X218.163 Y145.113
G1 X218.456 Y145.113
G1 X218.602 Y144.966
G1 X219.188 Y144.966
G1 X219.334 Y144.820
G1 X219.627 Y144.820
G1 X219.774 Y144.673
G1 X220.066 Y144.673
G1 X220.213 Y144.527
G1 X220.359 Y144.527
G1 X220.506 Y144.381
G1 X220.945 Y144.381
G1 X221.091 Y144.234
G1 X221.384 Y144.234
G1 X221.530 Y144.088
G1 X221.823 Y144.088
G1 X221.970 Y143.941
G1 X222.262 Y143.941
G1 X222.409 Y143.795
G1 X222.702 Y143.795
G1 X222.848 Y143.649
G1 X222.994 Y143.649
G1 X223.141 Y143.502
G1 X223.287 Y143.502
G1 X223.434 Y143.356
G1 X223.580 Y143.356
G1 X223.726 Y143.209
G1 X223.873 Y143.209
G1 X224.019 Y143.063
G1 X224.166 Y143.063
G1 X224.312 Y142.917
G1 X224.458 Y142.917
G1 X225.044 Y142.331
G1 X225.190 Y142.184
G1 X225.337 Y142.038
G1 X225.923 Y141.452
G1 X225.923 Y141.306
G1 X226.069 Y141.160
G1 X226.215 Y141.013
G1 X226.215 Y140.867
G1 X226.508 Y140.574
G1 X226.508 Y140.428
G1 X226.801 Y140.135
G1 X226.801 Y139.988
G1 X226.947 Y139.842
G1 X227.094 Y139.696
G1 X227.094 Y139.549
G1 X227.533 Y139.110
G1 X227.533 Y138.964
G1 X227.679 Y138.817
G1 X227.826 Y138.671
G1 X227.826 Y138.524
G1 X227.972 Y138.378
G1 X227.972 Y138.232
G1 X228.265 Y137.939
G1 X228.265 Y137.646
G1 X228.558 Y137.353
G1 X228.558 Y137.207
G1 X228.704 Y137.060
G1 X228.851 Y136.914
G1 X228.851 Y136.768
G1 X228.997 Y136.621
G1 X228.997 Y136.475
G1 X229.143 Y136.328
G1 X229.290 Y136.182
G1 X229.290 Y135.889
G1 X229.875 Y135.304
G1 X229.875 Y135.011
G1 X230.022 Y134.864
G1 X230.022 Y134.718
G1 X230.168 Y134.571
G1 X230.168 Y134.425
G1 X230.315 Y134.279
G1 X230.461 Y134.132
G1 X230.461 Y133.986
G1 X230.607 Y133.839
G1 X230.607 Y133.693
G1 X230.754 Y133.547
G1 X230.754 Y133.400
G1 X230.900 Y133.254
G1 X230.900 Y133.107
G1 X231.047 Y132.961
G1 X231.047 Y132.815
G1 X231.193 Y132.668
G1 X231.339 Y132.522
G1 X231.339 Y132.375
G1 X231.486 Y132.229
G1 X231.486 Y132.083
G1 X231.632 Y131.936
G1 X231.632 Y131.790
G1 X231.779 Y131.643
G1 X231.779 Y131.497
G1 X231.925 Y131.351
G1 X231.925 Y131.204
G1 X232.071 Y131.058
G1 X232.071 Y130.765
G1 X232.218 Y130.619
G1 X232.218 Y130.472
G1 X232.364 Y130.326
G1 X232.364 Y130.033
G1 X232.511 Y129.887
G1 X232.511 Y129.594
G1 X232.657 Y129.447
G1 X232.657 Y129.301
G1 X232.804 Y129.155
G1 X232.804 Y129.008
G1 X232.950 Y128.862
G1 X232.950 Y128.423
G1 X233.096 Y128.276
G1 X233.096 Y127.983
G1 X233.243 Y127.837
G1 X233.243 Y127.398
G1 X233.389 Y127.251
G1 X233.389 Y126.958
G1 X233.536 Y126.812
G1 X233.682 Y126.666
G1 X233.682 Y126.226
G1 X233.828 Y126.080
G1 X233.828 Y125.641
G1 X233.975 Y125.494
G1 X233.975 Y124.909
G1 X234.121 Y124.762
G1 X234.121 Y124.616
G1 X234.268 Y124.470
G1 X234.268 Y124.030
G1 X234.414 Y123.884
G1 X234.414 Y123.445
G1 X234.560 Y123.298
G1 X234.560 Y122.566
G1 X234.707 Y122.420
G1 X234.707 Y121.834
G1 X234.853 Y121.688
G1 X234.853 Y120.956
G1 X235.000 Y120.810
G1 X235.000 Y119.785
G1 X235.146 Y119.638
G1 X235.146 Y118.467
G1 X235.292 Y118.321
G1 X235.292 Y116.564
G1 X235.439 Y116.417
G1 X235.439 Y113.489
G1 X235.585 Y113.343
G1 X235.585 Y109.390
G1 X235.439 Y109.244
G1 X235.439 Y107.633
G1 X235.292 Y107.487
G1 X235.292 Y107.194
G1 X235.146 Y107.048
G1 X235.146 Y106.462
G1 X235.000 Y106.316
G1 X235.000 Y106.023
G1 X234.853 Y105.876
G1 X234.853 Y105.730
G1 X234.707 Y105.584
G1 X234.707 Y105.437
G1 X234.560 Y105.291
G1 X234.560 Y105.144
G1 X234.414 Y104.998
G1 X234.268 Y104.851
G1 X234.268 Y104.705
G1 X234.121 Y104.559
G1 X233.975 Y104.412
G1 X233.828 Y104.266
G1 X233.828 Y103.973
G1 X233.682 Y103.827
G1 X233.682 Y103.680
G1 X233.536 Y103.534
G1 X233.536 Y103.241
G1 X233.389 Y103.095
G1 X233.389 Y102.948
G1 X233.243 Y102.802
G1 X233.243 Y102.509
G1 X233.682 Y102.509
G1 X233.828 Y102.655
G1 X233.828 Y102.363
G1 X233.975 Y102.216
G1 X234.121 Y102.363
G1 X233.975 Y102.363
G1 X234.121 Y102.363
G1 X233.975 Y102.216
G1 X233.828 Y102.363
G1 X233.828 Y102.509
G1 X233.682 Y102.509
G1 X233.828 Y102.509
G1 X233.828 Y102.655
G1 X234.414 Y103.241
G1 X234.414 Y103.387
G1 X234.560 Y103.534
G1 X234.707 Y103.387
G1 X234.560 Y103.241
G1 X234.707 Y103.387
G1 X234.560 Y103.534
G1 X234.414 Y103.387
G1 X234.414 Y103.241
G1 X234.560 Y103.241
G1 X234.414 Y103.241
G1 X233.682 Y102.509
G1 X233.243 Y102.509
G1 X233.243 Y102.802
G1 X233.389 Y102.948
G1 X233.389 Y103.095
G1 X233.536 Y103.241
G1 X233.536 Y103.534
G1 X233.682 Y103.680
G1 X233.682 Y103.827
G1 X233.828 Y103.973
G1 X233.828 Y104.266
G1 X233.975 Y104.412
G1 X234.121 Y104.559
G1 X234.268 Y104.705
G1 X234.268 Y104.851
G1 X234.414 Y104.998
G1 X234.560 Y105.144
G1 X234.560 Y105.291
G1 X234.707 Y105.437
G1 X234.707 Y105.584
G1 X234.853 Y105.730
G1 X234.853 Y105.876
G1 X235.000 Y106.023
G1 X235.000 Y106.316
G1 X235.146 Y106.462
G1 X235.146 Y107.048
G1 X235.292 Y107.194
G1 X235.292 Y107.487
G1 X235.439 Y107.633
G1 X235.439 Y109.244
G1 X235.585 Y109.390
G1 X235.585 Y113.343
G1 X235.439 Y113.489
G1 X235.439 Y116.417
G1 X235.292 Y116.564
G1 X235.292 Y118.321
G1 X235.146 Y118.467
G1 X235.146 Y119.638
G1 X235.000 Y119.785
G1 X235.000 Y120.810
G1 X234.853 Y120.956
G1 X234.853 Y121.688
G1 X234.707 Y121.834
G1 X234.707 Y122.420
G1 X234.560 Y122.566
G1 X234.560 Y123.298
G1 X234.414 Y123.445
G1 X234.414 Y123.884
G1 X234.268 Y124.030
G1 X234.268 Y124.470
G1 X234.121 Y124.616
G1 X234.121 Y124.762
G1 X233.975 Y124.909
G1 X233.975 Y125.494
G1 X233.828 Y125.641
G1 X233.828 Y126.080
G1 X233.682 Y126.226
G1 X233.682 Y126.666
G1 X233.536 Y126.812
G1 X233.389 Y126.958
G1 X233.389 Y127.251
G1 X233.243 Y127.398
G1 X233.243 Y127.837
G1 X233.096 Y127.983
G1 X233.096 Y128.276
G1 X232.950 Y128.423
G1 X232.950 Y128.862
G1 X232.804 Y129.008
G1 X232.804 Y129.155
G1 X232.657 Y129.301
G1 X232.657 Y129.447
G1 X232.511 Y129.594
G1 X232.511 Y129.887
G1 X232.364 Y130.033
G1 X232.364 Y130.326
G1 X232.218 Y130.472
G1 X232.218 Y130.619
G1 X232.071 Y130.765
G1 X232.071 Y131.058
G1 X231.925 Y131.204
G1 X231.925 Y131.351
G1 X231.779 Y131.497
G1 X231.779 Y131.643
G1 X231.632 Y131.790
G1 X231.632 Y131.936
G1 X231.486 Y132.083
G1 X231.486 Y132.229
G1 X231.339 Y132.375
G1 X231.339 Y132.522
G1 X231.193 Y132.668
G1 X231.047 Y132.815
G1 X231.047 Y132.961
G1 X230.900 Y133.107
G1 X230.900 Y133.254
G1 X230.754 Y133.400
G1 X230.754 Y133.547
G1 X230.607 Y133.693
G1 X230.607 Y133.839
G1 X230.461 Y133.986
G1 X230.461 Y134.132
G1 X230.315 Y134.279
G1 X230.168 Y134.425
G1 X230.168 Y134.571
G1 X230.022 Y134.718
G1 X230.022 Y134.864
G1 X229.875 Y135.011
G1 X229.875 Y135.304
G1 X229.290 Y135.889
G1 X229.290 Y136.182
G1 X229.143 Y136.328
G1 X228.997 Y136.475
G1 X228.997 Y136.621
G1 X228.851 Y136.768
G1 X228.851 Y136.914
G1 X228.704 Y137.060
G1 X228.558 Y137.207
G1 X228.558 Y137.353
G1 X228.265 Y137.646
G1 X228.265 Y137.939
G1 X227.972 Y138.232
G1 X227.972 Y138.378
G1 X227.826 Y138.524
G1 X227.826 Y138.671
G1 X227.679 Y138.817
G1 X227.533 Y138.964
G1 X227.533 Y139.110
G1 X227.094 Y139.549
G1 X227.094 Y139.696
G1 X226.947 Y139.842
G1 X226.801 Y139.988
G1 X226.801 Y140.135
G1 X226.508 Y140.428
G1 X226.508 Y140.574
G1 X226.215 Y140.867
G1 X226.215 Y141.013
G1 X226.069 Y141.160
G1 X225.923 Y141.306
G1 X225.923 Y141.452
G1 X225.337 Y142.038
G1 X225.190 Y142.184
G1 X225.044 Y142.331
G1 X224.458 Y142.917
G1 X224.312 Y142.917
G1 X224.166 Y143.063
G1 X224.019 Y143.063
G1 X223.873 Y143.209
G1 X223.726 Y143.209
G1 X223.580 Y143.356
G1 X223.434 Y143.356
G1 X223.287 Y143.502
G1 X223.141 Y143.502
G1 X222.994 Y143.649
G1 X222.848 Y143.649
G1 X222.702 Y143.795
G1 X222.409 Y143.795
G1 X222.262 Y143.941
G1 X221.970 Y143.941
G1 X221.823 Y144.088
G1 X221.530 Y144.088
G1 X221.384 Y144.234
G1 X221.091 Y144.234
G1 X220.945 Y144.381
G1 X220.506 Y144.381
G1 X220.359 Y144.527
G1 X220.213 Y144.527
G1 X220.066 Y144.673
G1 X219.774 Y144.673
G1 X219.627 Y144.820
G1 X219.334 Y144.820
G1 X219.188 Y144.966
G1 X218.602 Y144.966
G1 X218.456 Y145.113
G1 X218.163 Y145.113
G1 X218.017 Y145.259
G1 X217.431 Y145.259
G1 X217.285 Y145.405
G1 X216.699 Y145.405
G1 X216.553 Y145.552
G1 X216.406 Y145.552
G1 X216.260 Y145.698
G1 X215.528 Y145.698
G1 X215.381 Y145.845
G1 X214.649 Y145.845
G1 X214.503 Y145.991
G1 X213.917 Y145.991
G1 X213.771 Y146.137
G1 X213.185 Y146.137
G1 X213.039 Y146.284
G1 X212.161 Y146.284
G1 X212.014 Y146.430
G1 X210.550 Y146.430
G1 X210.404 Y146.577
G1 X209.086 Y146.577
G1 X208.940 Y146.723
G1 X207.915 Y146.723
G1 X207.768 Y146.869
G1 X204.694 Y146.869
G1 X204.548 Y146.723
G1 X203.230 Y146.723
G1 X203.084 Y146.577
G1 X202.205 Y146.577
G1 X202.059 Y146.430
G1 X201.327 Y146.430
G1 X201.180 Y146.284
G1 X200.887 Y146.284
G1 X200.741 Y146.137
G1 X200.302 Y146.137
G1 X200.155 Y145.991
G1 X199.863 Y145.991
G1 X199.716 Y145.845
G1 X199.423 Y145.845
G1 X199.277 Y145.698
G1 X198.984 Y145.698
G1 X198.838 Y145.552
G1 X198.691 Y145.552
G1 X198.545 Y145.405
G1 X198.399 Y145.405
G1 X198.252 Y145.259
G1 X198.106 Y145.259
G1 X197.959 Y145.113
G1 X197.813 Y145.113
G1 X197.667 Y144.966
G1 X197.520 Y144.966
G1 X197.374 Y144.820
G1 X197.227 Y144.820
G1 X197.081 Y144.673
G1 X196.935 Y144.527
G1 X196.788 Y144.527
G1 X196.495 Y144.234
G1 X196.349 Y144.234
G1 X195.910 Y143.795
G1 X195.763 Y143.649
G1 X195.617 Y143.502
G1 X195.617 Y143.356
G1 X195.471 Y143.209
G1 X195.471 Y142.917
G1 X195.324 Y142.770
G1 X195.324 Y142.477
G1 X195.178 Y142.331
G1 X195.178 Y140.428
G1 X195.324 Y140.281
G1 X195.324 Y138.964
G1 X195.471 Y138.817
G1 X195.471 Y137.939
G1 X195.617 Y137.792
G1 X195.617 Y137.060
G1 X195.763 Y136.914
G1 X195.763 Y135.889
G1 X195.910 Y135.743
G1 X195.910 Y134.718
G1 X196.056 Y134.571
G1 X196.056 Y133.693
G1 X196.203 Y133.547
G1 X196.203 Y132.815
G1 X196.349 Y132.668
G1 X196.349 Y131.790
G1 X196.495 Y131.643
G1 X196.495 Y131.058
G1 X196.642 Y130.911
G1 X196.642 Y130.033
G1 X197.081 Y129.594
G1 X197.227 Y129.594
G1 X197.081 Y129.594
G1 X197.081 Y129.447
G1 X197.227 Y129.447
G1 X197.081 Y129.447
G1 X197.227 Y129.301
G1 X197.227 Y129.447
G1 X197.667 Y129.887
G1 X197.959 Y129.887
G1 X198.106 Y130.033
G1 X198.691 Y130.033
G1 X198.838 Y130.179
G1 X198.984 Y130.326
G1 X201.327 Y130.326
G1 X201.473 Y130.179
G1 X201.619 Y130.033
G1 X201.766 Y130.033
G1 X202.205 Y129.594
G1 X202.351 Y129.447
G1 X202.498 Y129.301
G1 X202.644 Y129.155
G1 X202.644 Y129.008
G1 X202.791 Y128.862
G1 X202.791 Y128.715
G1 X202.791 Y128.862
G1 X202.644 Y129.008
G1 X202.644 Y129.155
G1 X202.498 Y129.301
G1 X202.351 Y129.447
G1 X202.205 Y129.594
G1 X201.766 Y130.033
G1 X201.619 Y130.033
G1 X201.473 Y130.179
G1 X201.327 Y130.326
G1 X198.984 Y130.326
G1 X198.838 Y130.179
G1 X198.691 Y130.033
G1 X198.106 Y130.033
G1 X197.959 Y129.887
G1 X197.667 Y129.887
G1 X197.227 Y129.447
G1 X197.227 Y127.544
G1 X197.374 Y127.398
G1 X197.374 Y126.519
G1 X197.520 Y126.373
G1 X197.520 Y125.934
G1 X197.667 Y125.787
G1 X197.667 Y125.348
G1 X197.813 Y125.202
G1 X197.813 Y124.762
G1 X197.959 Y124.616
G1 X197.959 Y124.177
G1 X198.106 Y124.030
G1 X198.106 Y123.738
G1 X198.252 Y123.591
G1 X198.252 Y123.298
G1 X198.399 Y123.152
G1 X198.399 Y123.006
G1 X198.545 Y122.859
G1 X198.545 Y122.566
G1 X198.691 Y122.420
G1 X198.691 Y122.274
G1 X198.838 Y122.127
G1 X198.838 Y121.981
G1 X198.984 Y121.834
G1 X198.984 Y121.688
G1 X199.131 Y121.542
G1 X199.131 Y121.395
G1 X199.277 Y121.249
G1 X199.423 Y121.102
G1 X199.570 Y120.956
G1 X199.570 Y120.810
G1 X199.716 Y120.663
G1 X199.863 Y120.517
G1 X200.009 Y120.370
G1 X200.448 Y119.931
G1 X200.595 Y119.785
G1 X200.741 Y119.638
G1 X201.180 Y119.199
G1 X201.327 Y119.053
G1 X201.473 Y118.906
G1 X201.619 Y118.760
G1 X201.766 Y118.760
G1 X201.912 Y118.613
G1 X202.059 Y118.467
G1 X202.205 Y118.321
G1 X202.351 Y118.321
G1 X202.791 Y117.881
G1 X202.937 Y117.881
G1 X203.084 Y117.735
G1 X203.230 Y117.735
G1 X203.376 Y117.589
G1 X203.523 Y117.589
G1 X203.669 Y117.442
G1 X203.816 Y117.296
G1 X203.962 Y117.149
G1 X204.108 Y117.149
G1 X204.255 Y117.003
G1 X204.401 Y117.003
G1 X204.548 Y116.857
G1 X204.694 Y116.710
G1 X204.987 Y116.710
G1 X205.426 Y116.271
G1 X205.572 Y116.271
G1 X205.719 Y116.125
G1 X205.865 Y115.978
G1 X206.012 Y115.832
G1 X206.158 Y115.832
G1 X206.304 Y115.685
G1 X206.451 Y115.539
G1 X206.890 Y115.100
G1 X206.890 Y114.953
G1 X207.036 Y114.807
G1 X207.036 Y114.514
G1 X206.890 Y114.368
G1 X206.744 Y114.221
G1 X206.597 Y114.075
G1 X206.597 Y113.929
G1 X206.451 Y113.782
G1 X206.304 Y113.636
G1 X206.158 Y113.489
G1 X205.572 Y113.489
G1 X205.426 Y113.343
G1 X204.987 Y113.343
G1 X204.840 Y113.197
G1 X204.401 Y113.197
G1 X204.255 Y113.050
G1 X203.816 Y113.050
G1 X203.669 Y112.904
G1 X203.084 Y112.904
G1 X202.937 Y112.757
G1 X202.791 Y112.757
G1 X202.644 Y112.611
G1 X202.498 Y112.464
G1 X202.498 Y111.879
G1 X202.644 Y111.732
G1 X202.644 Y111.440
G1 X202.791 Y111.293
G1 X202.791 Y111.147
G1 X202.937 Y111.000
G1 X203.084 Y110.854
G1 X203.084 Y110.708
G1 X203.230 Y110.561
G1 X203.230 Y110.415
G1 X203.376 Y110.268
G1 X203.523 Y110.122
G1 X203.816 Y109.829
G1 X203.816 Y109.683
G1 X203.962 Y109.536
G1 X204.108 Y109.390
G1 X204.255 Y109.244
G1 X204.401 Y109.097
G1 X204.401 Y108.951
G1 X204.840 Y108.512
G1 X204.840 Y108.365
G1 X204.987 Y108.219
G1 X205.133 Y108.072
G1 X205.280 Y107.926
G1 X205.426 Y107.780
G1 X205.572 Y107.633
G1 X205.572 Y107.487
G1 X205.865 Y107.194
G1 X206.012 Y107.048
G1 X206.158 Y106.901
G1 X206.158 Y106.755
G1 X206.304 Y106.608
G1 X206.451 Y106.462
G1 X206.890 Y106.023
G1 X207.036 Y105.876
G1 X207.183 Y105.730
G1 X207.329 Y105.584
G1 X207.329 Y105.437
G1 X207.476 Y105.291
G1 X207.622 Y105.144
G1 X208.061 Y104.705
G1 X208.061 Y104.559
G1 X208.354 Y104.266
G1 X208.500 Y104.119
G1 X208.647 Y103.973
G1 X208.647 Y103.827
G1 X208.793 Y103.680
G1 X208.940 Y103.534
G1 X209.086 Y103.387
G1 X209.232 Y103.241
G1 X209.379 Y103.095
G1 X209.525 Y102.948
G1 X209.672 Y102.802
G1 X209.818 Y102.655
G1 X209.818 Y102.509
G1 X210.550 Y101.777
G1 X210.697 Y101.631
G1 X210.697 Y101.484
G1 X210.843 Y101.338
G1 X210.989 Y101.191
G1 X211.136 Y101.045
G1 X211.575 Y100.606
G1 X211.721 Y100.459
G1 X211.868 Y100.313
G1 X211.721 Y100.459
G1 X211.575 Y100.606
G1 X211.136 Y101.045
G1 X210.989 Y101.191
G1 X210.843 Y101.338
G1 X210.697 Y101.484
G1 X210.697 Y101.631
G1 X210.550 Y101.777
G1 X209.818 Y102.509
G1 X209.818 Y102.655
G1 X209.672 Y102.802
G1 X209.525 Y102.948
G1 X209.379 Y103.095
G1 X209.232 Y103.241
G1 X209.086 Y103.387
G1 X208.940 Y103.534
G1 X208.793 Y103.680
G1 X208.647 Y103.827
G1 X208.647 Y103.973
G1 X208.500 Y104.119
G1 X208.354 Y104.266
G1 X208.061 Y104.559
G1 X208.061 Y104.705
G1 X207.622 Y105.144
G1 X207.476 Y105.291
G1 X207.329 Y105.437
G1 X207.329 Y105.584
G1 X207.183 Y105.730
G1 X207.036 Y105.876
G1 X206.890 Y106.023
G1 X206.451 Y106.462
G1 X206.304 Y106.608
G1 X206.158 Y106.755
G1 X206.158 Y106.901
G1 X206.012 Y107.048
G1 X205.865 Y107.194
G1 X205.572 Y107.487
G1 X205.572 Y107.633
G1 X205.426 Y107.780
G1 X205.280 Y107.926
G1 X205.133 Y108.072
G1 X204.987 Y108.219
G1 X204.840 Y108.365
G1 X204.840 Y108.512
G1 X204.401 Y108.951
G1 X204.401 Y109.097
G1 X204.255 Y109.244
G1 X204.108 Y109.390
G1 X203.962 Y109.536
G1 X203.816 Y109.683
G1 X203.816 Y109.829
G1 X203.523 Y110.122
G1 X203.376 Y110.268
G1 X203.230 Y110.415
G1 X203.230 Y110.561
G1 X203.084 Y110.708
G1 X203.084 Y110.854
G1 X202.937 Y111.000
G1 X202.791 Y111.147
G1 X202.791 Y111.293
G1 X202.644 Y111.440
G1 X202.644 Y111.732
G1 X202.498 Y111.879
G1 X202.498 Y112.172
G1 X202.351 Y112.318
G1 X202.498 Y112.172
G1 X202.498 Y112.318
G1 X202.351 Y112.318
G1 X202.498 Y112.318
G1 X202.498 Y112.464
G1 X202.644 Y112.611
G1 X202.791 Y112.757
G1 X202.937 Y112.757
G1 X203.084 Y112.904
G1 X203.669 Y112.904
G1 X203.816 Y113.050
G1 X204.255 Y113.050
G1 X204.401 Y113.197
G1 X204.840 Y113.197
G1 X204.987 Y113.343
G1 X205.426 Y113.343
G1 X205.572 Y113.489
G1 X206.158 Y113.489
G1 X206.304 Y113.636
G1 X206.451 Y113.782
G1 X206.597 Y113.929
G1 X206.597 Y114.075
G1 X206.744 Y114.221
G1 X206.890 Y114.368
G1 X207.036 Y114.514
G1 X207.768 Y114.514
G1 X207.915 Y114.368
G1 X208.940 Y114.368
G1 X209.086 Y114.221
G1 X210.257 Y114.221
G1 X210.404 Y114.075
G1 X211.429 Y114.075
G1 X211.575 Y113.929
G1 X211.721 Y113.929
G1 X211.868 Y113.782
G1 X212.014 Y113.782
G1 X212.161 Y113.636
G1 X212.453 Y113.636
G1 X212.746 Y113.343
G1 X212.893 Y113.343
G1 X213.039 Y113.197
G1 X213.185 Y113.050
G1 X213.332 Y113.050
G1 X213.478 Y112.904
G1 X213.625 Y112.904
G1 X213.771 Y112.757
G1 X213.917 Y112.757
G1 X214.064 Y112.611
G1 X214.210 Y112.464
G1 X214.357 Y112.318
G1 X214.503 Y112.172
G1 X214.649 Y112.172
G1 X215.235 Y111.586
G1 X215.381 Y111.586
G1 X215.528 Y111.440
G1 X215.674 Y111.293
G1 X215.821 Y111.147
G1 X215.967 Y111.000
G1 X216.113 Y110.854
G1 X216.260 Y110.854
G1 X216.699 Y110.415
G1 X216.845 Y110.415
G1 X217.138 Y110.122
G1 X217.285 Y109.976
G1 X217.431 Y109.976
G1 X217.577 Y109.829
G1 X217.724 Y109.683
G1 X217.870 Y109.536
G1 X218.017 Y109.536
G1 X218.163 Y109.390
G1 X218.310 Y109.244
G1 X218.456 Y109.244
G1 X218.602 Y109.097
G1 X218.749 Y108.951
G1 X218.895 Y108.804
G1 X219.042 Y108.658
G1 X219.188 Y108.512
G1 X219.334 Y108.512
G1 X219.774 Y108.072
G1 X219.920 Y108.072
G1 X220.066 Y107.926
G1 X220.213 Y107.780
G1 X220.359 Y107.633
G1 X220.506 Y107.633
G1 X220.652 Y107.487
G1 X220.798 Y107.340
G1 X220.945 Y107.194
G1 X221.091 Y107.194
G1 X221.238 Y107.048
G1 X221.384 Y106.901
G1 X221.530 Y106.755
G1 X221.677 Y106.755
G1 X221.823 Y106.608
G1 X221.970 Y106.608
G1 X222.555 Y106.023
G1 X222.702 Y106.023
G1 X222.848 Y105.876
G1 X222.994 Y105.730
G1 X223.141 Y105.584
G1 X223.287 Y105.437
G1 X223.434 Y105.437
G1 X223.580 Y105.291
G1 X223.726 Y105.144
G1 X223.873 Y104.998
G1 X224.019 Y104.851
G1 X224.166 Y104.851
G1 X224.605 Y104.412
G1 X224.751 Y104.412
G1 X224.898 Y104.266
G1 X225.044 Y104.119
G1 X225.191 Y103.973
G1 X225.337 Y103.973
G1 X225.776 Y103.534
G1 X225.923 Y103.534
G1 X226.069 Y103.387
G1 X226.215 Y103.241
G1 X226.362 Y103.095
G1 X226.508 Y103.095
G1 X226.801 Y102.802
G1 X226.947 Y102.655
G1 X227.094 Y102.509
G1 X227.094 Y102.363
G1 X227.240 Y102.216
G1 X227.387 Y102.070
G1 X227.533 Y101.923
G1 X227.679 Y101.777
G1 X227.826 Y101.631
G1 X227.972 Y101.484
G1 X227.972 Y101.338
G1 X228.265 Y101.338
G1 X228.411 Y101.484
G1 X229.143 Y101.484
G1 X229.290 Y101.631
G1 X229.875 Y101.631
G1 X230.022 Y101.777
G1 X230.607 Y101.777
G1 X230.754 Y101.923
G1 X231.339 Y101.923
G1 X231.486 Y102.070
G1 X231.925 Y102.070
G1 X232.071 Y102.216
G1 X232.364 Y102.216
G1 X232.511 Y102.363
G1 X232.657 Y102.363
G1 X232.804 Y102.509
G1 X233.243 Y102.509
G1 X232.804 Y102.509
G1 X232.657 Y102.363
G1 X232.511 Y102.363
G1 X232.364 Y102.216
G1 X232.071 Y102.216
G1 X231.925 Y102.070
G1 X231.486 Y102.070
G1 X231.339 Y101.923
G1 X230.754 Y101.923
G1 X230.607 Y101.777
G1 X230.022 Y101.777
G1 X229.875 Y101.631
G1 X229.290 Y101.631
G1 X229.143 Y101.484
G1 X228.411 Y101.484
G1 X228.265 Y101.338
G1 X227.972 Y101.338
G1 X227.826 Y101.191
G1 X227.826 Y101.045
G1 X227.679 Y100.899
G1 X227.679 Y100.752
G1 X227.533 Y100.606
G1 X227.533 Y100.459
G1 X227.387 Y100.313
G1 X227.240 Y100.167
G1 X227.094 Y100.020
G1 X226.947 Y99.874
G1 X226.801 Y99.874
G1 X226.655 Y99.727
G1 X226.508 Y99.727
G1 X226.362 Y99.581
G1 X226.215 Y99.435
G1 X226.069 Y99.435
G1 X225.923 Y99.288
G1 X225.776 Y99.288
G1 X225.483 Y98.995
G1 X225.337 Y98.995
G1 X225.191 Y98.849
G1 X225.044 Y98.703
G1 X224.898 Y98.556
G1 X224.751 Y98.556
G1 X224.605 Y98.410
G1 X224.458 Y98.410
G1 X224.458 Y98.556
G1 X224.605 Y98.556
G1 X223.434 Y98.556
G1 X223.287 Y98.410
G1 X222.702 Y98.410
G1 X222.555 Y98.263
G1 X222.116 Y98.263
G1 X221.970 Y98.117
G1 X221.530 Y98.117
G1 X221.384 Y97.971
G1 X221.238 Y97.824
G1 X221.091 Y97.824
G1 X220.798 Y97.531
G1 X220.652 Y97.531
G1 X220.359 Y97.238
G1 X220.213 Y97.238
G1 X220.066 Y97.092
G1 X219.920 Y96.946
G1 X219.774 Y96.946
G1 X219.627 Y96.799
G1 X219.481 Y96.799
G1 X219.334 Y96.653
G1 X219.188 Y96.506
G1 X219.042 Y96.506
G1 X218.895 Y96.360
G1 X218.749 Y96.214
G1 X218.602 Y96.214
G1 X218.456 Y96.067
G1 X218.310 Y95.921
G1 X218.163 Y95.921
G1 X218.017 Y95.774
G1 X217.870 Y95.628
G1 X217.724 Y95.628
G1 X217.577 Y95.482
G1 X217.431 Y95.335
G1 X217.285 Y95.335
G1 X217.138 Y95.189
G1 X216.992 Y95.042
G1 X216.845 Y95.042
G1 X216.406 Y94.603
G1 X216.260 Y94.603
G1 X216.113 Y94.457
G1 X215.967 Y94.457
G1 X215.821 Y94.310
G1 X215.674 Y94.164
G1 X215.528 Y94.164
G1 X215.381 Y94.018
G1 X215.235 Y94.018
G1 X215.089 Y93.871
G1 X214.942 Y93.725
G1 X214.503 Y93.725
G1 X214.357 Y93.578
G1 X213.917 Y93.578
G1 X213.771 Y93.432
G1 X213.625 Y93.432
G1 X213.625 Y93.139
G1 X213.771 Y92.993
G1 X213.771 Y92.846
G1 X213.917 Y92.700
G1 X213.917 Y92.407
G1 X214.064 Y92.261
G1 X214.064 Y91.968
G1 X214.210 Y91.822
G1 X214.210 Y91.529
G1 X215.235 Y90.504
G1 X215.235 Y90.358
G1 X215.381 Y90.211
G1 X215.528 Y90.065
G1 X215.674 Y89.918
G1 X215.674 Y89.772
G1 X215.821 Y89.625
G1 X215.821 Y89.479
G1 X215.967 Y89.333
G1 X216.113 Y89.186
G1 X216.113 Y88.893
G1 X216.260 Y88.747
G1 X216.260 Y88.454
G1 X216.113 Y88.308
G1 X215.967 Y88.161
G1 X215.821 Y88.015
G1 X215.821 Y87.576
G1 X215.674 Y87.429
G1 X215.674 Y86.844
G1 X215.528 Y86.697
G1 X215.528 Y86.405
G1 X215.381 Y86.258
G1 X215.381 Y85.819
G1 X215.235 Y85.673
G1 X215.235 Y85.380
G1 X215.089 Y85.233
G1 X215.089 Y84.941
G1 X214.942 Y84.794
G1 X214.942 Y84.501
G1 X214.796 Y84.355
G1 X214.796 Y84.209
G1 X214.649 Y84.062
G1 X214.649 Y83.916
G1 X214.503 Y83.769
G1 X214.503 Y83.477
G1 X214.357 Y83.330
G1 X214.210 Y83.184
G1 X214.210 Y82.745
G1 X214.064 Y82.598
G1 X214.064 Y81.573
G1 X213.917 Y81.427
G1 X213.917 Y81.280
G1 X213.478 Y80.841
G1 X213.185 Y80.841
G1 X213.039 Y80.988
G1 X212.453 Y80.988
G1 X211.868 Y81.573
G1 X211.721 Y81.573
G1 X211.575 Y81.720
G1 X211.429 Y81.866
G1 X211.282 Y82.012
G1 X211.136 Y82.159
G1 X210.989 Y82.305
G1 X210.843 Y82.305
G1 X210.697 Y82.452
G1 X210.550 Y82.598
G1 X210.404 Y82.745
G1 X210.257 Y82.891
G1 X210.111 Y82.891
G1 X209.964 Y83.037
G1 X209.818 Y83.184
G1 X209.672 Y83.330
G1 X209.525 Y83.330
G1 X209.379 Y83.477
G1 X209.232 Y83.623
G1 X209.086 Y83.769
G1 X208.940 Y83.769
G1 X208.793 Y83.916
G1 X208.647 Y83.916
G1 X208.500 Y84.062
G1 X208.354 Y84.209
G1 X208.208 Y84.355
G1 X208.061 Y84.501
G1 X207.915 Y84.501
G1 X207.622 Y84.794
G1 X207.476 Y84.941
G1 X207.329 Y84.941
G1 X207.183 Y85.087
G1 X207.036 Y85.233
G1 X206.890 Y85.233
G1 X206.744 Y85.380
G1 X206.597 Y85.526
G1 X206.451 Y85.526
G1 X205.426 Y86.551
G1 X205.133 Y86.551
G1 X204.987 Y86.697
G1 X204.694 Y86.697
G1 X204.548 Y86.844
G1 X204.108 Y86.844
G1 X203.962 Y86.990
G1 X203.669 Y86.990
G1 X203.523 Y87.137
G1 X203.084 Y87.137
G1 X202.791 Y86.844
G1 X202.791 Y86.551
G1 X202.644 Y86.405
G1 X202.644 Y86.112
G1 X202.498 Y85.965
G1 X202.498 Y85.819
G1 X202.351 Y85.673
G1 X202.351 Y85.380
G1 X202.205 Y85.233
G1 X202.205 Y84.648
G1 X202.059 Y84.501
G1 X202.059 Y84.062
G1 X202.205 Y83.916
G1 X202.205 Y83.477
G1 X202.351 Y83.330
G1 X202.351 Y82.891
G1 X202.498 Y82.745
G1 X202.498 Y82.452
G1 X202.644 Y82.305
G1 X202.644 Y81.720
G1 X202.791 Y81.573
G1 X202.791 Y81.280
G1 X202.937 Y81.134
G1 X202.937 Y80.841
G1 X203.084 Y80.695
G1 X203.084 Y80.256
G1 X202.937 Y80.109
G1 X202.937 Y79.816
G1 X202.791 Y79.670
G1 X202.791 Y79.231
G1 X202.644 Y79.084
G1 X202.644 Y78.645
G1 X202.498 Y78.499
G1 X202.498 Y77.035
G1 X202.351 Y76.888
G1 X202.351 Y74.692
G1 X202.498 Y74.546
G1 X202.498 Y73.960
G1 X202.351 Y73.814
G1 X202.205 Y73.667
G1 X202.205 Y73.375
G1 X202.059 Y73.228
G1 X202.059 Y72.350
G1 X201.912 Y72.203
G1 X201.912 Y71.911
G1 X201.766 Y71.764
G1 X201.766 Y71.325
G1 X201.619 Y71.179
G1 X201.619 Y71.032
G1 X201.473 Y70.886
G1 X201.473 Y70.447
G1 X201.327 Y70.300
G1 X201.327 Y70.154
G1 X201.180 Y70.007
G1 X201.180 Y69.715
G1 X201.034 Y69.568
G1 X201.034 Y69.422
G1 X200.887 Y69.275
G1 X200.887 Y68.983
G1 X200.741 Y68.836
G1 X200.595 Y68.690
G1 X200.595 Y68.543
G1 X200.448 Y68.397
G1 X200.448 Y68.104
G1 X200.302 Y67.958
G1 X200.302 Y67.665
G1 X200.155 Y67.519
G1 X200.155 Y67.226
G1 X200.009 Y67.079
G1 X200.009 Y66.933
G1 X199.863 Y66.786
G1 X199.863 Y66.494
G1 X199.716 Y66.347
G1 X199.716 Y66.054
G1 X199.570 Y65.908
G1 X199.570 Y65.762
G1 X199.423 Y65.615
G1 X199.423 Y65.322
G1 X199.277 Y65.176
G1 X199.277 Y64.883
G1 X199.131 Y64.737
G1 X199.131 Y64.590
G1 X198.984 Y64.444
G1 X198.984 Y64.151
G1 X198.838 Y64.005
G1 X198.838 Y63.858
G1 X198.691 Y63.712
G1 X198.691 Y63.566
G1 X198.545 Y63.419
G1 X198.545 Y63.126
G1 X198.399 Y62.980
G1 X198.399 Y62.834
G1 X198.252 Y62.687
G1 X198.252 Y62.394
G1 X198.106 Y62.248
G1 X198.106 Y61.955
G1 X197.959 Y61.809
G1 X197.959 Y61.516
G1 X197.813 Y61.370
G1 X197.813 Y61.077
G1 X197.667 Y60.930
G1 X197.667 Y60.052
G1 X197.520 Y59.906
G1 X197.520 Y59.173
G1 X197.374 Y59.027
G1 X197.374 Y58.441
G1 X197.520 Y58.295
G1 X197.520 Y57.563
G1 X197.374 Y57.417
G1 X197.374 Y57.124
G1 X197.227 Y56.977
G1 X197.227 Y56.392
G1 X196.788 Y56.392
G1 X196.642 Y56.245
G1 X196.495 Y56.245
G1 X196.349 Y56.099
G1 X196.203 Y56.099
G1 X196.056 Y55.953
G1 X195.910 Y55.953
G1 X195.763 Y55.806
G1 X195.617 Y55.806
G1 X195.178 Y55.367
G1 X195.178 Y55.221
G1 X194.885 Y54.928
G1 X194.885 Y54.781
G1 X194.738 Y54.635
G1 X194.738 Y54.489
G1 X194.592 Y54.342
G1 X194.153 Y53.903
G1 X194.153 Y53.757
G1 X193.860 Y53.464
G1 X193.860 Y53.317
G1 X193.714 Y53.171
G1 X193.567 Y53.025
G1 X193.421 Y52.878
G1 X193.274 Y52.732
G1 X193.274 Y52.585
G1 X192.982 Y52.293
G1 X192.982 Y52.146
G1 X192.835 Y52.000
G1 X192.689 Y51.853
G1 X192.689 Y51.707
G1 X192.542 Y51.560
G1 X192.542 Y51.414
G1 X192.396 Y51.268
G1 X192.250 Y51.121
G1 X192.250 Y50.975
G1 X191.957 Y50.682
G1 X191.957 Y50.536
G1 X191.810 Y50.389
G1 X191.810 Y50.243
G1 X191.664 Y50.096
G1 X191.664 Y49.950
G1 X191.518 Y49.804
G1 X191.518 Y49.657
G1 X191.371 Y49.511
G1 X191.371 Y49.364
G1 X191.225 Y49.218
G1 X191.225 Y48.779
G1 X191.078 Y48.632
G1 X191.078 Y48.047
G1 X190.932 Y47.900
G1 X190.932 Y46.876
G1 X190.786 Y46.876
G1 X190.493 Y46.583
G1 X190.493 Y46.436
G1 X190.346 Y46.290
G1 X190.346 Y46.144
G1 X190.200 Y45.997
G1 X190.200 Y45.704
G1 X190.054 Y45.558
G1 X190.054 Y45.265
G1 X189.907 Y45.119
G1 X189.907 Y44.240
G1 X189.761 Y44.094
G1 X189.761 Y42.191
G1 X189.907 Y42.044
G1 X189.907 Y40.727
G1 X190.054 Y40.580
G1 X190.054 Y40.287
G1 X190.200 Y40.141
G1 X190.200 Y39.555
G1 X190.346 Y39.409
G1 X190.346 Y39.116
G1 X190.493 Y38.970
G1 X190.493 Y38.531
G1 X190.639 Y38.384
G1 X190.786 Y38.238
G1 X190.932 Y38.091
G1 X191.078 Y37.945
G1 X191.225 Y37.945
G1 X191.371 Y37.799
G1 X191.518 Y37.799
G1 X191.664 Y37.652
G1 X191.810 Y37.652
G1 X191.810 Y37.506
G1 X191.810 Y37.652
G1 X191.664 Y37.652
G1 X191.518 Y37.799
G1 X191.371 Y37.799
G1 X191.225 Y37.945
G1 X191.078 Y37.945
G1 X190.932 Y38.091
G1 X190.786 Y38.238
G1 X190.639 Y38.384
G1 X190.493 Y38.531
G1 X190.493 Y38.970
G1 X190.346 Y39.116
G1 X190.346 Y39.409
G1 X190.200 Y39.555
G1 X190.200 Y40.141
G1 X190.054 Y40.287
G1 X190.054 Y40.580
G1 X189.907 Y40.727
G1 X189.907 Y42.044
G1 X189.761 Y42.191
G1 X189.761 Y44.094
G1 X189.907 Y44.240
G1 X189.907 Y45.119
G1 X190.054 Y45.265
G1 X190.054 Y45.558
G1 X190.200 Y45.704
G1 X190.200 Y45.997
G1 X190.346 Y46.144
G1 X190.346 Y46.290
G1 X190.493 Y46.436
G1 X190.493 Y46.583
G1 X190.786 Y46.876
G1 X190.932 Y46.876
G1 X191.078 Y46.729
G1 X193.274 Y46.729
G1 X193.421 Y46.583
G1 X193.860 Y46.583
G1 X194.006 Y46.436
G1 X194.299 Y46.436
G1 X194.446 Y46.290
G1 X194.738 Y46.290
G1 X194.885 Y46.144
G1 X195.031 Y46.144
G1 X195.471 Y45.704
G1 X195.471 Y45.558
G1 X195.617 Y45.412
G1 X195.617 Y45.119
G1 X195.763 Y44.972
G1 X195.763 Y44.533
G1 X195.617 Y44.387
G1 X195.617 Y43.508
G1 X195.471 Y43.362
G1 X195.471 Y43.069
G1 X195.324 Y42.923
G1 X195.324 Y42.776
G1 X195.178 Y42.630
G1 X195.178 Y42.483
G1 X195.031 Y42.337
G1 X195.031 Y42.191
G1 X194.885 Y42.044
G1 X194.885 Y41.898
G1 X194.738 Y41.751
G1 X194.738 Y41.605
G1 X194.592 Y41.459
G1 X194.592 Y41.312
G1 X194.299 Y41.019
G1 X194.299 Y40.873
G1 X194.153 Y40.727
G1 X194.153 Y40.580
G1 X194.006 Y40.434
G1 X194.006 Y40.287
G1 X193.860 Y40.141
G1 X193.860 Y39.995
G1 X193.714 Y39.848
G1 X193.714 Y39.702
G1 X193.567 Y39.555
G1 X193.567 Y39.409
G1 X193.128 Y38.970
G1 X193.128 Y38.677
G1 X192.982 Y38.531
G1 X192.982 Y38.384
G1 X192.835 Y38.238
G1 X192.689 Y38.091
G1 X192.542 Y37.945
G1 X192.396 Y37.799
G1 X192.250 Y37.799
G1 X192.103 Y37.652
G1 X192.250 Y37.799
G1 X192.396 Y37.799
G1 X192.542 Y37.945
G1 X192.689 Y38.091
G1 X192.835 Y38.238
G1 X192.982 Y38.384
G1 X192.982 Y38.531
G1 X193.128 Y38.677
G1 X193.128 Y38.970
G1 X193.567 Y39.409
G1 X193.567 Y39.555
G1 X193.714 Y39.702
G1 X193.714 Y39.848
G1 X193.860 Y39.995
G1 X193.860 Y40.141
G1 X194.006 Y40.287
G1 X194.006 Y40.434
G1 X194.153 Y40.580
G1 X194.153 Y40.727
G1 X194.299 Y40.873
G1 X194.299 Y41.019
G1 X194.592 Y41.312
G1 X194.592 Y41.459
G1 X194.738 Y41.605
G1 X194.738 Y41.751
G1 X194.885 Y41.898
G1 X194.885 Y42.044
G1 X195.031 Y42.191
G1 X195.031 Y42.337
G1 X195.178 Y42.483
G1 X195.178 Y42.630
G1 X195.324 Y42.776
G1 X195.324 Y42.923
G1 X195.471 Y43.069
G1 X195.471 Y43.362
G1 X195.617 Y43.508
G1 X195.617 Y44.387
G1 X195.763 Y44.533
G1 X195.763 Y44.972
G1 X195.617 Y45.119
G1 X195.617 Y45.412
G1 X195.471 Y45.558
G1 X195.471 Y45.704
G1 X195.031 Y46.144
G1 X194.885 Y46.144
G1 X194.738 Y46.290
G1 X194.446 Y46.290
G1 X194.299 Y46.436
G1 X194.006 Y46.436
G1 X193.860 Y46.583
G1 X193.421 Y46.583
G1 X193.274 Y46.729
G1 X191.078 Y46.729
G1 X190.932 Y46.876
G1 X190.932 Y47.900
G1 X191.078 Y48.047
G1 X191.078 Y48.632
G1 X191.225 Y48.779
G1 X191.225 Y49.218
G1 X191.371 Y49.364
G1 X191.371 Y49.511
G1 X191.518 Y49.657
G1 X191.518 Y49.804
G1 X191.664 Y49.950
G1 X191.664 Y50.096
G1 X191.810 Y50.243
G1 X191.810 Y50.389
G1 X191.957 Y50.536
G1 X191.957 Y50.682
G1 X192.250 Y50.975
G1 X192.250 Y51.121
G1 X192.396 Y51.268
G1 X192.542 Y51.414
G1 X192.542 Y51.560
G1 X192.689 Y51.707
G1 X192.689 Y51.853
G1 X192.835 Y52.000
G1 X192.982 Y52.146
G1 X192.982 Y52.293
G1 X193.274 Y52.585
G1 X193.274 Y52.732
G1 X193.421 Y52.878
G1 X193.567 Y53.025
G1 X193.714 Y53.171
G1 X193.860 Y53.317
G1 X193.860 Y53.464
G1 X194.153 Y53.757
G1 X194.153 Y53.903
G1 X194.592 Y54.342
G1 X194.738 Y54.489
G1 X194.738 Y54.635
G1 X194.885 Y54.781
G1 X194.885 Y54.928
G1 X195.178 Y55.221
G1 X195.178 Y55.367
G1 X195.617 Y55.806
G1 X195.763 Y55.806
G1 X195.910 Y55.953
G1 X196.056 Y55.953
G1 X196.203 Y56.099
G1 X196.349 Y56.099
G1 X196.495 Y56.245
G1 X196.642 Y56.245
G1 X196.788 Y56.392
G1 X197.374 Y56.392
G1 X197.374 Y56.245
G1 X197.520 Y56.099
G1 X197.667 Y55.953
G1 X197.813 Y55.806
G1 X197.813 Y54.928
G1 X197.667 Y54.781
G1 X197.667 Y54.489
G1 X197.813 Y54.342
G1 X197.813 Y52.585
G1 X197.959 Y52.439
G1 X197.959 Y52.146
G1 X198.106 Y52.000
G1 X198.106 Y51.414
G1 X198.545 Y50.975
G1 X198.691 Y50.975
G1 X198.838 Y50.828
G1 X199.277 Y50.828
G1 X199.423 Y50.682
G1 X200.155 Y50.682
G1 X200.302 Y50.828
G1 X200.741 Y50.828
G1 X200.887 Y50.975
G1 X201.034 Y50.975
G1 X201.473 Y51.414
G1 X201.473 Y51.560
G1 X201.619 Y51.707
G1 X201.766 Y51.853
G1 X201.912 Y52.000
G1 X202.059 Y52.146
G1 X202.205 Y52.293
G1 X202.351 Y52.439
G1 X202.498 Y52.585
G1 X202.498 Y52.732
G1 X202.937 Y53.171
G1 X203.084 Y53.317
G1 X203.230 Y53.464
G1 X203.523 Y53.757
G1 X203.669 Y53.757
G1 X203.816 Y53.903
G1 X203.962 Y53.903
G1 X204.401 Y54.342
G1 X203.962 Y53.903
G1 X203.816 Y53.903
G1 X203.669 Y53.757
G1 X203.523 Y53.757
G1 X203.230 Y53.464
G1 X203.084 Y53.317
G1 X202.937 Y53.171
G1 X202.498 Y52.732
G1 X202.498 Y52.585
G1 X202.351 Y52.439
G1 X202.205 Y52.293
G1 X202.059 Y52.146
G1 X201.912 Y52.000
G1 X201.766 Y51.853
G1 X201.619 Y51.707
G1 X201.473 Y51.560
G1 X201.473 Y51.414
G1 X201.034 Y50.975
G1 X200.887 Y50.975
G1 X200.741 Y50.828
G1 X200.302 Y50.828
G1 X200.155 Y50.682
G1 X199.423 Y50.682
G1 X199.277 Y50.828
G1 X198.838 Y50.828
G1 X198.691 Y50.975
G1 X198.545 Y50.975
G1 X198.106 Y51.414
G1 X198.106 Y52.000
G1 X197.959 Y52.146
G1 X197.959 Y52.439
G1 X197.813 Y52.585
G1 X197.813 Y54.342
G1 X197.667 Y54.489
G1 X197.667 Y54.781
G1 X197.813 Y54.928
G1 X197.813 Y55.806
G1 X197.667 Y55.953
G1 X197.520 Y56.099
G1 X197.374 Y56.245
G1 X197.374 Y56.392
G1 X197.227 Y56.392
G1 X197.227 Y56.977
G1 X197.374 Y57.124
G1 X197.374 Y57.417
G1 X197.520 Y57.563
G1 X197.520 Y58.149
G1 X197.667 Y58.149
G1 X197.667 Y58.295
G1 X197.667 Y58.149
G1 X197.520 Y58.149
G1 X197.520 Y58.295
G1 X197.813 Y58.295
G1 X197.959 Y58.441
G1 X198.106 Y58.441
G1 X198.252 Y58.588
G1 X198.691 Y58.588
G1 X198.838 Y58.734
G1 X199.131 Y58.734
G1 X199.277 Y58.881
G1 X199.863 Y58.881
G1 X200.009 Y59.027
G1 X201.619 Y59.027
G1 X201.766 Y58.881
G1 X201.912 Y58.734
G1 X202.059 Y58.588
G1 X202.205 Y58.441
G1 X202.351 Y58.295
G1 X202.498 Y58.149
G1 X202.644 Y58.002
G1 X202.791 Y57.856
G1 X202.937 Y57.709
G1 X203.084 Y57.563
G1 X203.230 Y57.417
G1 X203.376 Y57.270
G1 X203.523 Y57.124
G1 X203.669 Y56.977
G1 X203.816 Y56.831
G1 X203.816 Y56.685
G1 X203.962 Y56.538
G1 X203.962 Y56.245
G1 X204.108 Y56.099
G1 X204.108 Y55.513
G1 X204.255 Y55.367
G1 X204.255 Y54.781
G1 X204.401 Y54.635
G1 X204.401 Y54.342
G1 X204.548 Y54.342
G1 X204.694 Y54.196
G1 X204.840 Y54.196
G1 X205.133 Y53.903
G1 X205.280 Y53.757
G1 X205.426 Y53.610
G1 X205.426 Y53.464
G1 X205.572 Y53.317
G1 X205.719 Y53.171
G1 X205.719 Y52.878
G1 X205.865 Y52.732
G1 X205.865 Y52.146
G1 X206.012 Y52.000
G1 X206.012 Y51.853
G1 X206.012 Y52.000
G1 X205.865 Y52.146
G1 X205.865 Y52.732
G1 X205.719 Y52.878
G1 X205.719 Y53.171
G1 X205.572 Y53.317
G1 X205.426 Y53.464
G1 X205.426 Y53.610
G1 X205.280 Y53.757
G1 X205.133 Y53.903
G1 X204.840 Y54.196
G1 X204.694 Y54.196
G1 X204.548 Y54.342
G1 X204.401 Y54.342
G1 X204.401 Y54.635
G1 X204.255 Y54.781
G1 X204.255 Y55.367
G1 X204.108 Y55.513
G1 X204.108 Y56.099
G1 X203.962 Y56.245
G1 X203.962 Y56.538
G1 X203.816 Y56.685
G1 X203.816 Y56.831
G1 X203.669 Y56.977
G1 X203.523 Y57.124
G1 X203.376 Y57.270
G1 X203.230 Y57.417
G1 X203.084 Y57.563
G1 X202.937 Y57.709
G1 X202.791 Y57.856
G1 X202.644 Y58.002
G1 X202.498 Y58.149
G1 X202.351 Y58.295
G1 X202.205 Y58.441
G1 X202.059 Y58.588
G1 X201.912 Y58.734
G1 X201.766 Y58.881
G1 X201.619 Y59.027
G1 X200.009 Y59.027
G1 X199.863 Y58.881
G1 X199.277 Y58.881
G1 X199.131 Y58.734
G1 X198.838 Y58.734
G1 X198.691 Y58.588
G1 X198.252 Y58.588
G1 X198.106 Y58.441
G1 X197.959 Y58.441
G1 X197.813 Y58.295
G1 X197.520 Y58.295
G1 X197.374 Y58.441
G1 X197.374 Y59.027
G1 X197.520 Y59.173
G1 X197.520 Y59.906
G1 X197.667 Y60.052
G1 X197.667 Y60.930
G1 X197.813 Y61.077
G1 X197.813 Y61.370
G1 X197.959 Y61.516
G1 X197.959 Y61.809
G1 X198.106 Y61.955
G1 X198.106 Y62.248
G1 X198.252 Y62.394
G1 X198.252 Y62.687
G1 X198.399 Y62.834
G1 X198.399 Y62.980
G1 X198.545 Y63.126
G1 X198.545 Y63.419
G1 X198.691 Y63.566
G1 X198.691 Y63.712
G1 X198.838 Y63.858
G1 X198.838 Y64.005
G1 X198.984 Y64.151
G1 X198.984 Y64.444
G1 X199.131 Y64.590
G1 X199.131 Y64.737
G1 X199.277 Y64.883
G1 X199.277 Y65.176
G1 X199.423 Y65.322
G1 X199.423 Y65.615
G1 X199.570 Y65.762
G1 X199.570 Y65.908
G1 X199.716 Y66.054
G1 X199.716 Y66.347
G1 X199.863 Y66.494
G1 X199.863 Y66.786
G1 X200.009 Y66.933
G1 X200.009 Y67.079
G1 X200.155 Y67.226
G1 X200.155 Y67.519
G1 X200.302 Y67.665
G1 X200.302 Y67.958
G1 X200.448 Y68.104
G1 X200.448 Y68.397
G1 X200.595 Y68.543
G1 X200.595 Y68.690
G1 X200.741 Y68.836
G1 X200.887 Y68.983
G1 X200.887 Y69.275
G1 X201.034 Y69.422
G1 X201.034 Y69.568
G1 X201.180 Y69.715
G1 X201.180 Y70.007
G1 X201.327 Y70.154
G1 X201.327 Y70.300
G1 X201.473 Y70.447
G1 X201.473 Y70.886
G1 X201.619 Y71.032
G1 X201.619 Y71.179
G1 X201.766 Y71.325
G1 X201.766 Y71.764
G1 X201.912 Y71.911
G1 X201.912 Y72.203
G1 X202.059 Y72.350
G1 X202.059 Y73.228
G1 X202.205 Y73.375
G1 X202.205 Y73.667
G1 X202.351 Y73.814
G1 X202.498 Y73.960
G1 X202.937 Y73.960
G1 X203.084 Y73.814
G1 X203.376 Y73.814
G1 X203.523 Y73.667
G1 X203.816 Y73.667
G1 X203.962 Y73.521
G1 X204.255 Y73.521
G1 X204.401 Y73.375
G1 X204.694 Y73.375
G1 X204.840 Y73.228
G1 X204.987 Y73.228
G1 X205.133 Y73.082
G1 X205.426 Y73.082
G1 X205.572 Y72.935
G1 X205.719 Y72.935
G1 X205.865 Y72.789
G1 X206.304 Y72.789
G1 X206.451 Y72.643
G1 X207.183 Y72.643
G1 X207.329 Y72.496
G1 X208.940 Y72.496
G1 X209.086 Y72.643
G1 X209.379 Y72.643
G1 X209.525 Y72.789
G1 X209.672 Y72.935
G1 X209.818 Y73.082
G1 X210.111 Y73.375
G1 X210.111 Y73.521
G1 X210.257 Y73.667
G1 X210.257 Y73.814
G1 X210.404 Y73.960
G1 X210.404 Y74.399
G1 X210.550 Y74.546
G1 X210.550 Y75.571
G1 X210.404 Y75.717
G1 X210.404 Y76.010
G1 X210.257 Y76.156
G1 X210.257 Y76.449
G1 X210.111 Y76.596
G1 X210.111 Y76.742
G1 X209.964 Y76.888
G1 X209.818 Y77.035
G1 X209.818 Y77.181
G1 X209.672 Y77.328
G1 X209.525 Y77.474
G1 X209.086 Y77.913
G1 X208.940 Y78.060
G1 X208.793 Y78.206
G1 X208.647 Y78.352
G1 X208.500 Y78.352
G1 X208.354 Y78.499
G1 X207.915 Y78.938
G1 X207.768 Y78.938
G1 X207.622 Y79.084
G1 X207.476 Y79.084
G1 X207.329 Y79.231
G1 X207.183 Y79.231
G1 X207.036 Y79.377
G1 X206.890 Y79.524
G1 X206.744 Y79.524
G1 X206.597 Y79.670
G1 X206.451 Y79.816
G1 X206.158 Y79.816
G1 X206.012 Y79.963
G1 X205.865 Y79.963
G1 X205.719 Y80.109
G1 X204.694 Y80.109
G1 X204.548 Y80.256
G1 X204.108 Y80.256
G1 X203.962 Y80.402
G1 X203.376 Y80.402
G1 X203.230 Y80.548
G1 X203.084 Y80.548
G1 X203.230 Y80.548
G1 X203.376 Y80.402
G1 X203.962 Y80.402
G1 X204.108 Y80.256
G1 X204.548 Y80.256
G1 X204.694 Y80.109
G1 X205.719 Y80.109
G1 X205.865 Y79.963
G1 X206.012 Y79.963
G1 X206.158 Y79.816
G1 X206.451 Y79.816
G1 X206.597 Y79.670
G1 X206.744 Y79.524
G1 X206.890 Y79.524
G1 X207.036 Y79.377
G1 X207.183 Y79.231
G1 X207.329 Y79.231
G1 X207.476 Y79.084
G1 X207.622 Y79.084
G1 X207.768 Y78.938
G1 X207.915 Y78.938
G1 X208.354 Y78.499
G1 X208.500 Y78.352
G1 X208.647 Y78.352
G1 X208.793 Y78.206
G1 X208.940 Y78.060
G1 X209.086 Y77.913
G1 X209.525 Y77.474
G1 X209.672 Y77.328
G1 X209.818 Y77.181
G1 X209.818 Y77.035
G1 X209.964 Y76.888
G1 X210.111 Y76.742
G1 X210.111 Y76.596
G1 X210.257 Y76.449
G1 X210.257 Y76.156
G1 X210.404 Y76.010
G1 X210.404 Y75.717
G1 X210.550 Y75.571
G1 X210.550 Y74.546
G1 X210.404 Y74.399
G1 X210.404 Y73.960
G1 X210.257 Y73.814
G1 X210.257 Y73.667
G1 X210.111 Y73.521
G1 X210.111 Y73.375
G1 X209.818 Y73.082
G1 X209.672 Y72.935
G1 X209.525 Y72.789
G1 X209.379 Y72.643
G1 X209.086 Y72.643
G1 X208.940 Y72.496
G1 X207.329 Y72.496
G1 X207.183 Y72.643
G1 X206.451 Y72.643
G1 X206.304 Y72.789
G1 X205.865 Y72.789
G1 X205.719 Y72.935
G1 X205.572 Y72.935
G1 X205.426 Y73.082
G1 X205.133 Y73.082
G1 X204.987 Y73.228
G1 X204.840 Y73.228
G1 X204.694 Y73.375
G1 X204.401 Y73.375
G1 X204.255 Y73.521
G1 X203.962 Y73.521
G1 X203.816 Y73.667
G1 X203.523 Y73.667
G1 X203.376 Y73.814
G1 X203.084 Y73.814
G1 X202.937 Y73.960
G1 X202.498 Y73.960
G1 X202.498 Y74.546
G1 X202.351 Y74.692
G1 X202.351 Y76.888
G1 X202.498 Y77.035
G1 X202.498 Y78.499
G1 X202.644 Y78.645
G1 X202.644 Y79.084
G1 X202.791 Y79.231
G1 X202.791 Y79.670
G1 X202.937 Y79.816
G1 X202.937 Y80.109
G1 X203.084 Y80.256
G1 X203.084 Y80.695
G1 X202.937 Y80.841
G1 X202.937 Y81.134
G1 X202.791 Y81.280
G1 X202.791 Y81.573
G1 X202.644 Y81.720
G1 X202.644 Y82.305
G1 X202.498 Y82.452
G1 X202.498 Y82.745
G1 X202.351 Y82.891
G1 X202.351 Y83.330
G1 X202.205 Y83.477
G1 X202.205 Y83.916
G1 X202.059 Y84.062
G1 X202.059 Y84.501
G1 X202.205 Y84.648
G1 X202.205 Y85.233
G1 X202.351 Y85.380
G1 X202.351 Y85.673
G1 X202.498 Y85.819
G1 X202.498 Y85.965
G1 X202.644 Y86.112
G1 X202.644 Y86.405
G1 X202.791 Y86.551
G1 X202.791 Y86.844
G1 X203.084 Y87.137
G1 X203.084 Y89.040
G1 X203.230 Y89.040
G1 X203.084 Y89.040
G1 X203.084 Y87.137
G1 X203.523 Y87.137
G1 X203.669 Y86.990
G1 X203.962 Y86.990
G1 X204.108 Y86.844
G1 X204.548 Y86.844
G1 X204.694 Y86.697
G1 X204.987 Y86.697
G1 X205.133 Y86.551
G1 X205.426 Y86.551
G1 X206.451 Y85.526
G1 X206.597 Y85.526
G1 X206.744 Y85.380
G1 X206.890 Y85.233
G1 X207.036 Y85.233
G1 X207.183 Y85.087
G1 X207.329 Y84.941
G1 X207.476 Y84.941
G1 X207.622 Y84.794
G1 X207.915 Y84.501
G1 X208.061 Y84.501
G1 X208.208 Y84.355
G1 X208.354 Y84.209
G1 X208.500 Y84.062
G1 X208.647 Y83.916
G1 X208.793 Y83.916
G1 X208.940 Y83.769
G1 X209.086 Y83.769
G1 X209.232 Y83.623
G1 X209.379 Y83.477
G1 X209.525 Y83.330
G1 X209.672 Y83.330
G1 X209.818 Y83.184
G1 X209.964 Y83.037
G1 X210.111 Y82.891
G1 X210.257 Y82.891
G1 X210.404 Y82.745
G1 X210.550 Y82.598
G1 X210.697 Y82.452
G1 X210.843 Y82.305
G1 X210.989 Y82.305
G1 X211.136 Y82.159
G1 X211.282 Y82.012
G1 X211.429 Y81.866
G1 X211.575 Y81.720
G1 X211.721 Y81.573
G1 X211.868 Y81.573
G1 X212.453 Y80.988
G1 X213.039 Y80.988
G1 X213.185 Y80.841
G1 X213.478 Y80.841
G1 X213.478 Y80.695
G1 X213.625 Y80.548
G1 X213.625 Y80.402
G1 X213.771 Y80.256
G1 X213.771 Y80.109
G1 X213.917 Y79.963
G1 X213.917 Y79.816
G1 X214.064 Y79.670
G1 X214.503 Y79.231
G1 X214.649 Y79.084
G1 X214.796 Y78.938
G1 X214.942 Y78.938
G1 X215.089 Y78.792
G1 X215.235 Y78.645
G1 X215.528 Y78.352
G1 X215.674 Y78.352
G1 X215.821 Y78.206
G1 X215.967 Y78.060
G1 X216.113 Y77.913
G1 X216.260 Y77.913
G1 X216.699 Y77.474
G1 X216.845 Y77.474
G1 X216.992 Y77.328
G1 X217.138 Y77.181
G1 X217.285 Y77.181
G1 X217.431 Y77.035
G1 X217.577 Y76.888
G1 X217.724 Y76.888
G1 X217.870 Y76.742
G1 X218.017 Y76.596
G1 X218.163 Y76.596
G1 X218.456 Y76.303
G1 X218.602 Y76.303
G1 X218.749 Y76.156
G1 X218.895 Y76.156
G1 X219.042 Y76.010
G1 X219.188 Y75.864
G1 X219.334 Y75.864
G1 X219.627 Y75.571
G1 X219.774 Y75.571
G1 X219.920 Y75.424
G1 X220.066 Y75.278
G1 X220.213 Y75.278
G1 X220.652 Y74.839
G1 X220.798 Y74.839
G1 X220.945 Y74.692
G1 X221.091 Y74.692
G1 X221.238 Y74.546
G1 X221.384 Y74.546
G1 X221.530 Y74.399
G1 X221.677 Y74.253
G1 X222.116 Y74.253
G1 X222.262 Y74.107
G1 X222.848 Y74.107
G1 X222.994 Y73.960
G1 X223.726 Y73.960
G1 X223.580 Y73.960
G1 X223.726 Y73.814
G1 X223.726 Y74.253
G1 X223.873 Y74.399
G1 X223.873 Y75.132
G1 X224.019 Y75.278
G1 X224.019 Y75.424
G1 X224.166 Y75.571
G1 X224.166 Y75.717
G1 X224.312 Y75.864
G1 X224.312 Y76.010
G1 X224.458 Y76.156
G1 X224.458 Y76.449
G1 X224.605 Y76.596
G1 X224.605 Y76.742
G1 X224.751 Y76.888
G1 X224.751 Y77.035
G1 X224.898 Y77.181
G1 X224.898 Y77.474
G1 X225.191 Y77.767
G1 X225.191 Y78.060
G1 X225.337 Y78.206
G1 X225.337 Y78.499
G1 X225.483 Y78.645
G1 X225.483 Y79.231
G1 X225.630 Y79.377
G1 X225.630 Y80.256
G1 X225.776 Y80.402
G1 X225.776 Y81.134
G1 X225.630 Y81.280
G1 X225.630 Y81.573
G1 X225.337 Y81.866
G1 X225.337 Y82.012
G1 X225.191 Y82.159
G1 X225.044 Y82.305
G1 X224.898 Y82.452
G1 X224.751 Y82.598
G1 X224.605 Y82.745
G1 X224.458 Y82.891
G1 X224.312 Y83.037
G1 X224.166 Y83.184
G1 X224.019 Y83.330
G1 X223.873 Y83.477
G1 X223.726 Y83.477
G1 X223.287 Y83.916
G1 X223.141 Y83.916
G1 X222.994 Y84.062
G1 X222.848 Y84.209
G1 X222.702 Y84.355
G1 X222.555 Y84.501
G1 X222.409 Y84.501
G1 X222.262 Y84.648
G1 X222.116 Y84.648
G1 X221.677 Y85.087
G1 X221.530 Y85.233
G1 X221.384 Y85.233
G1 X221.238 Y85.380
G1 X221.091 Y85.526
G1 X220.945 Y85.673
G1 X220.798 Y85.819
G1 X220.652 Y85.965
G1 X220.506 Y85.965
G1 X220.066 Y86.405
G1 X219.920 Y86.405
G1 X219.774 Y86.551
G1 X219.627 Y86.697
G1 X219.481 Y86.844
G1 X219.334 Y86.990
G1 X219.188 Y87.137
G1 X219.042 Y87.137
G1 X218.895 Y87.283
G1 X218.456 Y87.722
G1 X218.310 Y87.869
G1 X218.163 Y87.869
G1 X218.017 Y88.015
G1 X217.870 Y88.161
G1 X217.431 Y88.161
G1 X217.285 Y88.308
G1 X216.992 Y88.308
G1 X216.845 Y88.454
G1 X216.260 Y88.454
G1 X216.845 Y88.454
G1 X216.992 Y88.308
G1 X217.285 Y88.308
G1 X217.431 Y88.161
G1 X217.870 Y88.161
G1 X218.017 Y88.015
G1 X218.163 Y87.869
G1 X218.310 Y87.869
G1 X218.456 Y87.722
G1 X218.895 Y87.283
G1 X219.042 Y87.137
G1 X219.188 Y87.137
G1 X219.334 Y86.990
G1 X219.481 Y86.844
G1 X219.627 Y86.697
G1 X219.774 Y86.551
G1 X219.920 Y86.405
G1 X220.066 Y86.405
G1 X220.506 Y85.965
G1 X220.652 Y85.965
G1 X220.798 Y85.819
G1 X220.945 Y85.673
G1 X221.091 Y85.526
G1 X221.238 Y85.380
G1 X221.384 Y85.233
G1 X221.530 Y85.233
G1 X221.677 Y85.087
G1 X222.116 Y84.648
G1 X222.262 Y84.648
G1 X222.409 Y84.501
G1 X222.555 Y84.501
G1 X222.702 Y84.355
G1 X222.848 Y84.209
G1 X222.994 Y84.062
G1 X223.141 Y83.916
G1 X223.287 Y83.916
G1 X223.726 Y83.477
G1 X223.873 Y83.477
G1 X224.019 Y83.330
G1 X224.166 Y83.184
G1 X224.312 Y83.037
G1 X224.458 Y82.891
G1 X224.605 Y82.745
G1 X224.751 Y82.598
G1 X224.898 Y82.452
G1 X225.044 Y82.305
G1 X225.191 Y82.159
G1 X225.337 Y82.012
G1 X225.337 Y81.866
G1 X225.630 Y81.573
G1 X225.630 Y81.280
G1 X225.776 Y81.134
G1 X225.776 Y80.402
G1 X225.630 Y80.256
G1 X225.630 Y79.377
G1 X225.483 Y79.231
G1 X225.483 Y78.645
G1 X225.337 Y78.499
G1 X225.337 Y78.206
G1 X225.191 Y78.060
G1 X225.191 Y77.767
G1 X224.898 Y77.474
G1 X224.898 Y77.181
G1 X224.751 Y77.035
G1 X224.751 Y76.888
G1 X224.605 Y76.742
G1 X224.605 Y76.596
G1 X224.458 Y76.449
G1 X224.458 Y76.156
G1 X224.312 Y76.010
G1 X224.312 Y75.864
G1 X224.166 Y75.717
G1 X224.166 Y75.571
G1 X224.019 Y75.424
G1 X224.019 Y75.278
G1 X223.873 Y75.132
G1 X223.873 Y74.399
G1 X223.726 Y74.253
G1 X223.726 Y73.667
G1 X223.873 Y73.521
G1 X223.873 Y73.375
G1 X224.019 Y73.228
G1 X224.166 Y73.228
G1 X224.312 Y73.082
G1 X224.751 Y73.082
G1 X224.898 Y72.935
G1 X225.483 Y72.935
G1 X225.630 Y72.789
G1 X226.069 Y72.789
G1 X226.215 Y72.643
G1 X226.362 Y72.643
G1 X226.508 Y72.496
G1 X226.655 Y72.350
G1 X226.655 Y72.203
G1 X227.240 Y71.618
G1 X227.387 Y71.618
G1 X227.533 Y71.471
G1 X227.679 Y71.325
G1 X227.826 Y71.325
G1 X227.972 Y71.179
G1 X228.119 Y71.179
G1 X228.265 Y71.032
G1 X228.411 Y70.886
G1 X228.558 Y70.886
G1 X228.704 Y70.739
G1 X228.851 Y70.739
G1 X228.997 Y70.593
G1 X229.290 Y70.593
G1 X229.436 Y70.447
G1 X230.022 Y70.447
G1 X230.168 Y70.300
G1 X230.754 Y70.300
G1 X230.900 Y70.447
G1 X231.047 Y70.593
G1 X231.047 Y70.739
G1 X231.193 Y70.886
G1 X231.193 Y71.325
G1 X231.339 Y71.471
G1 X231.339 Y71.911
G1 X231.486 Y72.057
G1 X231.486 Y72.203
G1 X231.632 Y72.350
G1 X231.632 Y72.496
G1 X231.779 Y72.643
G1 X231.779 Y72.789
G1 X231.925 Y72.935
G1 X231.925 Y73.082
G1 X232.071 Y73.228
G1 X232.071 Y73.375
G1 X232.218 Y73.521
G1 X232.364 Y73.667
G1 X232.364 Y73.960
G1 X232.657 Y74.253
G1 X232.657 Y74.692
G1 X232.804 Y74.839
G1 X232.804 Y74.985
G1 X232.950 Y75.132
G1 X233.096 Y75.278
G1 X233.096 Y75.424
G1 X233.243 Y75.571
G1 X233.243 Y75.717
G1 X233.389 Y75.864
G1 X233.536 Y76.010
G1 X233.682 Y76.156
G1 X233.828 Y76.303
G1 X233.828 Y76.449
G1 X233.828 Y76.303
G1 X233.682 Y76.156
G1 X233.536 Y76.010
G1 X233.389 Y75.864
G1 X233.243 Y75.717
G1 X233.243 Y75.571
G1 X233.096 Y75.424
G1 X233.096 Y75.278
G1 X232.950 Y75.132
G1 X232.804 Y74.985
G1 X232.804 Y74.839
G1 X232.657 Y74.692
G1 X232.657 Y74.253
G1 X232.364 Y73.960
G1 X232.364 Y73.667
G1 X232.218 Y73.521
G1 X232.071 Y73.375
G1 X232.071 Y73.228
G1 X231.925 Y73.082
G1 X231.925 Y72.935
G1 X231.779 Y72.789
G1 X231.779 Y72.643
G1 X231.632 Y72.496
G1 X231.632 Y72.350
G1 X231.486 Y72.203
G1 X231.486 Y72.057
G1 X231.339 Y71.911
G1 X231.339 Y71.471
G1 X231.193 Y71.325
G1 X231.193 Y70.886
G1 X231.047 Y70.739
G1 X231.047 Y70.593
G1 X230.900 Y70.447
G1 X230.754 Y70.300
G1 X230.754 Y70.154
G1 X230.900 Y70.007
G1 X230.900 Y69.861
G1 X231.047 Y69.715
G1 X231.047 Y69.422
G1 X231.193 Y69.275
G1 X231.339 Y69.129
G1 X231.339 Y68.983
G1 X232.511 Y67.811
G1 X232.511 Y67.665
G1 X232.804 Y67.372
G1 X232.804 Y67.079
G1 X232.950 Y66.933
G1 X232.950 Y66.640
G1 X233.096 Y66.494
G1 X233.096 Y66.201
G1 X233.243 Y66.054
G1 X233.243 Y65.615
G1 X233.096 Y65.469
G1 X232.950 Y65.322
G1 X232.804 Y65.176
G1 X232.657 Y65.030
G1 X232.511 Y64.883
G1 X232.364 Y64.737
G1 X232.218 Y64.590
G1 X232.071 Y64.444
G1 X232.071 Y64.298
G1 X231.925 Y64.151
G1 X231.486 Y63.712
G1 X231.339 Y63.566
G1 X231.339 Y63.419
G1 X231.193 Y63.273
G1 X231.047 Y63.126
G1 X230.900 Y62.980
G1 X230.900 Y62.834
G1 X230.754 Y62.687
G1 X230.607 Y62.541
G1 X230.461 Y62.394
G1 X230.315 Y62.248
G1 X230.315 Y62.102
G1 X230.168 Y61.955
G1 X230.168 Y61.809
G1 X230.022 Y61.662
G1 X229.875 Y61.516
G1 X229.875 Y61.370
G1 X229.729 Y61.223
G1 X229.290 Y60.784
G1 X229.143 Y60.638
G1 X228.997 Y60.638
G1 X228.997 Y57.709
G1 X228.851 Y57.563
G1 X228.851 Y57.270
G1 X228.997 Y57.124
G1 X228.997 Y56.392
G1 X229.143 Y56.245
G1 X229.143 Y50.975
G1 X228.997 Y50.828
G1 X228.997 Y50.389
G1 X228.851 Y50.243
G1 X228.851 Y49.804
G1 X228.704 Y49.657
G1 X228.704 Y49.364
G1 X228.558 Y49.218
G1 X228.558 Y48.925
G1 X228.411 Y48.779
G1 X228.411 Y48.486
G1 X228.265 Y48.340
G1 X228.265 Y48.193
G1 X228.119 Y48.047
G1 X228.119 Y47.608
G1 X227.972 Y47.461
G1 X227.972 Y47.315
G1 X227.826 Y47.168
G1 X227.826 Y47.022
G1 X227.679 Y46.876
G1 X227.679 Y46.729
G1 X227.533 Y46.583
G1 X227.533 Y46.436
G1 X227.387 Y46.290
G1 X227.240 Y46.144
G1 X227.240 Y45.997
G1 X226.947 Y45.704
G1 X226.947 Y45.558
G1 X226.801 Y45.412
G1 X226.655 Y45.265
G1 X226.655 Y45.119
G1 X226.362 Y44.826
G1 X226.215 Y44.680
G1 X226.215 Y44.533
G1 X226.069 Y44.387
G1 X225.923 Y44.240
G1 X225.776 Y44.094
G1 X225.630 Y43.947
G1 X225.337 Y43.947
G1 X225.191 Y43.801
G1 X225.044 Y43.801
G1 X224.898 Y43.655
G1 X224.458 Y43.655
G1 X224.458 Y43.508
G1 X224.312 Y43.362
G1 X224.312 Y43.069
G1 X224.166 Y42.923
G1 X224.166 Y42.483
G1 X224.019 Y42.337
G1 X224.019 Y41.898
G1 X223.873 Y41.751
G1 X223.873 Y41.605
G1 X223.726 Y41.459
G1 X223.580 Y41.312
G1 X223.580 Y41.166
G1 X223.434 Y41.019
G1 X223.287 Y40.873
G1 X223.287 Y40.727
G1 X223.141 Y40.580
G1 X222.994 Y40.434
G1 X222.994 Y40.287
G1 X222.702 Y39.995
G1 X222.702 Y39.848
G1 X222.555 Y39.702
G1 X222.409 Y39.555
G1 X222.409 Y39.409
G1 X222.262 Y39.263
G1 X222.116 Y39.116
G1 X222.116 Y38.970
G1 X221.970 Y38.823
G1 X221.823 Y38.677
G1 X221.530 Y38.384
G1 X221.530 Y38.238
G1 X221.384 Y38.091
G1 X221.238 Y37.945
G1 X221.238 Y37.799
G1 X220.798 Y37.359
G1 X220.798 Y37.213
G1 X220.652 Y37.066
G1 X220.506 Y36.920
G1 X220.506 Y36.774
G1 X220.213 Y36.481
G1 X220.213 Y36.334
G1 X220.066 Y36.188
G1 X219.920 Y36.042
G1 X219.774 Y35.895
G1 X219.774 Y35.749
G1 X219.481 Y35.456
G1 X219.481 Y35.310
G1 X219.188 Y35.017
G1 X219.042 Y34.870
G1 X218.895 Y34.870
G1 X218.749 Y34.724
G1 X218.310 Y34.724
G1 X218.163 Y34.578
G1 X218.017 Y34.724
G1 X217.870 Y34.870
G1 X217.724 Y35.017
G1 X217.577 Y35.163
G1 X217.431 Y35.310
G1 X217.285 Y35.456
G1 X217.138 Y35.602
G1 X216.992 Y35.749
G1 X216.992 Y35.895
G1 X216.699 Y36.188
G1 X216.553 Y36.188
G1 X216.406 Y36.334
G1 X216.113 Y36.334
G1 X215.967 Y36.481
G1 X215.674 Y36.481
G1 X215.528 Y36.627
G1 X214.942 Y36.627
G1 X214.796 Y36.774
G1 X214.503 Y36.774
G1 X214.357 Y36.920
G1 X214.357 Y37.067
G1 X214.210 Y37.213
G1 X213.771 Y37.652
G1 X212.893 Y37.652
G1 X212.746 Y37.506
G1 X212.161 Y37.506
G1 X212.014 Y37.359
G1 X211.721 Y37.359
G1 X211.575 Y37.213
G1 X211.429 Y37.213
G1 X211.136 Y36.920
G1 X210.989 Y36.774
G1 X210.843 Y36.627
G1 X210.404 Y36.188
G1 X210.257 Y36.042
G1 X210.111 Y35.895
G1 X209.964 Y35.749
G1 X209.818 Y35.602
G1 X209.818 Y35.456
G1 X209.525 Y35.163
G1 X209.525 Y35.017
G1 X209.379 Y34.870
G1 X209.379 Y34.724
G1 X209.232 Y34.578
G1 X209.086 Y34.431
G1 X209.086 Y34.285
G1 X208.940 Y34.138
G1 X208.940 Y33.846
G1 X208.793 Y33.699
G1 X208.793 Y33.553
G1 X208.647 Y33.406
G1 X208.647 Y33.260
G1 X208.500 Y33.114
G1 X208.500 Y32.967
G1 X208.354 Y32.821
G1 X208.354 Y32.528
G1 X208.208 Y32.382
G1 X208.208 Y32.235
G1 X208.061 Y32.089
G1 X208.061 Y31.650
G1 X207.915 Y31.503
G1 X207.915 Y31.210
G1 X207.768 Y31.064
G1 X207.768 Y30.478
G1 X207.622 Y30.332
G1 X207.622 Y29.746
G1 X207.476 Y29.600
G1 X207.476 Y29.161
G1 X207.329 Y29.014
G1 X207.329 Y27.257
G1 X207.183 Y27.111
G1 X207.183 Y25.940
G1 X207.183 Y27.111
G1 X207.329 Y27.257
G1 X207.329 Y29.014
G1 X207.476 Y29.161
G1 X207.476 Y29.600
G1 X207.622 Y29.746
G1 X207.622 Y30.332
G1 X207.768 Y30.478
G1 X207.768 Y31.064
G1 X207.915 Y31.210
G1 X207.915 Y31.503
G1 X208.061 Y31.650
G1 X208.061 Y32.089
G1 X208.208 Y32.235
G1 X208.208 Y32.382
G1 X208.354 Y32.528
G1 X208.354 Y32.821
G1 X208.500 Y32.967
G1 X208.500 Y33.114
G1 X208.647 Y33.260
G1 X208.647 Y33.406
G1 X208.793 Y33.553
G1 X208.793 Y33.699
G1 X208.940 Y33.846
G1 X208.940 Y34.138
G1 X209.086 Y34.285
G1 X209.086 Y34.431
G1 X209.232 Y34.578
G1 X209.379 Y34.724
G1 X209.379 Y34.870
G1 X209.525 Y35.017
G1 X209.525 Y35.163
G1 X209.818 Y35.456
G1 X209.818 Y35.602
G1 X209.964 Y35.749
G1 X210.111 Y35.895
G1 X210.257 Y36.042
G1 X210.404 Y36.188
G1 X210.843 Y36.627
G1 X210.989 Y36.774
G1 X211.136 Y36.920
G1 X211.429 Y37.213
G1 X211.575 Y37.213
G1 X211.721 Y37.359
G1 X212.014 Y37.359
G1 X212.161 Y37.506
G1 X212.746 Y37.506
G1 X212.893 Y37.652
G1 X213.771 Y37.652
G1 X214.210 Y37.213
G1 X214.357 Y37.067
G1 X214.357 Y36.920
G1 X214.503 Y36.774
G1 X214.503 Y36.627
G1 X214.210 Y36.334
G1 X214.210 Y35.017
G1 X214.357 Y34.870
G1 X214.357 Y31.942
G1 X215.089 Y31.210
G1 X215.089 Y30.918
G1 X214.942 Y30.771
G1 X214.942 Y30.332
G1 X214.796 Y30.186
G1 X214.796 Y29.893
G1 X214.649 Y29.746
G1 X214.649 Y29.307
G1 X214.503 Y29.161
G1 X214.503 Y28.868
G1 X214.357 Y28.721
G1 X214.357 Y28.429
G1 X213.917 Y27.989
G1 X213.771 Y27.989
G1 X213.625 Y27.843
G1 X213.478 Y27.697
G1 X213.332 Y27.550
G1 X213.185 Y27.550
G1 X213.039 Y27.404
G1 X212.893 Y27.404
G1 X212.600 Y27.111
G1 X212.453 Y26.965
G1 X212.307 Y26.965
G1 X212.161 Y26.818
G1 X212.014 Y26.818
G1 X211.868 Y26.672
G1 X211.721 Y26.672
G1 X211.575 Y26.525
G1 X211.429 Y26.379
G1 X211.282 Y26.379
G1 X211.136 Y26.233
G1 X210.989 Y26.233
G1 X210.843 Y26.086
G1 X210.697 Y25.940
G1 X210.550 Y25.940
G1 X210.404 Y25.793
G1 X210.111 Y25.793
G1 X209.964 Y25.647
G1 X209.232 Y25.647
G1 X209.086 Y25.501
G1 X207.915 Y25.501
G1 X207.768 Y25.647
G1 X207.329 Y25.647
G1 X207.183 Y25.793
G1 X207.183 Y25.940
G1 X207.036 Y25.940
G1 X207.183 Y25.940
G1 X207.183 Y25.793
G1 X207.036 Y25.940
G1 X206.304 Y25.940
G1 X206.158 Y26.086
G1 X205.280 Y26.086
G1 X205.133 Y26.233
G1 X204.987 Y26.233
G1 X204.840 Y26.379
G1 X204.548 Y26.379
G1 X204.401 Y26.525
G1 X204.108 Y26.525
G1 X203.962 Y26.672
G1 X203.816 Y26.672
G1 X203.669 Y26.818
G1 X203.523 Y26.818
G1 X203.376 Y26.965
G1 X203.084 Y26.965
G1 X202.937 Y27.111
G1 X202.644 Y27.111
G1 X202.351 Y27.404
G1 X202.351 Y27.550
G1 X202.205 Y27.697
G1 X202.059 Y27.843
G1 X202.059 Y27.989
G1 X201.912 Y28.136
G1 X201.912 Y28.282
G1 X201.766 Y28.429
G1 X201.619 Y28.429
G1 X201.619 Y28.868
G1 X201.473 Y29.014
G1 X201.327 Y29.161
G1 X201.180 Y29.307
G1 X200.741 Y29.746
G1 X200.741 Y31.357
G1 X200.887 Y31.503
G1 X200.887 Y32.089
G1 X201.034 Y32.235
G1 X201.034 Y32.674
G1 X201.180 Y32.821
G1 X201.180 Y33.260
G1 X201.327 Y33.406
G1 X201.327 Y33.699
G1 X201.473 Y33.846
G1 X201.473 Y33.992
G1 X201.619 Y34.138
G1 X201.619 Y34.431
G1 X201.766 Y34.578
G1 X201.766 Y34.870
G1 X201.912 Y35.017
G1 X201.912 Y35.310
G1 X202.059 Y35.456
G1 X202.059 Y35.602
G1 X202.205 Y35.749
G1 X202.205 Y35.895
G1 X202.351 Y36.042
G1 X202.351 Y36.188
G1 X202.498 Y36.334
G1 X202.498 Y36.481
G1 X202.644 Y36.627
G1 X202.644 Y36.774
G1 X202.791 Y36.920
G1 X202.791 Y37.066
G1 X202.937 Y37.213
G1 X202.937 Y37.359
G1 X203.084 Y37.506
G1 X203.084 Y37.652
G1 X203.230 Y37.799
G1 X203.376 Y37.945
G1 X203.523 Y38.091
G1 X203.669 Y38.091
G1 X203.816 Y38.238
G1 X204.108 Y38.238
G1 X204.255 Y38.384
G1 X204.987 Y38.384
G1 X205.280 Y38.091
G1 X205.280 Y37.799
G1 X205.426 Y37.652
G1 X205.426 Y35.456
G1 X205.280 Y35.310
G1 X205.280 Y34.578
G1 X205.133 Y34.431
G1 X205.133 Y34.138
G1 X204.987 Y33.992
G1 X204.987 Y33.553
G1 X204.840 Y33.406
G1 X204.840 Y33.114
G1 X204.694 Y32.967
G1 X204.694 Y32.674
G1 X204.548 Y32.528
G1 X204.548 Y32.382
G1 X204.401 Y32.235
G1 X204.401 Y32.089
G1 X204.255 Y31.942
G1 X204.108 Y31.796
G1 X204.108 Y31.650
G1 X203.962 Y31.503
G1 X203.816 Y31.357
G1 X203.816 Y31.210
G1 X203.669 Y31.064
G1 X203.669 Y30.918
G1 X203.523 Y30.771
G1 X203.376 Y30.625
G1 X203.230 Y30.478
G1 X203.230 Y30.332
G1 X201.766 Y28.868
G1 X201.766 Y28.721
G1 X201.766 Y28.868
G1 X203.230 Y30.332
G1 X203.230 Y30.478
G1 X203.376 Y30.625
G1 X203.523 Y30.771
G1 X203.669 Y30.918
G1 X203.669 Y31.064
G1 X203.816 Y31.210
G1 X203.816 Y31.357
G1 X203.962 Y31.503
G1 X204.108 Y31.650
G1 X204.108 Y31.796
G1 X204.255 Y31.942
G1 X204.401 Y32.089
G1 X204.401 Y32.235
G1 X204.548 Y32.382
G1 X204.548 Y32.528
G1 X204.694 Y32.674
G1 X204.694 Y32.967
G1 X204.840 Y33.114
G1 X204.840 Y33.406
G1 X204.987 Y33.553
G1 X204.987 Y33.992
G1 X205.133 Y34.138
G1 X205.133 Y34.431
G1 X205.280 Y34.578
G1 X205.280 Y35.310
G1 X205.426 Y35.456
G1 X205.426 Y37.652
G1 X205.280 Y37.799
G1 X205.280 Y38.091
G1 X204.987 Y38.384
G1 X204.255 Y38.384
G1 X204.108 Y38.238
G1 X203.816 Y38.238
G1 X203.669 Y38.091
G1 X203.523 Y38.091
G1 X203.376 Y37.945
G1 X203.230 Y37.799
G1 X203.084 Y37.652
G1 X203.084 Y37.506
G1 X202.937 Y37.359
G1 X202.937 Y37.213
G1 X202.791 Y37.066
G1 X202.791 Y36.920
G1 X202.644 Y36.774
G1 X202.644 Y36.627
G1 X202.498 Y36.481
G1 X202.498 Y36.334
G1 X202.351 Y36.188
G1 X202.351 Y36.042
G1 X202.205 Y35.895
G1 X202.205 Y35.749
G1 X202.059 Y35.602
G1 X202.059 Y35.456
G1 X201.912 Y35.310
G1 X201.912 Y35.017
G1 X201.766 Y34.870
G1 X201.766 Y34.578
G1 X201.619 Y34.431
G1 X201.619 Y34.138
G1 X201.473 Y33.992
G1 X201.473 Y33.846
G1 X201.327 Y33.699
G1 X201.327 Y33.406
G1 X201.180 Y33.260
G1 X201.180 Y32.821
G1 X201.034 Y32.674
G1 X201.034 Y32.235
G1 X200.887 Y32.089
G1 X200.887 Y31.503
G1 X200.741 Y31.357
G1 X200.741 Y29.746
G1 X201.180 Y29.307
G1 X201.327 Y29.161
G1 X201.473 Y29.014
G1 X201.619 Y28.868
G1 X201.766 Y28.868
G1 X201.619 Y28.868
G1 X201.619 Y28.721
G1 X201.766 Y28.721
G1 X201.619 Y28.721
G1 X201.619 Y28.429
G1 X201.473 Y28.282
G1 X201.034 Y28.282
G1 X200.887 Y28.136
G1 X200.741 Y28.282
G1 X200.155 Y28.282
G1 X200.009 Y28.429
G1 X199.277 Y28.429
G1 X199.131 Y28.575
G1 X198.691 Y28.575
G1 X198.545 Y28.721
G1 X197.959 Y28.721
G1 X197.813 Y28.868
G1 X197.520 Y28.868
G1 X197.227 Y29.161
G1 X197.081 Y29.161
G1 X196.935 Y29.307
G1 X196.788 Y29.453
G1 X196.642 Y29.453
G1 X196.495 Y29.600
G1 X196.349 Y29.600
G1 X194.885 Y31.064
G1 X194.738 Y31.210
G1 X194.592 Y31.357
G1 X194.446 Y31.503
G1 X194.446 Y31.650
G1 X194.299 Y31.796
G1 X194.153 Y31.942
G1 X194.153 Y32.089
G1 X194.006 Y32.235
G1 X194.006 Y32.382
G1 X193.860 Y32.528
G1 X193.860 Y32.967
G1 X193.714 Y33.114
G1 X193.714 Y33.553
G1 X193.567 Y33.699
G1 X193.567 Y34.138
G1 X193.421 Y34.285
G1 X193.421 Y34.724
G1 X193.274 Y34.724
G1 X193.128 Y34.870
G1 X192.835 Y34.870
G1 X192.689 Y35.017
G1 X192.542 Y35.017
G1 X192.396 Y35.163
G1 X192.396 Y35.310
G1 X192.250 Y35.456
G1 X192.250 Y36.042
G1 X192.103 Y36.188
G1 X192.103 Y36.774
G1 X191.957 Y36.920
G1 X191.957 Y37.652
G1 X191.810 Y37.652
G1 X192.103 Y37.652
G1 X191.957 Y37.652
G1 X191.957 Y37.506
G1 X191.810 Y37.506
G1 X191.957 Y37.506
G1 X191.957 Y36.920
G1 X192.103 Y36.774
G1 X192.103 Y36.188
G1 X192.250 Y36.042
G1 X192.250 Y35.456
G1 X192.396 Y35.310
G1 X192.396 Y35.163
G1 X192.542 Y35.017
G1 X192.689 Y35.017
G1 X192.835 Y34.870
G1 X193.128 Y34.870
G1 X193.274 Y34.724
G1 X193.421 Y34.724
G1 X193.567 Y34.870
G1 X193.714 Y34.870
G1 X193.860 Y35.017
G1 X194.153 Y35.017
G1 X194.299 Y35.163
G1 X194.446 Y35.163
G1 X194.592 Y35.310
G1 X194.738 Y35.456
G1 X194.885 Y35.602
G1 X194.885 Y35.749
G1 X195.178 Y36.042
G1 X195.178 Y36.188
G1 X195.471 Y36.481
G1 X195.471 Y36.627
G1 X195.617 Y36.774
G1 X195.910 Y37.067
G1 X195.910 Y37.213
G1 X196.349 Y37.652
G1 X196.349 Y37.799
G1 X196.495 Y37.945
G1 X196.642 Y38.091
G1 X196.788 Y38.238
G1 X196.788 Y38.384
G1 X197.374 Y38.970
G1 X197.374 Y39.116
G1 X197.520 Y39.263
G1 X197.667 Y39.409
G1 X197.813 Y39.555
G1 X197.813 Y39.702
G1 X198.252 Y40.141
G1 X198.252 Y40.287
G1 X198.399 Y40.434
G1 X198.399 Y40.580
G1 X198.545 Y40.727
G1 X198.691 Y40.873
G1 X198.838 Y41.019
G1 X198.984 Y41.166
G1 X198.984 Y41.312
G1 X199.570 Y41.898
G1 X199.570 Y42.044
G1 X199.716 Y42.191
G1 X199.863 Y42.337
G1 X200.009 Y42.483
G1 X200.009 Y42.630
G1 X200.448 Y43.069
G1 X200.448 Y43.215
G1 X200.741 Y43.508
G1 X200.887 Y43.655
G1 X201.034 Y43.801
G1 X201.034 Y43.947
G1 X201.180 Y44.094
G1 X201.327 Y44.240
G1 X201.473 Y44.387
G1 X201.766 Y44.680
G1 X201.766 Y44.826
G1 X202.205 Y45.265
G1 X202.351 Y45.412
G1 X202.498 Y45.558
G1 X203.230 Y46.290
G1 X203.376 Y46.290
G1 X203.523 Y46.436
G1 X203.816 Y46.436
G1 X203.962 Y46.583
G1 X204.255 Y46.583
G1 X204.401 Y46.729
G1 X204.840 Y46.729
G1 X205.133 Y47.022
G1 X205.280 Y47.168
G1 X205.426 Y47.315
G1 X205.719 Y47.315
G1 X205.865 Y47.168
G1 X206.597 Y47.168
G1 X206.744 Y47.022
G1 X207.183 Y47.022
G1 X207.329 Y46.876
G1 X207.476 Y46.876
G1 X207.622 Y46.729
G1 X208.061 Y46.290
G1 X208.208 Y46.144
G1 X208.354 Y45.997
G1 X208.354 Y45.704
G1 X208.500 Y45.558
G1 X208.500 Y44.826
G1 X208.354 Y44.680
G1 X208.354 Y44.387
G1 X208.208 Y44.240
G1 X208.208 Y44.094
G1 X207.915 Y43.801
G1 X207.768 Y43.655
G1 X207.622 Y43.508
G1 X207.183 Y43.069
G1 X207.036 Y43.069
G1 X206.890 Y42.923
G1 X206.304 Y42.923
G1 X206.158 Y42.776
G1 X205.865 Y42.776
G1 X205.719 Y42.923
G1 X205.572 Y42.923
G1 X204.987 Y43.508
G1 X204.987 Y43.655
G1 X204.840 Y43.801
G1 X204.694 Y43.947
G1 X204.694 Y45.704
G1 X204.840 Y45.851
G1 X204.840 Y46.583
G1 X204.840 Y45.851
G1 X204.694 Y45.704
G1 X204.694 Y43.947
G1 X204.840 Y43.801
G1 X204.987 Y43.655
G1 X204.987 Y43.508
G1 X205.572 Y42.923
G1 X205.719 Y42.923
G1 X205.865 Y42.776
G1 X206.158 Y42.776
G1 X206.304 Y42.923
G1 X206.890 Y42.923
G1 X207.036 Y43.069
G1 X207.183 Y43.069
G1 X207.622 Y43.508
G1 X207.768 Y43.655
G1 X207.915 Y43.801
G1 X208.208 Y44.094
G1 X208.208 Y44.240
G1 X208.354 Y44.387
G1 X208.354 Y44.680
G1 X208.500 Y44.826
G1 X211.429 Y44.826
G1 X211.429 Y45.704
G1 X211.575 Y45.851
G1 X211.575 Y46.729
G1 X211.721 Y46.876
G1 X211.721 Y47.315
G1 X211.868 Y47.461
G1 X212.014 Y47.608
G1 X212.014 Y47.754
G1 X212.161 Y47.900
G1 X212.161 Y48.047
G1 X212.307 Y48.193
G1 X212.453 Y48.340
G1 X212.453 Y48.486
G1 X212.600 Y48.632
G1 X212.746 Y48.779
G1 X212.746 Y48.925
G1 X214.357 Y50.536
G1 X216.113 Y50.536
G1 X216.260 Y50.389
G1 X216.553 Y50.389
G1 X216.699 Y50.243
G1 X216.845 Y50.243
G1 X216.992 Y50.096
G1 X217.138 Y50.096
G1 X217.285 Y49.950
G1 X217.431 Y49.804
G1 X217.577 Y49.657
G1 X217.724 Y49.511
G1 X217.870 Y49.364
G1 X217.870 Y49.218
G1 X218.017 Y49.072
G1 X218.163 Y48.925
G1 X218.163 Y48.779
G1 X218.310 Y48.632
G1 X218.310 Y48.193
G1 X218.456 Y48.047
G1 X218.456 Y45.412
G1 X218.310 Y45.265
G1 X218.310 Y44.826
G1 X218.163 Y44.680
G1 X218.163 Y44.387
G1 X218.017 Y44.240
G1 X218.017 Y44.094
G1 X217.870 Y43.947
G1 X217.870 Y43.655
G1 X217.724 Y43.508
G1 X217.577 Y43.362
G1 X217.431 Y43.215
G1 X217.285 Y43.069
G1 X217.138 Y42.923
G1 X216.992 Y42.923
G1 X216.845 Y42.776
G1 X216.699 Y42.776
G1 X216.553 Y42.630
G1 X216.260 Y42.630
G1 X216.553 Y42.630
G1 X216.699 Y42.776
G1 X216.845 Y42.776
G1 X216.992 Y42.923
G1 X217.138 Y42.923
G1 X217.285 Y43.069
G1 X217.431 Y43.215
G1 X217.577 Y43.362
G1 X217.724 Y43.508
G1 X217.870 Y43.655
G1 X217.870 Y43.947
G1 X218.017 Y44.094
G1 X218.017 Y44.240
G1 X218.163 Y44.387
G1 X218.163 Y44.680
G1 X218.310 Y44.826
G1 X218.310 Y45.265
G1 X218.456 Y45.412
G1 X218.456 Y48.047
G1 X218.310 Y48.193
G1 X218.310 Y48.632
G1 X218.163 Y48.779
G1 X218.163 Y48.925
G1 X218.017 Y49.072
G1 X217.870 Y49.218
G1 X217.870 Y49.364
G1 X217.724 Y49.511
G1 X217.577 Y49.657
G1 X217.431 Y49.804
G1 X217.285 Y49.950
G1 X217.138 Y50.096
G1 X216.992 Y50.096
G1 X216.845 Y50.243
G1 X216.699 Y50.243
G1 X216.553 Y50.389
G1 X216.260 Y50.389
G1 X216.113 Y50.536
G1 X214.357 Y50.536
G1 X212.746 Y48.925
G1 X212.746 Y48.779
G1 X212.600 Y48.632
G1 X212.453 Y48.486
G1 X212.453 Y48.340
G1 X212.307 Y48.193
G1 X212.161 Y48.047
G1 X212.161 Y47.900
G1 X212.014 Y47.754
G1 X212.014 Y47.608
G1 X211.868 Y47.461
G1 X211.721 Y47.315
G1 X211.721 Y46.876
G1 X211.575 Y46.729
G1 X211.575 Y45.851
G1 X211.429 Y45.704
G1 X211.429 Y44.680
G1 X211.575 Y44.533
G1 X212.307 Y44.533
G1 X212.453 Y44.387
G1 X213.332 Y44.387
G1 X213.478 Y44.240
G1 X213.917 Y44.240
G1 X214.064 Y44.094
G1 X214.210 Y44.094
G1 X214.357 Y43.947
G1 X214.649 Y43.947
G1 X214.796 Y43.801
G1 X214.942 Y43.801
G1 X215.089 Y43.655
G1 X215.235 Y43.655
G1 X215.381 Y43.508
G1 X215.528 Y43.508
G1 X215.674 Y43.362
G1 X215.674 Y43.215
G1 X215.821 Y43.069
G1 X215.967 Y42.923
G1 X216.113 Y42.776
G1 X216.260 Y42.630
G1 X216.260 Y42.337
G1 X216.113 Y42.191
G1 X216.113 Y42.044
G1 X215.967 Y41.898
G1 X215.821 Y41.751
G1 X215.674 Y41.605
G1 X215.528 Y41.459
G1 X215.235 Y41.459
G1 X215.089 Y41.312
G1 X213.478 Y41.312
G1 X213.332 Y41.459
G1 X213.039 Y41.459
G1 X212.893 Y41.605
G1 X212.746 Y41.751
G1 X212.600 Y41.898
G1 X212.453 Y42.044
G1 X212.307 Y42.191
G1 X212.307 Y42.337
G1 X212.014 Y42.630
G1 X212.014 Y42.776
G1 X211.868 Y42.923
G1 X211.868 Y43.362
G1 X211.721 Y43.508
G1 X211.721 Y44.240
G1 X211.575 Y44.387
G1 X211.575 Y44.533
G1 X211.575 Y44.387
G1 X211.721 Y44.240
G1 X211.721 Y43.508
G1 X211.868 Y43.362
G1 X211.868 Y42.923
G1 X212.014 Y42.776
G1 X212.014 Y42.630
G1 X212.307 Y42.337
G1 X212.307 Y42.191
G1 X212.453 Y42.044
G1 X212.600 Y41.898
G1 X212.746 Y41.751
G1 X212.893 Y41.605
G1 X213.039 Y41.459
G1 X213.332 Y41.459
G1 X213.478 Y41.312
G1 X215.089 Y41.312
G1 X215.235 Y41.459
G1 X215.528 Y41.459
G1 X215.674 Y41.605
G1 X215.821 Y41.751
G1 X215.967 Y41.898
G1 X216.113 Y42.044
G1 X216.113 Y42.191
G1 X216.260 Y42.337
G1 X216.260 Y42.630
G1 X216.113 Y42.776
G1 X215.967 Y42.923
G1 X215.821 Y43.069
G1 X215.674 Y43.215
G1 X215.674 Y43.362
G1 X215.528 Y43.508
G1 X215.381 Y43.508
G1 X215.235 Y43.655
G1 X215.089 Y43.655
G1 X214.942 Y43.801
G1 X214.796 Y43.801
G1 X214.649 Y43.947
G1 X214.357 Y43.947
G1 X214.210 Y44.094
G1 X214.064 Y44.094
G1 X213.917 Y44.240
G1 X213.478 Y44.240
G1 X213.332 Y44.387
G1 X212.453 Y44.387
G1 X212.307 Y44.533
G1 X211.575 Y44.533
G1 X211.429 Y44.680
G1 X211.429 Y44.826
G1 X208.500 Y44.826
G1 X208.500 Y45.558
G1 X208.354 Y45.704
G1 X208.354 Y45.997
G1 X208.208 Y46.144
G1 X208.061 Y46.290
G1 X207.622 Y46.729
G1 X207.476 Y46.876
G1 X207.329 Y46.876
G1 X207.183 Y47.022
G1 X206.744 Y47.022
G1 X206.597 Y47.168
G1 X205.865 Y47.168
G1 X205.719 Y47.315
G1 X205.426 Y47.315
G1 X205.280 Y47.168
G1 X205.133 Y47.022
G1 X204.840 Y46.729
G1 X204.840 Y46.583
G1 X204.840 Y46.729
G1 X204.401 Y46.729
G1 X204.255 Y46.583
G1 X203.962 Y46.583
G1 X203.816 Y46.436
G1 X203.523 Y46.436
G1 X203.376 Y46.290
G1 X203.230 Y46.290
G1 X202.498 Y45.558
G1 X202.351 Y45.412
G1 X202.205 Y45.265
G1 X201.766 Y44.826
G1 X201.766 Y44.680
G1 X201.473 Y44.387
G1 X201.327 Y44.240
G1 X201.180 Y44.094
G1 X201.034 Y43.947
G1 X201.034 Y43.801
G1 X200.887 Y43.655
G1 X200.741 Y43.508
G1 X200.448 Y43.215
G1 X200.448 Y43.069
G1 X200.009 Y42.630
G1 X200.009 Y42.483
G1 X199.863 Y42.337
G1 X199.716 Y42.191
G1 X199.570 Y42.044
G1 X199.570 Y41.898
G1 X198.984 Y41.312
G1 X198.984 Y41.166
G1 X198.838 Y41.019
G1 X198.691 Y40.873
G1 X198.545 Y40.727
G1 X198.399 Y40.580
G1 X198.399 Y40.434
G1 X198.252 Y40.287
G1 X198.252 Y40.141
G1 X197.813 Y39.702
G1 X197.813 Y39.555
G1 X197.667 Y39.409
G1 X197.520 Y39.263
G1 X197.374 Y39.116
G1 X197.374 Y38.970
G1 X196.788 Y38.384
G1 X196.788 Y38.238
G1 X196.642 Y38.091
G1 X196.495 Y37.945
G1 X196.349 Y37.799
G1 X196.349 Y37.652
G1 X195.910 Y37.213
G1 X195.910 Y37.067
G1 X195.617 Y36.774
G1 X195.471 Y36.627
G1 X195.471 Y36.481
G1 X195.178 Y36.188
G1 X195.178 Y36.042
G1 X194.885 Y35.749
G1 X194.885 Y35.602
G1 X194.738 Y35.456
G1 X194.592 Y35.310
G1 X194.446 Y35.163
G1 X194.299 Y35.163
G1 X194.153 Y35.017
G1 X193.860 Y35.017
G1 X193.714 Y34.870
G1 X193.567 Y34.870
G1 X193.421 Y34.724
G1 X193.421 Y34.285
G1 X193.567 Y34.138
G1 X193.567 Y33.699
G1 X193.714 Y33.553
G1 X193.714 Y33.114
G1 X193.860 Y32.967
G1 X193.860 Y32.528
G1 X194.006 Y32.382
G1 X194.006 Y32.235
G1 X194.153 Y32.089
G1 X194.153 Y31.942
G1 X194.299 Y31.796
G1 X194.446 Y31.650
G1 X194.446 Y31.503
G1 X194.592 Y31.357
G1 X194.738 Y31.210
G1 X194.885 Y31.064
G1 X196.349 Y29.600
G1 X196.495 Y29.600
G1 X196.642 Y29.453
G1 X196.788 Y29.453
G1 X196.935 Y29.307
G1 X197.081 Y29.161
G1 X197.227 Y29.161
G1 X197.520 Y28.868
G1 X197.813 Y28.868
G1 X197.959 Y28.721
G1 X198.545 Y28.721
G1 X198.691 Y28.575
G1 X199.131 Y28.575
G1 X199.277 Y28.429
G1 X200.009 Y28.429
G1 X200.155 Y28.282
G1 X200.741 Y28.282
G1 X200.887 Y28.136
G1 X201.034 Y28.282
G1 X200.887 Y28.282
G1 X201.473 Y28.282
G1 X201.619 Y28.429
G1 X201.766 Y28.429
G1 X201.912 Y28.282
G1 X201.912 Y28.136
G1 X202.059 Y27.989
G1 X202.059 Y27.843
G1 X202.205 Y27.697
G1 X202.351 Y27.550
G1 X202.351 Y27.404
G1 X202.644 Y27.111
G1 X202.937 Y27.111
G1 X203.084 Y26.965
G1 X203.376 Y26.965
G1 X203.523 Y26.818
G1 X203.669 Y26.818
G1 X203.816 Y26.672
G1 X203.962 Y26.672
G1 X204.108 Y26.525
G1 X204.401 Y26.525
G1 X204.548 Y26.379
G1 X204.840 Y26.379
G1 X204.987 Y26.233
G1 X205.133 Y26.233
G1 X205.280 Y26.086
G1 X206.158 Y26.086
G1 X206.304 Y25.940
G1 X207.036 Y25.940
G1 X207.329 Y25.647
G1 X207.768 Y25.647
G1 X207.915 Y25.501
G1 X208.793 Y25.501
G1 X208.793 Y24.037
G1 X207.329 Y24.037
G1 X210.111 Y24.037
G1 X208.793 Y24.037
G1 X208.793 Y25.501
G1 X209.086 Y25.501
G1 X209.232 Y25.647
G1 X209.964 Y25.647
G1 X210.111 Y25.793
G1 X210.404 Y25.793
G1 X210.550 Y25.940
G1 X210.697 Y25.940
G1 X210.843 Y26.086
G1 X210.989 Y26.233
G1 X211.136 Y26.233
G1 X211.282 Y26.379
G1 X211.429 Y26.379
G1 X211.575 Y26.525
G1 X211.721 Y26.672
G1 X211.868 Y26.672
G1 X212.014 Y26.818
G1 X212.161 Y26.818
G1 X212.307 Y26.965
G1 X212.453 Y26.965
G1 X212.600 Y27.111
G1 X212.893 Y27.404
G1 X213.039 Y27.404
G1 X213.185 Y27.550
G1 X213.332 Y27.550
G1 X213.478 Y27.697
G1 X213.625 Y27.843
G1 X213.771 Y27.989
G1 X213.917 Y27.989
G1 X214.357 Y28.429
G1 X214.357 Y28.721
G1 X214.503 Y28.868
G1 X214.503 Y29.161
G1 X214.649 Y29.307
G1 X214.649 Y29.746
G1 X214.796 Y29.893
G1 X214.796 Y30.186
G1 X214.942 Y30.332
G1 X214.942 Y30.771
G1 X215.089 Y30.918
G1 X215.089 Y31.064
G1 X215.235 Y31.064
G1 X215.089 Y31.064
G1 X215.089 Y31.210
G1 X214.357 Y31.942
G1 X214.357 Y34.870
G1 X214.210 Y35.017
G1 X214.210 Y36.334
G1 X214.503 Y36.627
G1 X214.503 Y36.774
G1 X214.796 Y36.774
G1 X214.942 Y36.627
G1 X215.528 Y36.627
G1 X215.674 Y36.481
G1 X215.967 Y36.481
G1 X216.113 Y36.334
G1 X216.406 Y36.334
G1 X216.553 Y36.188
G1 X216.699 Y36.188
G1 X216.992 Y35.895
G1 X216.992 Y35.749
G1 X217.138 Y35.602
G1 X217.285 Y35.456
G1 X217.431 Y35.310
G1 X217.577 Y35.163
G1 X217.724 Y35.017
G1 X217.870 Y34.870
G1 X218.017 Y34.724
G1 X218.163 Y34.578
G1 X218.163 Y34.285
G1 X218.017 Y34.138
G1 X218.017 Y33.699
G1 X217.870 Y33.553
G1 X217.870 Y33.260
G1 X217.724 Y33.114
G1 X217.724 Y32.674
G1 X217.577 Y32.528
G1 X217.431 Y32.382
G1 X217.285 Y32.235
G1 X217.138 Y32.089
G1 X216.992 Y31.942
G1 X216.845 Y31.796
G1 X216.699 Y31.796
G1 X216.553 Y31.650
G1 X216.260 Y31.650
G1 X216.113 Y31.503
G1 X215.967 Y31.503
G1 X215.821 Y31.357
G1 X215.528 Y31.357
G1 X215.381 Y31.210
G1 X215.089 Y31.210
G1 X215.235 Y31.210
G1 X215.235 Y31.064
G1 X215.235 Y31.210
G1 X215.381 Y31.210
G1 X215.528 Y31.357
G1 X215.821 Y31.357
G1 X215.967 Y31.503
G1 X216.113 Y31.503
G1 X216.260 Y31.650
G1 X216.553 Y31.650
G1 X216.699 Y31.796
G1 X216.845 Y31.796
G1 X216.992 Y31.942
G1 X217.138 Y32.089
G1 X217.285 Y32.235
G1 X217.431 Y32.382
G1 X217.577 Y32.528
G1 X217.724 Y32.674
G1 X217.724 Y33.114
G1 X217.870 Y33.260
G1 X217.870 Y33.553
G1 X218.017 Y33.699
G1 X218.017 Y34.138
G1 X218.163 Y34.285
G1 X218.163 Y34.578
G1 X218.310 Y34.724
G1 X218.163 Y34.724
G1 X218.749 Y34.724
G1 X218.895 Y34.870
G1 X219.042 Y34.870
G1 X219.188 Y35.017
G1 X219.481 Y35.310
G1 X219.481 Y35.456
G1 X219.774 Y35.749
G1 X219.774 Y35.895
G1 X219.920 Y36.042
G1 X220.066 Y36.188
G1 X220.213 Y36.334
G1 X220.213 Y36.481
G1 X220.506 Y36.774
G1 X220.506 Y36.920
G1 X220.652 Y37.066
G1 X220.798 Y37.213
G1 X220.798 Y37.359
G1 X221.238 Y37.799
G1 X221.238 Y37.945
G1 X221.384 Y38.091
G1 X221.530 Y38.238
G1 X221.530 Y38.384
G1 X221.823 Y38.677
G1 X221.970 Y38.823
G1 X222.116 Y38.970
G1 X222.116 Y39.116
G1 X222.262 Y39.263
G1 X222.409 Y39.409
G1 X222.409 Y39.555
G1 X222.555 Y39.702
G1 X222.702 Y39.848
G1 X222.702 Y39.995
G1 X222.994 Y40.287
G1 X222.994 Y40.434
G1 X223.141 Y40.580
G1 X223.287 Y40.727
G1 X223.287 Y40.873
G1 X223.434 Y41.019
G1 X223.580 Y41.166
G1 X223.580 Y41.312
G1 X223.726 Y41.459
G1 X223.873 Y41.605
G1 X223.873 Y41.751
G1 X224.019 Y41.898
G1 X224.019 Y42.337
G1 X224.166 Y42.483
G1 X224.166 Y42.923
G1 X224.312 Y43.069
G1 X224.312 Y43.362
G1 X224.458 Y43.508
G1 X224.458 Y43.655
G1 X223.726 Y44.387
G1 X223.726 Y44.680
G1 X223.580 Y44.826
G1 X223.580 Y45.119
G1 X223.434 Y45.265
G1 X223.434 Y45.704
G1 X223.287 Y45.851
G1 X223.287 Y46.144
G1 X223.141 Y46.290
G1 X223.141 Y46.583
G1 X222.994 Y46.729
G1 X222.994 Y47.022
G1 X222.848 Y47.168
G1 X222.848 Y47.461
G1 X222.702 Y47.608
G1 X222.702 Y47.900
G1 X222.555 Y48.047
G1 X222.555 Y48.340
G1 X222.409 Y48.486
G1 X222.409 Y48.632
G1 X222.262 Y48.779
G1 X222.262 Y49.364
G1 X222.116 Y49.511
G1 X222.116 Y49.950
G1 X221.970 Y50.096
G1 X221.970 Y51.414
G1 X222.116 Y51.560
G1 X222.116 Y52.439
G1 X222.262 Y52.585
G1 X222.262 Y52.878
G1 X222.409 Y53.025
G1 X222.409 Y53.171
G1 X222.702 Y53.464
G1 X222.702 Y53.610
G1 X222.848 Y53.757
G1 X222.848 Y53.903
G1 X223.141 Y54.196
G1 X223.141 Y54.342
G1 X223.287 Y54.489
G1 X223.434 Y54.635
G1 X223.434 Y54.781
G1 X223.580 Y54.928
G1 X224.019 Y55.367
G1 X224.166 Y55.513
G1 X224.312 Y55.660
G1 X224.751 Y56.099
G1 X224.898 Y56.245
G1 X225.044 Y56.392
G1 X225.191 Y56.538
G1 X225.337 Y56.685
G1 X225.483 Y56.685
G1 X225.630 Y56.831
G1 X226.215 Y56.831
G1 X226.362 Y56.977
G1 X226.801 Y56.977
G1 X226.947 Y57.124
G1 X227.826 Y57.124
G1 X227.972 Y57.270
G1 X228.704 Y57.270
G1 X227.972 Y57.270
G1 X227.826 Y57.124
G1 X226.947 Y57.124
G1 X226.801 Y56.977
G1 X226.362 Y56.977
G1 X226.215 Y56.831
G1 X225.630 Y56.831
G1 X225.483 Y56.685
G1 X225.337 Y56.685
G1 X225.191 Y56.538
G1 X225.044 Y56.392
G1 X224.898 Y56.245
G1 X224.751 Y56.099
G1 X224.312 Y55.660
G1 X224.166 Y55.513
G1 X224.019 Y55.367
G1 X223.580 Y54.928
G1 X223.434 Y54.781
G1 X223.434 Y54.635
G1 X223.287 Y54.489
G1 X223.141 Y54.342
G1 X223.141 Y54.196
G1 X222.848 Y53.903
G1 X222.848 Y53.757
G1 X222.702 Y53.610
G1 X222.702 Y53.464
G1 X222.409 Y53.171
G1 X222.409 Y53.025
G1 X222.262 Y52.878
G1 X222.262 Y52.585
G1 X222.116 Y52.439
G1 X222.116 Y51.560
G1 X221.970 Y51.414
G1 X221.970 Y50.096
G1 X222.116 Y49.950
G1 X222.116 Y49.511
G1 X222.262 Y49.364
G1 X222.262 Y48.779
G1 X222.409 Y48.632
G1 X222.409 Y48.486
G1 X222.555 Y48.340
G1 X222.555 Y48.047
G1 X222.702 Y47.900
G1 X222.702 Y47.608
G1 X222.848 Y47.461
G1 X222.848 Y47.168
G1 X222.994 Y47.022
G1 X222.994 Y46.729
G1 X223.141 Y46.583
G1 X223.141 Y46.290
G1 X223.287 Y46.144
G1 X223.287 Y45.851
G1 X223.434 Y45.704
G1 X223.434 Y45.265
G1 X223.580 Y45.119
G1 X223.580 Y44.826
G1 X223.726 Y44.680
G1 X223.726 Y44.387
G1 X224.458 Y43.655
G1 X224.898 Y43.655
G1 X225.044 Y43.801
G1 X225.191 Y43.801
G1 X225.337 Y43.947
G1 X225.630 Y43.947
G1 X225.776 Y44.094
G1 X225.923 Y44.240
G1 X226.069 Y44.387
G1 X226.215 Y44.533
G1 X226.215 Y44.680
G1 X226.362 Y44.826
G1 X226.655 Y45.119
G1 X226.655 Y45.265
G1 X226.801 Y45.412
G1 X226.947 Y45.558
G1 X226.947 Y45.704
G1 X227.240 Y45.997
G1 X227.240 Y46.144
G1 X227.387 Y46.290
G1 X227.533 Y46.436
G1 X227.533 Y46.583
G1 X227.679 Y46.729
G1 X227.679 Y46.876
G1 X227.826 Y47.022
G1 X227.826 Y47.168
G1 X227.972 Y47.315
G1 X227.972 Y47.461
G1 X228.119 Y47.608
G1 X228.119 Y48.047
G1 X228.265 Y48.193
G1 X228.265 Y48.340
G1 X228.411 Y48.486
G1 X228.411 Y48.779
G1 X228.558 Y48.925
G1 X228.558 Y49.218
G1 X228.704 Y49.364
G1 X228.704 Y49.657
G1 X228.851 Y49.804
G1 X228.851 Y50.243
G1 X228.997 Y50.389
G1 X228.997 Y50.828
G1 X229.143 Y50.975
G1 X229.143 Y56.245
G1 X228.997 Y56.392
G1 X228.997 Y57.124
G1 X228.851 Y57.270
G1 X228.704 Y57.270
G1 X228.851 Y57.270
G1 X228.851 Y57.563
G1 X228.997 Y57.709
G1 X228.997 Y60.638
G1 X228.851 Y60.784
G1 X228.704 Y60.784
G1 X228.558 Y60.930
G1 X228.265 Y60.930
G1 X228.119 Y61.077
G1 X227.972 Y61.077
G1 X227.826 Y61.223
G1 X227.533 Y61.223
G1 X227.387 Y61.370
G1 X227.240 Y61.370
G1 X227.094 Y61.516
G1 X226.947 Y61.662
G1 X226.801 Y61.662
G1 X226.655 Y61.809
G1 X226.508 Y61.809
G1 X226.215 Y62.102
G1 X226.069 Y62.102
G1 X225.923 Y62.248
G1 X225.776 Y62.394
G1 X225.630 Y62.541
G1 X225.483 Y62.541
G1 X225.337 Y62.687
G1 X225.191 Y62.687
G1 X224.898 Y62.980
G1 X224.751 Y62.980
G1 X224.312 Y63.419
G1 X224.166 Y63.419
G1 X223.873 Y63.712
G1 X223.726 Y63.858
G1 X223.580 Y63.858
G1 X223.434 Y64.005
G1 X223.287 Y64.151
G1 X223.141 Y64.151
G1 X222.702 Y64.590
G1 X222.555 Y64.590
G1 X222.409 Y64.737
G1 X222.262 Y64.737
G1 X222.116 Y64.883
G1 X221.970 Y64.883
G1 X221.823 Y65.030
G1 X221.677 Y65.030
G1 X221.530 Y65.176
G1 X221.384 Y65.176
G1 X221.238 Y65.322
G1 X221.091 Y65.322
G1 X220.945 Y65.469
G1 X220.798 Y65.469
G1 X220.652 Y65.615
G1 X220.506 Y65.615
G1 X220.359 Y65.762
G1 X219.920 Y65.762
G1 X219.774 Y65.908
G1 X219.627 Y65.908
G1 X219.481 Y66.054
G1 X219.188 Y66.054
G1 X219.042 Y66.201
G1 X218.749 Y66.201
G1 X218.602 Y66.347
G1 X218.456 Y66.347
G1 X218.310 Y66.494
G1 X218.017 Y66.494
G1 X217.870 Y66.640
G1 X217.724 Y66.640
G1 X217.870 Y66.640
G1 X218.017 Y66.494
G1 X218.310 Y66.494
G1 X218.456 Y66.347
G1 X218.602 Y66.347
G1 X218.749 Y66.201
G1 X219.042 Y66.201
G1 X219.188 Y66.054
G1 X219.481 Y66.054
G1 X219.627 Y65.908
G1 X219.774 Y65.908
G1 X219.920 Y65.762
G1 X220.359 Y65.762
G1 X220.506 Y65.615
G1 X220.652 Y65.615
G1 X220.798 Y65.469
G1 X220.945 Y65.469
G1 X221.091 Y65.322
G1 X221.238 Y65.322
G1 X221.384 Y65.176
G1 X221.530 Y65.176
G1 X221.677 Y65.030
G1 X221.823 Y65.030
G1 X221.970 Y64.883
G1 X222.116 Y64.883
G1 X222.262 Y64.737
G1 X222.409 Y64.737
G1 X222.555 Y64.590
G1 X222.702 Y64.590
G1 X223.141 Y64.151
G1 X223.287 Y64.151
G1 X223.434 Y64.005
G1 X223.580 Y63.858
G1 X223.726 Y63.858
G1 X223.873 Y63.712
G1 X224.166 Y63.419
G1 X224.312 Y63.419
G1 X224.751 Y62.980
G1 X224.898 Y62.980
G1 X225.191 Y62.687
G1 X225.337 Y62.687
G1 X225.483 Y62.541
G1 X225.630 Y62.541
G1 X225.776 Y62.394
G1 X225.923 Y62.248
G1 X226.069 Y62.102
G1 X226.215 Y62.102
G1 X226.508 Y61.809
G1 X226.655 Y61.809
G1 X226.801 Y61.662
G1 X226.947 Y61.662
G1 X227.094 Y61.516
G1 X227.240 Y61.370
G1 X227.387 Y61.370
G1 X227.533 Y61.223
G1 X227.826 Y61.223
G1 X227.972 Y61.077
G1 X228.119 Y61.077
G1 X228.265 Y60.930
G1 X228.558 Y60.930
G1 X228.704 Y60.784
G1 X228.851 Y60.784
G1 X228.997 Y60.638
G1 X229.143 Y60.638
G1 X229.290 Y60.784
G1 X229.729 Y61.223
G1 X229.875 Y61.370
G1 X229.875 Y61.516
G1 X230.022 Y61.662
G1 X230.168 Y61.809
G1 X230.168 Y61.955
G1 X230.315 Y62.102
G1 X230.315 Y62.248
G1 X230.461 Y62.394
G1 X230.607 Y62.541
G1 X230.754 Y62.687
G1 X230.900 Y62.834
G1 X230.900 Y62.980
G1 X231.047 Y63.126
G1 X231.193 Y63.273
G1 X231.339 Y63.419
G1 X231.339 Y63.566
G1 X231.486 Y63.712
G1 X231.925 Y64.151
G1 X232.071 Y64.298
G1 X232.071 Y64.444
G1 X232.218 Y64.590
G1 X232.364 Y64.737
G1 X232.511 Y64.883
G1 X232.657 Y65.030
G1 X232.804 Y65.176
G1 X232.950 Y65.322
G1 X233.096 Y65.469
G1 X233.243 Y65.615
G1 X233.828 Y65.615
G1 X233.975 Y65.469
G1 X234.268 Y65.469
G1 X234.414 Y65.322
G1 X234.853 Y65.322
G1 X235.000 Y65.176
G1 X235.292 Y65.176
G1 X235.439 Y65.030
G1 X235.585 Y65.030
G1 X235.732 Y64.883
G1 X235.878 Y64.883
G1 X236.024 Y64.737
G1 X236.317 Y64.737
G1 X236.464 Y64.590
G1 X236.610 Y64.590
G1 X236.756 Y64.444
G1 X236.903 Y64.444
G1 X237.049 Y64.298
G1 X237.635 Y64.298
G1 X237.781 Y64.151
G1 X237.928 Y64.005
G1 X238.220 Y64.005
G1 X238.367 Y63.858
G1 X238.513 Y63.858
G1 X238.660 Y63.712
G1 X238.806 Y63.712
G1 X239.099 Y63.419
G1 X239.245 Y63.419
G1 X239.392 Y63.273
G1 X239.538 Y63.273
G1 X239.684 Y63.126
G1 X239.831 Y63.126
G1 X239.977 Y62.980
G1 X240.124 Y62.980
G1 X240.270 Y62.834
G1 X240.563 Y62.834
G1 X240.709 Y62.687
G1 X240.856 Y62.687
G1 X241.002 Y62.541
G1 X241.149 Y62.541
G1 X241.295 Y62.394
G1 X241.441 Y62.394
G1 X241.588 Y62.248
G1 X241.734 Y62.248
G1 X241.881 Y62.102
G1 X242.027 Y62.102
G1 X242.173 Y61.955
G1 X242.320 Y61.955
G1 X242.466 Y61.809
G1 X242.613 Y61.809
G1 X242.759 Y61.662
G1 X242.905 Y61.662
G1 X243.052 Y61.516
G1 X243.198 Y61.516
G1 X243.345 Y61.370
G1 X243.491 Y61.223
G1 X243.637 Y61.223
G1 X243.784 Y61.077
G1 X243.930 Y61.077
G1 X244.077 Y60.930
G1 X244.223 Y60.930
G1 X244.369 Y60.784
G1 X244.516 Y60.784
G1 X244.662 Y60.638
G1 X244.809 Y60.638
G1 X244.955 Y60.491
G1 X245.101 Y60.491
G1 X245.248 Y60.345
G1 X245.980 Y60.345
G1 X245.833 Y60.345
G1 X245.980 Y60.198
G1 X245.980 Y60.345
G1 X246.858 Y61.223
G1 X246.858 Y61.516
G1 X247.005 Y61.662
G1 X247.005 Y65.615
G1 X246.712 Y65.908
G1 X246.565 Y65.908
G1 X246.419 Y66.054
G1 X246.273 Y66.054
G1 X246.126 Y66.201
G1 X245.833 Y66.201
G1 X245.687 Y66.347
G1 X245.541 Y66.494
G1 X245.394 Y66.640
G1 X244.955 Y67.079
G1 X244.809 Y67.226
G1 X244.662 Y67.372
G1 X244.516 Y67.519
G1 X244.369 Y67.665
G1 X244.223 Y67.811
G1 X243.930 Y67.811
G1 X244.223 Y67.811
G1 X244.369 Y67.665
G1 X244.516 Y67.519
G1 X244.662 Y67.372
G1 X244.809 Y67.226
G1 X244.955 Y67.079
G1 X245.394 Y66.640
G1 X245.541 Y66.494
G1 X245.687 Y66.347
G1 X245.833 Y66.201
G1 X246.126 Y66.201
G1 X246.273 Y66.054
G1 X246.419 Y66.054
G1 X246.565 Y65.908
G1 X246.712 Y65.908
G1 X247.005 Y65.615
G1 X247.151 Y65.762
G1 X247.297 Y65.908
G1 X247.444 Y66.054
G1 X247.444 Y66.201
G1 X247.737 Y66.494
G1 X247.737 Y66.640
G1 X247.883 Y66.786
G1 X247.883 Y66.933
G1 X248.030 Y67.079
G1 X248.030 Y67.226
G1 X248.176 Y67.372
G1 X248.176 Y67.811
G1 X248.322 Y67.958
G1 X248.322 Y68.543
G1 X248.762 Y68.983
G1 X248.762 Y69.129
G1 X248.762 Y68.983
G1 X248.322 Y68.543
G1 X248.322 Y67.958
G1 X248.176 Y67.811
G1 X248.176 Y67.372
G1 X248.030 Y67.226
G1 X248.030 Y67.079
G1 X247.883 Y66.933
G1 X247.883 Y66.786
G1 X247.737 Y66.640
G1 X247.737 Y66.494
G1 X247.444 Y66.201
G1 X247.444 Y66.054
G1 X247.297 Y65.908
G1 X247.151 Y65.762
G1 X247.005 Y65.615
G1 X247.005 Y61.662
G1 X246.858 Y61.516
G1 X246.858 Y61.223
G1 X245.980 Y60.345
G1 X245.980 Y60.198
G1 X246.126 Y60.052
G1 X246.273 Y59.906
G1 X246.419 Y59.759
G1 X247.151 Y59.027
G1 X247.297 Y59.027
G1 X247.444 Y58.881
G1 X247.590 Y58.881
G1 X248.030 Y58.441
G1 X248.176 Y58.441
G1 X248.322 Y58.295
G1 X248.469 Y58.149
G1 X248.615 Y58.149
G1 X248.762 Y58.002
G1 X248.908 Y58.002
G1 X249.201 Y57.709
G1 X249.347 Y57.709
G1 X249.494 Y57.563
G1 X249.640 Y57.417
G1 X249.786 Y57.417
G1 X249.933 Y57.270
G1 X250.079 Y57.270
G1 X250.226 Y57.124
G1 X250.372 Y56.977
G1 X250.518 Y56.977
G1 X250.665 Y56.831
G1 X250.811 Y56.831
G1 X250.958 Y56.685
G1 X251.104 Y56.685
G1 X251.250 Y56.538
G1 X251.397 Y56.538
G1 X251.690 Y56.245
G1 X251.836 Y56.245
G1 X251.982 Y56.099
G1 X252.275 Y56.099
G1 X252.422 Y55.953
G1 X252.568 Y55.953
G1 X252.714 Y55.806
G1 X252.861 Y55.806
G1 X253.007 Y55.660
G1 X253.154 Y55.660
G1 X253.300 Y55.513
G1 X253.446 Y55.513
G1 X253.593 Y55.367
G1 X253.739 Y55.367
G1 X253.886 Y55.221
G1 X254.032 Y55.221
G1 X254.178 Y55.074
G1 X254.325 Y55.074
G1 X254.471 Y54.928
G1 X254.618 Y54.928
G1 X254.764 Y54.781
G1 X254.910 Y54.781
G1 X255.057 Y54.635
G1 X255.350 Y54.342
G1 X255.496 Y54.342
G1 X255.643 Y54.196
G1 X255.935 Y54.196
G1 X256.082 Y54.342
G1 X256.228 Y54.489
G1 X257.692 Y54.489
G1 X257.839 Y54.342
G1 X260.327 Y54.342
G1 X260.474 Y54.489
G1 X260.913 Y54.489
G1 X261.059 Y54.635
G1 X261.206 Y54.635
G1 X261.352 Y54.781
G1 X261.499 Y54.781
G1 X261.499 Y60.198
G1 X261.499 Y54.781
G1 X261.645 Y54.781
G1 X261.791 Y54.635
G1 X261.938 Y54.635
G1 X262.084 Y54.489
G1 X262.816 Y54.489
G1 X262.963 Y54.342
G1 X265.891 Y54.342
G1 X266.037 Y54.489
G1 X266.916 Y54.489
G1 X266.916 Y54.049
G1 X266.769 Y53.903
G1 X266.769 Y53.610
G1 X266.623 Y53.464
G1 X266.623 Y53.025
G1 X266.476 Y52.878
G1 X266.476 Y52.585
G1 X266.330 Y52.439
G1 X266.330 Y51.853
G1 X266.184 Y51.707
G1 X266.184 Y51.414
G1 X266.037 Y51.268
G1 X266.037 Y50.389
G1 X265.891 Y50.243
G1 X265.891 Y48.632
G1 X266.037 Y48.486
G1 X266.037 Y48.047
G1 X266.037 Y48.486
G1 X265.891 Y48.632
G1 X265.891 Y50.243
G1 X266.037 Y50.389
G1 X266.037 Y51.268
G1 X266.184 Y51.414
G1 X266.184 Y51.707
G1 X266.330 Y51.853
G1 X266.330 Y52.439
G1 X266.476 Y52.585
G1 X266.476 Y52.878
G1 X266.623 Y53.025
G1 X266.623 Y53.464
G1 X266.769 Y53.610
G1 X266.769 Y53.903
G1 X266.916 Y54.049
G1 X266.916 Y54.489
G1 X267.355 Y54.489
G1 X267.501 Y54.635
G1 X267.648 Y54.781
G1 X267.940 Y54.781
G1 X268.087 Y54.928
G1 X268.233 Y54.928
G1 X268.380 Y55.074
G1 X268.672 Y55.074
G1 X268.819 Y55.221
G1 X269.112 Y55.221
G1 X269.258 Y55.367
G1 X269.844 Y55.367
G1 X269.990 Y55.513
G1 X270.722 Y55.513
G1 X270.869 Y55.660
G1 X271.601 Y55.660
G1 X271.747 Y55.513
G1 X271.747 Y55.367
G1 X271.015 Y54.635
G1 X271.015 Y54.489
G1 X270.722 Y54.489
G1 X270.722 Y54.635
G1 X270.869 Y54.489
G1 X270.722 Y54.635
G1 X270.722 Y54.489
G1 X271.015 Y54.489
G1 X270.869 Y54.342
G1 X270.869 Y54.489
G1 X270.869 Y54.342
G1 X271.015 Y54.489
G1 X271.015 Y54.635
G1 X270.869 Y54.635
G1 X271.015 Y54.635
G1 X271.747 Y55.367
G1 X272.040 Y55.367
G1 X272.040 Y55.513
G1 X272.186 Y55.660
G1 X272.333 Y55.806
G1 X272.479 Y55.953
G1 X272.625 Y56.099
G1 X272.772 Y56.245
G1 X272.918 Y56.392
G1 X273.065 Y56.538
G1 X273.211 Y56.685
G1 X273.211 Y56.831
G1 X273.797 Y57.417
G1 X274.089 Y57.417
G1 X274.236 Y57.563
G1 X274.382 Y57.709
G1 X274.529 Y57.709
G1 X274.675 Y57.856
G1 X274.821 Y58.002
G1 X274.968 Y58.002
G1 X275.114 Y58.149
G1 X275.261 Y58.295
G1 X275.407 Y58.295
G1 X275.700 Y58.588
G1 X275.846 Y58.588
G1 X275.993 Y58.734
G1 X276.139 Y58.881
G1 X276.285 Y59.027
G1 X276.432 Y59.173
G1 X276.578 Y59.320
G1 X276.725 Y59.466
G1 X276.871 Y59.613
G1 X277.164 Y59.906
G1 X277.164 Y60.052
G1 X277.457 Y60.345
G1 X278.042 Y60.345
G1 X278.189 Y60.491
G1 X278.335 Y60.491
G1 X278.482 Y60.638
G1 X278.628 Y60.638
G1 X278.774 Y60.784
G1 X278.921 Y60.784
G1 X279.067 Y60.930
G1 X279.214 Y60.930
G1 X279.360 Y61.077
G1 X279.506 Y61.077
G1 X279.653 Y61.223
G1 X279.799 Y61.223
G1 X279.946 Y61.370
G1 X280.092 Y61.370
G1 X280.238 Y61.516
G1 X280.531 Y61.516
G1 X280.678 Y61.662
G1 X280.824 Y61.662
G1 X280.970 Y61.809
G1 X281.117 Y61.955
G1 X281.263 Y61.955
G1 X281.410 Y62.102
G1 X281.556 Y62.102
G1 X281.702 Y62.248
G1 X281.849 Y62.248
G1 X281.995 Y62.394
G1 X282.142 Y62.394
G1 X282.288 Y62.541
G1 X282.581 Y62.541
G1 X282.727 Y62.687
G1 X282.874 Y62.687
G1 X283.020 Y62.834
G1 X283.166 Y62.834
G1 X283.313 Y62.980
G1 X283.459 Y62.980
G1 X283.606 Y63.126
G1 X283.752 Y63.126
G1 X283.898 Y63.273
G1 X284.191 Y63.273
G1 X284.338 Y63.419
G1 X284.484 Y63.419
G1 X284.630 Y63.566
G1 X284.777 Y63.712
G1 X285.070 Y63.712
G1 X285.216 Y63.858
G1 X285.509 Y63.858
G1 X285.655 Y64.005
G1 X285.802 Y64.005
G1 X285.948 Y64.151
G1 X286.095 Y64.151
G1 X286.241 Y64.298
G1 X286.387 Y64.298
G1 X286.534 Y64.444
G1 X286.827 Y64.444
G1 X286.973 Y64.590
G1 X287.119 Y64.590
G1 X287.266 Y64.737
G1 X287.559 Y64.737
G1 X287.705 Y64.883
G1 X287.851 Y64.883
G1 X287.998 Y65.030
G1 X288.583 Y65.030
G1 X288.730 Y65.176
G1 X289.169 Y65.176
G1 X289.315 Y65.322
G1 X289.755 Y65.322
G1 X289.901 Y65.469
G1 X290.194 Y65.469
G1 X290.194 Y65.762
G1 X290.340 Y65.908
G1 X290.340 Y66.054
G1 X290.487 Y66.201
G1 X290.487 Y66.494
G1 X290.633 Y66.640
G1 X290.633 Y66.933
G1 X290.779 Y67.079
G1 X290.779 Y67.226
G1 X290.926 Y67.372
G1 X291.072 Y67.519
G1 X291.219 Y67.665
G1 X291.365 Y67.811
G1 X291.511 Y67.958
G1 X291.658 Y68.104
G1 X291.804 Y68.251
G1 X291.951 Y68.397
G1 X292.097 Y68.543
G1 X292.097 Y68.690
G1 X292.390 Y68.983
G1 X292.390 Y69.129
G1 X292.536 Y69.275
G1 X292.536 Y69.422
G1 X292.683 Y69.568
G1 X292.683 Y69.715
G1 X292.829 Y69.861
G1 X292.829 Y70.154
G1 X292.975 Y70.300
G1 X292.975 Y70.593
G1 X292.829 Y70.739
G1 X292.683 Y70.886
G1 X292.536 Y71.032
G1 X292.390 Y71.179
G1 X292.390 Y71.471
G1 X292.243 Y71.618
G1 X292.243 Y71.764
G1 X292.097 Y71.911
G1 X292.097 Y72.057
G1 X291.951 Y72.203
G1 X291.951 Y72.496
G1 X291.658 Y72.789
G1 X291.658 Y73.082
G1 X291.511 Y73.228
G1 X291.511 Y73.375
G1 X291.365 Y73.521
G1 X291.365 Y73.814
G1 X291.219 Y73.960
G1 X291.219 Y74.107
G1 X291.072 Y74.253
G1 X290.926 Y74.399
G1 X290.926 Y74.546
G1 X290.779 Y74.692
G1 X290.779 Y74.839
G1 X290.633 Y74.985
G1 X290.487 Y75.132
G1 X290.487 Y75.278
G1 X290.340 Y75.424
G1 X290.340 Y75.717
G1 X290.194 Y75.864
G1 X290.194 Y76.010
G1 X290.047 Y76.156
G1 X289.901 Y76.303
G1 X289.755 Y76.449
G1 X289.023 Y76.449
G1 X288.876 Y76.303
G1 X288.583 Y76.303
G1 X288.437 Y76.156
G1 X288.291 Y76.156
G1 X288.144 Y76.010
G1 X287.705 Y75.571
G1 X287.559 Y75.571
G1 X287.266 Y75.278
G1 X287.119 Y75.132
G1 X286.973 Y74.985
G1 X286.827 Y74.985
G1 X286.680 Y74.839
G1 X286.534 Y74.692
G1 X286.387 Y74.692
G1 X286.241 Y74.546
G1 X286.095 Y74.399
G1 X285.948 Y74.399
G1 X285.802 Y74.253
G1 X285.655 Y74.107
G1 X285.509 Y74.107
G1 X285.362 Y73.960
G1 X285.216 Y73.960
G1 X284.777 Y73.521
G1 X284.630 Y73.521
G1 X284.484 Y73.375
G1 X284.338 Y73.375
G1 X284.191 Y73.228
G1 X284.045 Y73.228
G1 X283.898 Y73.082
G1 X283.752 Y73.082
G1 X283.606 Y72.935
G1 X283.459 Y72.935
G1 X283.313 Y72.789
G1 X283.166 Y72.789
G1 X283.020 Y72.643
G1 X282.874 Y72.643
G1 X282.727 Y72.496
G1 X282.581 Y72.496
G1 X282.434 Y72.350
G1 X282.142 Y72.350
G1 X281.995 Y72.203
G1 X281.849 Y72.203
G1 X281.702 Y72.057
G1 X281.556 Y72.057
G1 X281.410 Y71.911
G1 X281.117 Y71.911
G1 X280.970 Y71.764
G1 X280.678 Y71.764
G1 X280.531 Y71.618
G1 X280.385 Y71.618
G1 X280.238 Y71.471
G1 X279.946 Y71.471
G1 X279.799 Y71.325
G1 X279.653 Y71.179
G1 X279.360 Y71.179
G1 X279.214 Y71.032
G1 X279.067 Y71.032
G1 X278.921 Y70.886
G1 X278.774 Y70.886
G1 X278.628 Y70.739
G1 X278.189 Y70.739
G1 X278.042 Y70.593
G1 X277.749 Y70.593
G1 X277.603 Y70.447
G1 X277.164 Y70.447
G1 X277.017 Y70.300
G1 X276.578 Y70.300
G1 X276.578 Y70.447
G1 X276.432 Y70.593
G1 X276.285 Y70.739
G1 X276.285 Y71.032
G1 X276.139 Y71.179
G1 X276.139 Y72.350
G1 X275.846 Y72.643
G1 X275.846 Y72.789
G1 X275.993 Y72.789
G1 X276.139 Y72.935
G1 X276.432 Y72.935
G1 X276.578 Y73.082
G1 X276.725 Y73.082
G1 X276.871 Y73.228
G1 X277.164 Y73.228
G1 X277.310 Y73.375
G1 X277.457 Y73.375
G1 X277.603 Y73.521
G1 X277.896 Y73.521
G1 X278.189 Y73.814
G1 X278.482 Y73.814
G1 X278.628 Y73.960
G1 X278.774 Y73.960
G1 X278.921 Y74.107
G1 X279.214 Y74.107
G1 X279.360 Y74.253
G1 X279.653 Y74.253
G1 X279.799 Y74.399
G1 X279.946 Y74.399
G1 X280.092 Y74.546
G1 X280.238 Y74.546
G1 X280.385 Y74.692
G1 X280.531 Y74.692
G1 X280.678 Y74.839
G1 X280.824 Y74.839
G1 X280.970 Y74.985
G1 X281.117 Y74.985
G1 X281.263 Y75.132
G1 X281.410 Y75.132
G1 X281.556 Y75.278
G1 X281.702 Y75.278
G1 X281.849 Y75.424
G1 X281.995 Y75.571
G1 X282.142 Y75.571
G1 X282.288 Y75.717
G1 X282.434 Y75.717
G1 X282.727 Y76.010
G1 X282.874 Y76.010
G1 X283.020 Y76.156
G1 X283.166 Y76.303
G1 X283.313 Y76.303
G1 X283.606 Y76.596
G1 X283.752 Y76.596
G1 X283.898 Y76.742
G1 X284.045 Y76.888
G1 X284.191 Y77.035
G1 X284.338 Y77.035
G1 X284.484 Y77.181
G1 X284.630 Y77.328
G1 X284.777 Y77.474
G1 X284.923 Y77.620
G1 X285.070 Y77.620
G1 X285.216 Y77.767
G1 X285.509 Y78.060
G1 X285.655 Y78.060
G1 X285.802 Y78.206
G1 X285.948 Y78.206
G1 X286.095 Y78.352
G1 X286.241 Y78.499
G1 X286.680 Y78.938
G1 X286.827 Y78.938
G1 X286.973 Y79.084
G1 X287.119 Y79.231
G1 X287.266 Y79.377
G1 X287.412 Y79.377
G1 X287.998 Y79.963
G1 X288.144 Y79.963
G1 X288.291 Y80.109
G1 X288.437 Y80.256
G1 X288.583 Y80.402
G1 X288.730 Y80.548
G1 X288.876 Y80.548
G1 X289.169 Y80.841
G1 X289.315 Y80.988
G1 X289.462 Y80.988
G1 X289.608 Y81.134
G1 X289.755 Y81.280
G1 X289.901 Y81.427
G1 X290.047 Y81.427
G1 X290.194 Y81.573
G1 X290.340 Y81.720
G1 X290.487 Y81.866
G1 X290.633 Y81.866
G1 X291.072 Y82.305
G1 X291.219 Y82.305
G1 X291.365 Y82.452
G1 X291.511 Y82.452
G1 X291.658 Y82.598
G1 X291.804 Y82.745
G1 X291.951 Y82.745
G1 X292.243 Y83.037
G1 X292.390 Y83.037
G1 X292.536 Y83.184
G1 X292.683 Y83.184
G1 X292.829 Y83.330
G1 X292.975 Y83.330
G1 X293.268 Y83.623
G1 X293.415 Y83.623
G1 X293.708 Y83.916
G1 X293.854 Y83.916
G1 X294.000 Y84.062
G1 X294.147 Y84.062
G1 X294.293 Y84.209
G1 X294.440 Y84.355
G1 X294.586 Y84.355
G1 X294.732 Y84.501
G1 X294.879 Y84.501
G1 X295.025 Y84.648
G1 X295.172 Y84.794
G1 X295.318 Y84.941
G1 X295.464 Y84.941
G1 X295.611 Y85.087
G1 X295.757 Y85.087
G1 X295.904 Y85.233
G1 X296.050 Y85.380
G1 X296.196 Y85.380
G1 X296.343 Y85.526
G1 X296.489 Y85.673
G1 X296.636 Y85.673
G1 X296.928 Y85.965
G1 X297.075 Y85.965
G1 X297.221 Y86.112
G1 X297.368 Y86.258
G1 X297.514 Y86.258
G1 X297.660 Y86.405
G1 X297.807 Y86.551
G1 X297.953 Y86.551
G1 X298.100 Y86.697
G1 X298.246 Y86.697
G1 X298.392 Y86.844
G1 X298.539 Y86.990
G1 X298.685 Y87.137
G1 X298.832 Y87.137
G1 X299.271 Y87.576
G1 X299.417 Y87.576
G1 X299.564 Y87.722
G1 X299.710 Y87.869
G1 X299.856 Y88.015
G1 X300.149 Y88.015
G1 X300.296 Y88.161
G1 X300.442 Y88.308
G1 X300.735 Y88.601
G1 X300.881 Y88.601
G1 X301.028 Y88.747
G1 X301.321 Y89.040
G1 X301.467 Y89.040
G1 X301.906 Y89.479
G1 X302.053 Y89.625
G1 X302.199 Y89.772
G1 X302.785 Y90.358
G1 X302.785 Y90.504
G1 X302.931 Y90.650
G1 X302.931 Y91.090
G1 X303.077 Y91.236
G1 X303.077 Y92.114
G1 X302.931 Y92.261
G1 X302.931 Y92.993
G1 X302.638 Y93.286
G1 X302.638 Y93.432
G1 X302.199 Y93.871
G1 X302.053 Y94.018
G1 X302.053 Y94.164
G1 X301.906 Y94.310
G1 X301.760 Y94.457
G1 X301.760 Y94.750
G1 X301.613 Y94.896
G1 X301.613 Y95.042
G1 X301.467 Y95.189
G1 X301.467 Y95.482
G1 X301.321 Y95.628
G1 X301.321 Y95.921
G1 X301.174 Y96.067
G1 X301.174 Y96.360
G1 X301.028 Y96.506
G1 X301.028 Y96.653
G1 X301.028 Y96.506
G1 X301.174 Y96.360
G1 X301.174 Y96.067
G1 X301.321 Y95.921
G1 X301.321 Y95.628
G1 X301.467 Y95.482
G1 X301.467 Y95.189
G1 X301.613 Y95.042
G1 X301.613 Y94.896
G1 X301.760 Y94.750
G1 X301.760 Y94.457
G1 X301.906 Y94.310
G1 X302.053 Y94.164
G1 X302.053 Y94.018
G1 X302.199 Y93.871
G1 X302.638 Y93.432
G1 X302.638 Y93.286
G1 X302.931 Y92.993
G1 X302.931 Y92.261
G1 X303.077 Y92.114
G1 X303.077 Y91.236
G1 X302.931 Y91.090
G1 X302.931 Y90.650
G1 X302.785 Y90.504
G1 X302.785 Y90.358
G1 X302.199 Y89.772
G1 X302.053 Y89.625
G1 X301.906 Y89.479
G1 X301.467 Y89.040
G1 X301.321 Y89.040
G1 X301.028 Y88.747
G1 X300.881 Y88.601
G1 X300.735 Y88.601
G1 X300.442 Y88.308
G1 X300.296 Y88.161
G1 X300.149 Y88.015
G1 X299.856 Y88.015
G1 X299.710 Y87.869
G1 X299.564 Y87.722
G1 X299.417 Y87.576
G1 X299.271 Y87.576
G1 X298.832 Y87.137
G1 X298.685 Y87.137
G1 X298.539 Y86.990
G1 X298.392 Y86.844
G1 X298.246 Y86.697
G1 X298.100 Y86.697
G1 X297.953 Y86.551
G1 X297.807 Y86.551
G1 X297.660 Y86.405
G1 X297.514 Y86.258
G1 X297.368 Y86.258
G1 X297.221 Y86.112
G1 X297.075 Y85.965
G1 X296.928 Y85.965
G1 X296.636 Y85.673
G1 X296.489 Y85.673
G1 X296.343 Y85.526
G1 X296.196 Y85.380
G1 X296.050 Y85.380
G1 X295.904 Y85.233
G1 X295.757 Y85.087
G1 X295.611 Y85.087
G1 X295.464 Y84.941
G1 X295.318 Y84.941
G1 X295.172 Y84.794
G1 X295.025 Y84.648
G1 X294.879 Y84.501
G1 X294.732 Y84.501
G1 X294.586 Y84.355
G1 X294.440 Y84.355
G1 X294.293 Y84.209
G1 X294.147 Y84.062
G1 X294.000 Y84.062
G1 X293.854 Y83.916
G1 X293.708 Y83.916
G1 X293.415 Y83.623
G1 X293.268 Y83.623
G1 X292.975 Y83.330
G1 X292.829 Y83.330
G1 X292.683 Y83.184
G1 X292.536 Y83.184
G1 X292.390 Y83.037
G1 X292.243 Y83.037
G1 X291.951 Y82.745
G1 X291.804 Y82.745
G1 X291.658 Y82.598
G1 X291.511 Y82.452
G1 X291.365 Y82.452
G1 X291.219 Y82.305
G1 X291.072 Y82.305
G1 X290.633 Y81.866
G1 X290.487 Y81.866
G1 X290.340 Y81.720
G1 X290.194 Y81.573
G1 X290.047 Y81.427
G1 X289.901 Y81.427
G1 X289.755 Y81.280
G1 X289.608 Y81.134
G1 X289.462 Y80.988
G1 X289.315 Y80.988
G1 X289.169 Y80.841
G1 X288.876 Y80.548
G1 X288.730 Y80.548
G1 X288.583 Y80.402
G1 X288.437 Y80.256
G1 X288.291 Y80.109
G1 X288.144 Y79.963
G1 X287.998 Y79.963
G1 X287.412 Y79.377
G1 X287.266 Y79.377
G1 X287.119 Y79.231
G1 X286.973 Y79.084
G1 X286.827 Y78.938
G1 X286.680 Y78.938
G1 X286.241 Y78.499
G1 X286.095 Y78.352
G1 X285.948 Y78.206
G1 X285.802 Y78.206
G1 X285.655 Y78.060
G1 X285.509 Y78.060
G1 X285.216 Y77.767
G1 X285.070 Y77.620
G1 X284.923 Y77.620
G1 X284.777 Y77.474
G1 X284.630 Y77.328
G1 X284.484 Y77.181
G1 X284.338 Y77.035
G1 X284.191 Y77.035
G1 X284.045 Y76.888
G1 X283.898 Y76.742
G1 X283.752 Y76.596
G1 X283.606 Y76.596
G1 X283.313 Y76.303
G1 X283.166 Y76.303
G1 X283.020 Y76.156
G1 X282.874 Y76.010
G1 X282.727 Y76.010
G1 X282.434 Y75.717
G1 X282.288 Y75.717
G1 X282.142 Y75.571
G1 X281.995 Y75.571
G1 X281.849 Y75.424
G1 X281.702 Y75.278
G1 X281.556 Y75.278
G1 X281.410 Y75.132
G1 X281.263 Y75.132
G1 X281.117 Y74.985
G1 X280.970 Y74.985
G1 X280.824 Y74.839
G1 X280.678 Y74.839
G1 X280.531 Y74.692
G1 X280.385 Y74.692
G1 X280.238 Y74.546
G1 X280.092 Y74.546
G1 X279.946 Y74.399
G1 X279.799 Y74.399
G1 X279.653 Y74.253
G1 X279.360 Y74.253
G1 X279.214 Y74.107
G1 X278.921 Y74.107
G1 X278.774 Y73.960
G1 X278.628 Y73.960
G1 X278.482 Y73.814
G1 X278.189 Y73.814
G1 X277.896 Y73.521
G1 X277.603 Y73.521
G1 X277.457 Y73.375
G1 X277.310 Y73.375
G1 X277.164 Y73.228
G1 X276.871 Y73.228
G1 X276.725 Y73.082
G1 X276.578 Y73.082
G1 X276.432 Y72.935
G1 X276.139 Y72.935
G1 X275.993 Y72.789
G1 X275.700 Y72.789
G1 X275.700 Y72.643
G1 X275.700 Y72.789
G1 X275.846 Y72.789
G1 X275.846 Y72.643
G1 X275.407 Y72.643
G1 X275.261 Y72.496
G1 X274.236 Y72.496
G1 X274.089 Y72.350
G1 X273.943 Y72.350
G1 X273.797 Y72.203
G1 X273.357 Y72.203
G1 X273.211 Y72.057
G1 X272.625 Y72.057
G1 X272.479 Y71.911
G1 X272.040 Y71.911
G1 X271.893 Y71.764
G1 X271.161 Y71.764
G1 X271.015 Y71.618
G1 X270.136 Y71.618
G1 X269.990 Y71.471
G1 X268.526 Y71.471
G1 X268.380 Y71.325
G1 X265.452 Y71.325
G1 X265.305 Y71.471
G1 X264.720 Y71.471
G1 X264.280 Y71.911
G1 X264.134 Y71.911
G1 X263.988 Y72.057
G1 X263.841 Y72.203
G1 X263.841 Y72.350
G1 X263.695 Y72.496
G1 X263.695 Y72.789
G1 X263.548 Y72.935
G1 X263.548 Y73.228
G1 X263.402 Y73.375
G1 X263.402 Y75.717
G1 X263.256 Y75.864
G1 X263.256 Y82.305
G1 X263.109 Y82.452
G1 X263.109 Y93.578
G1 X263.256 Y93.725
G1 X263.256 Y94.457
G1 X263.402 Y94.603
G1 X263.402 Y95.042
G1 X263.548 Y95.189
G1 X263.548 Y95.335
G1 X263.695 Y95.482
G1 X263.695 Y95.628
G1 X264.134 Y96.067
G1 X264.280 Y96.214
G1 X264.280 Y96.360
G1 X264.427 Y96.506
G1 X264.573 Y96.653
G1 X264.720 Y96.799
G1 X264.866 Y96.946
G1 X265.012 Y97.092
G1 X265.159 Y97.238
G1 X265.305 Y97.238
G1 X265.452 Y97.385
G1 X265.598 Y97.385
G1 X265.744 Y97.531
G1 X265.891 Y97.531
G1 X266.037 Y97.678
G1 X266.330 Y97.678
G1 X266.476 Y97.824
G1 X266.916 Y97.824
G1 X267.062 Y97.971
G1 X267.501 Y97.971
G1 X267.648 Y98.117
G1 X268.087 Y98.117
G1 X268.233 Y98.263
G1 X268.672 Y98.263
G1 X268.819 Y98.410
G1 X269.404 Y98.410
G1 X269.551 Y98.556
G1 X269.990 Y98.556
G1 X270.136 Y98.703
G1 X270.283 Y98.703
G1 X270.429 Y98.849
G1 X271.015 Y98.849
G1 X271.161 Y98.995
G1 X271.454 Y98.995
G1 X271.601 Y99.142
G1 X272.040 Y99.142
G1 X272.186 Y99.288
G1 X272.625 Y99.288
G1 X272.772 Y99.435
G1 X273.211 Y99.435
G1 X273.357 Y99.581
G1 X273.943 Y99.581
G1 X274.089 Y99.727
G1 X274.382 Y99.727
G1 X274.529 Y99.874
G1 X274.821 Y99.874
G1 X274.968 Y100.020
G1 X275.407 Y100.020
G1 X275.553 Y100.167
G1 X275.846 Y100.167
G1 X275.993 Y100.313
G1 X276.139 Y100.313
G1 X276.285 Y100.459
G1 X276.578 Y100.459
G1 X276.725 Y100.606
G1 X277.017 Y100.606
G1 X277.164 Y100.752
G1 X277.310 Y100.752
G1 X277.457 Y100.899
G1 X277.749 Y100.899
G1 X277.896 Y101.045
G1 X278.042 Y101.045
G1 X278.189 Y101.191
G1 X278.335 Y101.191
G1 X278.482 Y101.338
G1 X278.774 Y101.338
G1 X278.921 Y101.484
G1 X279.360 Y101.484
G1 X279.506 Y101.631
G1 X279.653 Y101.777
G1 X280.092 Y101.777
G1 X280.238 Y101.923
G1 X280.531 Y101.923
G1 X280.678 Y102.070
G1 X281.410 Y102.070
G1 X281.556 Y102.216
G1 X282.142 Y102.216
G1 X282.288 Y102.363
G1 X283.020 Y102.363
G1 X283.166 Y102.509
G1 X287.998 Y102.509
G1 X288.144 Y102.363
G1 X290.194 Y102.363
G1 X290.340 Y102.509
G1 X290.487 Y102.509
G1 X290.340 Y102.509
G1 X290.194 Y102.363
G1 X288.144 Y102.363
G1 X287.998 Y102.509
G1 X283.166 Y102.509
G1 X283.020 Y102.363
G1 X282.288 Y102.363
G1 X282.142 Y102.216
G1 X281.556 Y102.216
G1 X281.410 Y102.070
G1 X280.678 Y102.070
G1 X280.531 Y101.923
G1 X280.238 Y101.923
G1 X280.092 Y101.777
G1 X279.653 Y101.777
G1 X279.506 Y101.631
G1 X279.360 Y101.484
G1 X278.921 Y101.484
G1 X278.774 Y101.338
G1 X278.482 Y101.338
G1 X278.335 Y101.191
G1 X278.189 Y101.191
G1 X278.042 Y101.045
G1 X277.896 Y101.045
G1 X277.749 Y100.899
G1 X277.457 Y100.899
G1 X277.310 Y100.752
G1 X277.164 Y100.752
G1 X277.017 Y100.606
G1 X276.725 Y100.606
G1 X276.578 Y100.459
G1 X276.285 Y100.459
G1 X276.139 Y100.313
G1 X275.993 Y100.313
G1 X275.846 Y100.167
G1 X275.553 Y100.167
G1 X275.407 Y100.020
G1 X274.968 Y100.020
G1 X274.821 Y99.874
G1 X274.529 Y99.874
G1 X274.382 Y99.727
G1 X274.089 Y99.727
G1 X273.943 Y99.581
G1 X273.357 Y99.581
G1 X273.211 Y99.435
G1 X272.772 Y99.435
G1 X272.625 Y99.288
G1 X272.186 Y99.288
G1 X272.040 Y99.142
G1 X271.601 Y99.142
G1 X271.454 Y98.995
G1 X271.161 Y98.995
G1 X271.015 Y98.849
G1 X270.429 Y98.849
G1 X270.283 Y98.703
G1 X270.136 Y98.703
G1 X269.990 Y98.556
G1 X269.551 Y98.556
G1 X269.404 Y98.410
G1 X268.819 Y98.410
G1 X268.672 Y98.263
G1 X268.233 Y98.263
G1 X268.087 Y98.117
G1 X267.648 Y98.117
G1 X267.501 Y97.971
G1 X267.062 Y97.971
G1 X266.916 Y97.824
G1 X266.476 Y97.824
G1 X266.330 Y97.678
G1 X266.037 Y97.678
G1 X265.891 Y97.531
G1 X265.744 Y97.531
G1 X265.598 Y97.385
G1 X265.452 Y97.385
G1 X265.305 Y97.238
G1 X265.159 Y97.238
G1 X265.012 Y97.092
G1 X264.866 Y96.946
G1 X264.720 Y96.799
G1 X264.573 Y96.653
G1 X264.427 Y96.506
G1 X264.280 Y96.360
G1 X264.280 Y96.214
G1 X264.134 Y96.067
G1 X263.695 Y95.628
G1 X263.695 Y95.482
G1 X263.548 Y95.335
G1 X263.548 Y95.189
G1 X263.402 Y95.042
G1 X263.402 Y94.603
G1 X263.256 Y94.457
G1 X263.256 Y93.725
G1 X263.109 Y93.578
G1 X263.109 Y82.452
G1 X263.256 Y82.305
G1 X263.256 Y75.864
G1 X263.402 Y75.717
G1 X263.402 Y73.375
G1 X263.548 Y73.228
G1 X263.548 Y72.935
G1 X263.695 Y72.789
G1 X263.695 Y72.496
G1 X263.841 Y72.350
G1 X263.841 Y72.203
G1 X263.988 Y72.057
G1 X264.134 Y71.911
G1 X264.280 Y71.911
G1 X264.720 Y71.471
G1 X265.305 Y71.471
G1 X265.452 Y71.325
G1 X268.380 Y71.325
G1 X268.526 Y71.471
G1 X269.990 Y71.471
G1 X270.136 Y71.618
G1 X271.015 Y71.618
G1 X271.161 Y71.764
G1 X271.893 Y71.764
G1 X272.040 Y71.911
G1 X272.479 Y71.911
G1 X272.625 Y72.057
G1 X273.211 Y72.057
G1 X273.357 Y72.203
G1 X273.797 Y72.203
G1 X273.943 Y72.350
G1 X274.089 Y72.350
G1 X274.236 Y72.496
G1 X275.261 Y72.496
G1 X275.407 Y72.643
G1 X275.846 Y72.643
G1 X276.139 Y72.350
G1 X276.139 Y71.179
G1 X276.285 Y71.032
G1 X276.285 Y70.739
G1 X276.432 Y70.593
G1 X276.578 Y70.447
G1 X276.578 Y70.300
G1 X276.285 Y70.007
G1 X275.993 Y70.007
G1 X275.846 Y69.861
G1 X275.407 Y69.861
G1 X275.261 Y69.715
G1 X274.968 Y69.715
G1 X274.675 Y69.422
G1 X274.529 Y69.275
G1 X274.236 Y69.275
G1 X274.089 Y69.129
G1 X272.625 Y69.129
G1 X272.479 Y68.983
G1 X272.040 Y68.983
G1 X271.893 Y68.836
G1 X271.308 Y68.836
G1 X271.161 Y68.690
G1 X270.576 Y68.690
G1 X270.429 Y68.543
G1 X269.844 Y68.543
G1 X269.697 Y68.397
G1 X269.112 Y68.397
G1 X268.965 Y68.251
G1 X268.819 Y68.251
G1 X268.672 Y68.104
G1 X267.794 Y68.104
G1 X267.648 Y67.958
G1 X266.916 Y67.958
G1 X266.769 Y67.811
G1 X266.037 Y67.811
G1 X265.891 Y67.665
G1 X265.159 Y67.665
G1 X265.012 Y67.519
G1 X264.866 Y67.519
G1 X264.720 Y67.372
G1 X264.573 Y67.372
G1 X264.134 Y66.933
G1 X263.988 Y66.786
G1 X263.841 Y66.640
G1 X263.548 Y66.347
G1 X263.548 Y66.054
G1 X263.402 Y65.908
G1 X263.402 Y65.469
G1 X263.256 Y65.322
G1 X263.256 Y64.883
G1 X263.109 Y64.737
G1 X263.109 Y64.005
G1 X262.963 Y63.858
G1 X262.963 Y63.126
G1 X262.816 Y62.980
G1 X262.816 Y62.248
G1 X262.670 Y62.102
G1 X262.670 Y61.370
G1 X262.523 Y61.223
G1 X262.523 Y60.930
G1 X262.231 Y60.638
G1 X261.938 Y60.638
G1 X261.645 Y60.345
G1 X261.499 Y60.345
G1 X261.499 Y60.198
G1 X261.645 Y60.198
G1 X261.499 Y60.198
G1 X261.499 Y60.345
G1 X261.352 Y60.491
G1 X261.206 Y60.491
G1 X260.913 Y60.784
G1 X260.767 Y60.784
G1 X260.620 Y60.930
G1 X260.474 Y61.077
G1 X260.474 Y61.516
G1 X260.327 Y61.662
G1 X260.327 Y62.248
G1 X260.181 Y62.394
G1 X260.181 Y62.834
G1 X260.035 Y62.980
G1 X260.035 Y63.419
G1 X259.888 Y63.566
G1 X259.888 Y64.005
G1 X259.742 Y64.151
G1 X259.742 Y64.737
G1 X259.595 Y64.883
G1 X259.595 Y65.322
G1 X259.449 Y65.469
G1 X259.449 Y65.762
G1 X259.303 Y65.908
G1 X259.156 Y66.054
G1 X259.156 Y66.201
G1 X258.863 Y66.494
G1 X258.863 Y66.640
G1 X258.717 Y66.786
G1 X258.571 Y66.933
G1 X258.424 Y67.079
G1 X258.278 Y67.226
G1 X258.131 Y67.372
G1 X257.985 Y67.519
G1 X257.839 Y67.519
G1 X257.692 Y67.665
G1 X257.253 Y67.665
G1 X257.107 Y67.811
G1 X256.521 Y67.811
G1 X256.375 Y67.958
G1 X255.789 Y67.958
G1 X255.643 Y68.104
G1 X255.057 Y68.104
G1 X254.910 Y68.251
G1 X254.325 Y68.251
G1 X254.178 Y68.397
G1 X253.446 Y68.397
G1 X253.300 Y68.543
G1 X252.714 Y68.543
G1 X252.568 Y68.690
G1 X251.982 Y68.690
G1 X251.836 Y68.836
G1 X251.104 Y68.836
G1 X250.958 Y68.983
G1 X250.372 Y68.983
G1 X250.226 Y69.129
G1 X248.908 Y69.129
G1 X248.908 Y69.275
G1 X248.762 Y69.422
G1 X248.615 Y69.568
G1 X248.469 Y69.715
G1 X248.176 Y69.715
G1 X248.030 Y69.861
G1 X247.737 Y69.861
G1 X247.590 Y70.007
G1 X247.151 Y70.007
G1 X247.005 Y70.154
G1 X246.712 Y70.154
G1 X246.565 Y70.300
G1 X246.273 Y70.300
G1 X246.126 Y70.447
G1 X245.980 Y70.447
G1 X245.833 Y70.593
G1 X245.687 Y70.593
G1 X245.541 Y70.739
G1 X245.248 Y70.739
G1 X245.101 Y70.886
G1 X244.809 Y70.886
G1 X244.662 Y71.032
G1 X244.369 Y71.032
G1 X244.223 Y71.179
G1 X244.077 Y71.179
G1 X243.930 Y71.325
G1 X243.784 Y71.325
G1 X243.637 Y71.471
G1 X243.491 Y71.471
G1 X243.345 Y71.618
G1 X243.198 Y71.618
G1 X243.052 Y71.764
G1 X242.613 Y71.764
G1 X242.466 Y71.911
G1 X242.320 Y71.911
G1 X242.173 Y72.057
G1 X242.027 Y72.057
G1 X241.881 Y72.203
G1 X241.588 Y72.203
G1 X241.441 Y72.350
G1 X241.295 Y72.350
G1 X241.149 Y72.496
G1 X241.002 Y72.496
G1 X240.856 Y72.643
G1 X240.709 Y72.643
G1 X240.563 Y72.789
G1 X240.417 Y72.789
G1 X240.270 Y72.935
G1 X240.124 Y72.935
G1 X239.977 Y73.082
G1 X239.831 Y73.082
G1 X239.684 Y73.228
G1 X239.538 Y73.228
G1 X239.392 Y73.375
G1 X239.245 Y73.375
G1 X239.099 Y73.521
G1 X238.952 Y73.667
G1 X238.806 Y73.814
G1 X238.660 Y73.814
G1 X238.513 Y73.960
G1 X238.367 Y73.960
G1 X238.220 Y74.107
G1 X238.074 Y74.107
G1 X237.928 Y74.253
G1 X237.781 Y74.399
G1 X237.635 Y74.399
G1 X237.488 Y74.546
G1 X237.342 Y74.546
G1 X237.049 Y74.839
G1 X236.903 Y74.839
G1 X236.756 Y74.985
G1 X236.610 Y75.132
G1 X236.464 Y75.132
G1 X236.317 Y75.278
G1 X236.024 Y75.571
G1 X235.878 Y75.571
G1 X235.439 Y76.010
G1 X235.292 Y76.010
G1 X235.146 Y76.156
G1 X235.000 Y76.303
G1 X234.853 Y76.303
G1 X234.707 Y76.449
G1 X233.828 Y76.449
G1 X234.707 Y76.449
G1 X234.853 Y76.303
G1 X235.000 Y76.303
G1 X235.146 Y76.156
G1 X235.292 Y76.010
G1 X235.439 Y76.010
G1 X235.878 Y75.571
G1 X236.024 Y75.571
G1 X236.317 Y75.278
G1 X236.464 Y75.132
G1 X236.610 Y75.132
G1 X236.756 Y74.985
G1 X236.903 Y74.839
G1 X237.049 Y74.839
G1 X237.342 Y74.546
G1 X237.488 Y74.546
G1 X237.635 Y74.399
G1 X237.781 Y74.399
G1 X237.928 Y74.253
G1 X238.074 Y74.107
G1 X238.220 Y74.107
G1 X238.367 Y73.960
G1 X238.513 Y73.960
G1 X238.660 Y73.814
G1 X238.806 Y73.814
G1 X238.952 Y73.667
G1 X239.099 Y73.521
G1 X239.245 Y73.375
G1 X239.392 Y73.375
G1 X239.538 Y73.228
G1 X239.684 Y73.228
G1 X239.831 Y73.082
G1 X239.977 Y73.082
G1 X240.124 Y72.935
G1 X240.270 Y72.935
G1 X240.417 Y72.789
G1 X240.563 Y72.789
G1 X240.709 Y72.643
G1 X240.856 Y72.643
G1 X241.002 Y72.496
G1 X241.149 Y72.496
G1 X241.295 Y72.350
G1 X241.441 Y72.350
G1 X241.588 Y72.203
G1 X241.881 Y72.203
G1 X242.027 Y72.057
G1 X242.173 Y72.057
G1 X242.320 Y71.911
G1 X242.466 Y71.911
G1 X242.613 Y71.764
G1 X243.052 Y71.764
G1 X243.198 Y71.618
G1 X243.345 Y71.618
G1 X243.491 Y71.471
G1 X243.637 Y71.471
G1 X243.784 Y71.325
G1 X243.930 Y71.325
G1 X244.077 Y71.179
G1 X244.223 Y71.179
G1 X244.369 Y71.032
G1 X244.662 Y71.032
G1 X244.809 Y70.886
G1 X245.101 Y70.886
G1 X245.248 Y70.739
G1 X245.541 Y70.739
G1 X245.687 Y70.593
G1 X245.833 Y70.593
G1 X245.980 Y70.447
G1 X246.126 Y70.447
G1 X246.273 Y70.300
G1 X246.565 Y70.300
G1 X246.712 Y70.154
G1 X247.005 Y70.154
G1 X247.151 Y70.007
G1 X247.590 Y70.007
G1 X247.737 Y69.861
G1 X248.030 Y69.861
G1 X248.176 Y69.715
G1 X248.469 Y69.715
G1 X248.615 Y69.568
G1 X248.762 Y69.422
G1 X248.908 Y69.275
G1 X248.908 Y69.129
G1 X248.762 Y69.129
G1 X250.226 Y69.129
G1 X250.372 Y68.983
G1 X250.958 Y68.983
G1 X251.104 Y68.836
G1 X251.836 Y68.836
G1 X251.982 Y68.690
G1 X252.568 Y68.690
G1 X252.714 Y68.543
G1 X253.300 Y68.543
G1 X253.446 Y68.397
G1 X254.178 Y68.397
G1 X254.325 Y68.251
G1 X254.910 Y68.251
G1 X255.057 Y68.104
G1 X255.643 Y68.104
G1 X255.789 Y67.958
G1 X256.375 Y67.958
G1 X256.521 Y67.811
G1 X257.107 Y67.811
G1 X257.253 Y67.665
G1 X257.692 Y67.665
G1 X257.839 Y67.519
G1 X257.985 Y67.519
G1 X258.131 Y67.372
G1 X258.278 Y67.226
G1 X258.424 Y67.079
G1 X258.571 Y66.933
G1 X258.717 Y66.786
G1 X258.863 Y66.640
G1 X258.863 Y66.494
G1 X259.156 Y66.201
G1 X259.156 Y66.054
G1 X259.303 Y65.908
G1 X259.449 Y65.762
G1 X259.449 Y65.469
G1 X259.595 Y65.322
G1 X259.595 Y64.883
G1 X259.742 Y64.737
G1 X259.742 Y64.151
G1 X259.888 Y64.005
G1 X259.888 Y63.566
G1 X260.035 Y63.419
G1 X260.035 Y62.980
G1 X260.181 Y62.834
G1 X260.181 Y62.394
G1 X260.327 Y62.248
G1 X260.327 Y61.662
G1 X260.474 Y61.516
G1 X260.474 Y61.077
G1 X260.620 Y60.930
G1 X260.767 Y60.784
G1 X260.913 Y60.784
G1 X261.206 Y60.491
G1 X261.352 Y60.491
G1 X261.499 Y60.345
G1 X261.645 Y60.345
G1 X261.645 Y60.198
G1 X261.645 Y60.345
G1 X261.938 Y60.638
G1 X262.231 Y60.638
G1 X262.523 Y60.930
G1 X262.523 Y61.223
G1 X262.670 Y61.370
G1 X262.670 Y62.102
G1 X262.816 Y62.248
G1 X262.816 Y62.980
G1 X262.963 Y63.126
G1 X262.963 Y63.858
G1 X263.109 Y64.005
G1 X263.109 Y64.737
G1 X263.256 Y64.883
G1 X263.256 Y65.322
G1 X263.402 Y65.469
G1 X263.402 Y65.908
G1 X263.548 Y66.054
G1 X263.548 Y66.347
G1 X263.841 Y66.640
G1 X263.988 Y66.786
G1 X264.134 Y66.933
G1 X264.573 Y67.372
G1 X264.720 Y67.372
G1 X264.866 Y67.519
G1 X265.012 Y67.519
G1 X265.159 Y67.665
G1 X265.891 Y67.665
G1 X266.037 Y67.811
G1 X266.769 Y67.811
G1 X266.916 Y67.958
G1 X267.648 Y67.958
G1 X267.794 Y68.104
G1 X268.672 Y68.104
G1 X268.819 Y68.251
G1 X268.965 Y68.251
G1 X269.112 Y68.397
G1 X269.697 Y68.397
G1 X269.844 Y68.543
G1 X270.429 Y68.543
G1 X270.576 Y68.690
G1 X271.161 Y68.690
G1 X271.308 Y68.836
G1 X271.893 Y68.836
G1 X272.040 Y68.983
G1 X272.479 Y68.983
G1 X272.625 Y69.129
G1 X274.089 Y69.129
G1 X274.236 Y69.275
G1 X274.529 Y69.275
G1 X274.675 Y69.422
G1 X274.968 Y69.715
G1 X275.261 Y69.715
G1 X275.407 Y69.861
G1 X275.846 Y69.861
G1 X275.993 Y70.007
G1 X276.285 Y70.007
G1 X276.578 Y70.300
G1 X277.017 Y70.300
G1 X277.164 Y70.447
G1 X277.603 Y70.447
G1 X277.749 Y70.593
G1 X278.042 Y70.593
G1 X278.189 Y70.739
G1 X278.628 Y70.739
G1 X278.774 Y70.886
G1 X278.921 Y70.886
G1 X279.067 Y71.032
G1 X279.214 Y71.032
G1 X279.360 Y71.179
G1 X279.653 Y71.179
G1 X279.799 Y71.325
G1 X279.946 Y71.471
G1 X280.238 Y71.471
G1 X280.385 Y71.618
G1 X280.531 Y71.618
G1 X280.678 Y71.764
G1 X280.970 Y71.764
G1 X281.117 Y71.911
G1 X281.410 Y71.911
G1 X281.556 Y72.057
G1 X281.702 Y72.057
G1 X281.849 Y72.203
G1 X281.995 Y72.203
G1 X282.142 Y72.350
G1 X282.434 Y72.350
G1 X282.581 Y72.496
G1 X282.727 Y72.496
G1 X282.874 Y72.643
G1 X283.020 Y72.643
G1 X283.166 Y72.789
G1 X283.313 Y72.789
G1 X283.459 Y72.935
G1 X283.606 Y72.935
G1 X283.752 Y73.082
G1 X283.898 Y73.082
G1 X284.045 Y73.228
G1 X284.191 Y73.228
G1 X284.338 Y73.375
G1 X284.484 Y73.375
G1 X284.630 Y73.521
G1 X284.777 Y73.521
G1 X285.216 Y73.960
G1 X285.362 Y73.960
G1 X285.509 Y74.107
G1 X285.655 Y74.107
G1 X285.802 Y74.253
G1 X285.948 Y74.399
G1 X286.095 Y74.399
G1 X286.241 Y74.546
G1 X286.387 Y74.692
G1 X286.534 Y74.692
G1 X286.680 Y74.839
G1 X286.827 Y74.985
G1 X286.973 Y74.985
G1 X287.119 Y75.132
G1 X287.266 Y75.278
G1 X287.559 Y75.571
G1 X287.705 Y75.571
G1 X288.144 Y76.010
G1 X288.291 Y76.156
G1 X288.437 Y76.156
G1 X288.583 Y76.303
G1 X288.876 Y76.303
G1 X289.023 Y76.449
G1 X289.755 Y76.449
G1 X289.901 Y76.303
G1 X290.047 Y76.156
G1 X290.194 Y76.010
G1 X290.194 Y75.864
G1 X290.340 Y75.717
G1 X290.340 Y75.424
G1 X290.487 Y75.278
G1 X290.487 Y75.132
G1 X290.633 Y74.985
G1 X290.779 Y74.839
G1 X290.779 Y74.692
G1 X290.926 Y74.546
G1 X290.926 Y74.399
G1 X291.072 Y74.253
G1 X291.219 Y74.107
G1 X291.219 Y73.960
G1 X291.365 Y73.814
G1 X291.365 Y73.521
G1 X291.511 Y73.375
G1 X291.511 Y73.228
G1 X291.658 Y73.082
G1 X291.658 Y72.789
G1 X291.951 Y72.496
G1 X291.951 Y72.203
G1 X292.097 Y72.057
G1 X292.097 Y71.911
G1 X292.243 Y71.764
G1 X292.243 Y71.618
G1 X292.390 Y71.471
G1 X292.390 Y71.179
G1 X292.536 Y71.032
G1 X292.683 Y70.886
G1 X292.829 Y70.739
G1 X292.975 Y70.593
G1 X293.122 Y70.593
G1 X292.975 Y70.593
G1 X292.975 Y70.447
G1 X293.122 Y70.447
G1 X293.268 Y70.593
G1 X293.708 Y70.593
G1 X293.854 Y70.739
G1 X294.293 Y70.739
G1 X294.440 Y70.886
G1 X294.879 Y70.886
G1 X295.025 Y71.032
G1 X295.172 Y71.032
G1 X295.318 Y71.179
G1 X295.464 Y71.179
G1 X295.611 Y71.325
G1 X295.757 Y71.471
G1 X295.904 Y71.471
G1 X296.050 Y71.618
G1 X296.196 Y71.764
G1 X296.343 Y71.764
G1 X296.489 Y71.911
G1 X296.636 Y71.911
G1 X297.514 Y72.789
G1 X297.660 Y72.789
G1 X297.807 Y72.935
G1 X298.246 Y72.935
G1 X298.392 Y73.082
G1 X298.832 Y73.082
G1 X298.978 Y73.228
G1 X299.271 Y73.228
G1 X299.417 Y73.375
G1 X299.564 Y73.375
G1 X299.710 Y73.521
G1 X299.856 Y73.521
G1 X300.003 Y73.667
G1 X300.149 Y73.814
G1 X300.296 Y73.960
G1 X300.296 Y74.107
G1 X300.149 Y74.253
G1 X300.149 Y74.692
G1 X300.003 Y74.839
G1 X300.003 Y75.278
G1 X299.856 Y75.424
G1 X299.856 Y75.864
G1 X299.710 Y76.010
G1 X299.710 Y76.156
G1 X299.564 Y76.303
G1 X299.417 Y76.449
G1 X299.417 Y76.596
G1 X299.271 Y76.742
G1 X299.271 Y76.888
G1 X299.124 Y77.035
G1 X299.124 Y77.181
G1 X298.978 Y77.328
G1 X298.832 Y77.474
G1 X298.832 Y77.620
G1 X298.685 Y77.767
G1 X298.685 Y77.913
G1 X298.539 Y78.060
G1 X298.539 Y78.206
G1 X298.392 Y78.352
G1 X298.392 Y78.645
G1 X298.246 Y78.792
G1 X298.246 Y78.938
G1 X298.100 Y79.084
G1 X298.100 Y79.670
G1 X297.953 Y79.816
G1 X297.953 Y81.280
G1 X298.100 Y81.427
G1 X298.100 Y81.720
G1 X298.246 Y81.866
G1 X298.246 Y82.012
G1 X298.392 Y82.159
G1 X298.539 Y82.305
G1 X298.685 Y82.452
G1 X298.832 Y82.598
G1 X298.978 Y82.745
G1 X299.124 Y82.891
G1 X299.271 Y83.037
G1 X299.417 Y83.184
G1 X299.564 Y83.330
G1 X299.710 Y83.477
G1 X299.856 Y83.623
G1 X300.003 Y83.769
G1 X300.149 Y83.916
G1 X300.296 Y83.916
G1 X300.442 Y84.062
G1 X300.588 Y84.209
G1 X300.735 Y84.209
G1 X300.881 Y84.355
G1 X301.028 Y84.501
G1 X301.174 Y84.648
G1 X301.321 Y84.794
G1 X301.467 Y84.941
G1 X301.613 Y85.087
G1 X301.760 Y85.087
G1 X302.199 Y85.526
G1 X302.345 Y85.673
G1 X302.492 Y85.819
G1 X302.638 Y85.819
G1 X302.785 Y85.965
G1 X302.931 Y86.112
G1 X303.224 Y86.405
G1 X303.370 Y86.405
G1 X303.517 Y86.551
G1 X303.663 Y86.697
G1 X303.809 Y86.844
G1 X303.956 Y86.990
G1 X304.102 Y86.990
G1 X304.688 Y87.576
G1 X304.834 Y87.576
G1 X304.981 Y87.722
G1 X305.127 Y87.869
G1 X305.566 Y87.869
G1 X305.713 Y88.015
G1 X306.005 Y88.015
G1 X306.152 Y88.161
G1 X306.884 Y88.161
G1 X306.884 Y88.015
G1 X307.177 Y87.722
G1 X307.177 Y87.576
G1 X307.323 Y87.429
G1 X307.323 Y86.990
G1 X307.469 Y86.844
G1 X307.469 Y86.697
G1 X307.616 Y86.551
G1 X307.616 Y86.258
G1 X307.762 Y86.112
G1 X307.762 Y85.965
G1 X307.909 Y85.819
G1 X307.909 Y85.526
G1 X308.055 Y85.380
G1 X308.055 Y85.233
G1 X308.201 Y85.087
G1 X308.201 Y84.941
G1 X308.348 Y84.794
G1 X308.348 Y84.355
G1 X308.494 Y84.209
G1 X308.494 Y84.062
G1 X308.641 Y83.916
G1 X308.641 Y83.769
G1 X308.787 Y83.623
G1 X308.787 Y83.330
G1 X308.934 Y83.184
G1 X308.934 Y82.891
G1 X309.080 Y82.745
G1 X309.080 Y82.452
G1 X309.226 Y82.305
G1 X309.226 Y82.159
G1 X309.373 Y82.012
G1 X309.373 Y81.573
G1 X309.958 Y80.988
G1 X309.958 Y80.841
G1 X309.958 Y80.988
G1 X309.373 Y81.573
G1 X309.373 Y82.012
G1 X309.226 Y82.159
G1 X309.226 Y82.305
G1 X309.080 Y82.452
G1 X309.080 Y82.745
G1 X308.934 Y82.891
G1 X308.934 Y83.184
G1 X308.787 Y83.330
G1 X308.787 Y83.623
G1 X308.641 Y83.769
G1 X308.641 Y83.916
G1 X308.494 Y84.062
G1 X308.494 Y84.209
G1 X308.348 Y84.355
G1 X308.348 Y84.794
G1 X308.201 Y84.941
G1 X308.201 Y85.087
G1 X308.055 Y85.233
G1 X308.055 Y85.380
G1 X307.909 Y85.526
G1 X307.909 Y85.819
G1 X307.762 Y85.965
G1 X307.762 Y86.112
G1 X307.616 Y86.258
G1 X307.616 Y86.551
G1 X307.469 Y86.697
G1 X307.469 Y86.844
G1 X307.323 Y86.990
G1 X307.323 Y87.429
G1 X307.177 Y87.576
G1 X307.177 Y87.722
G1 X306.884 Y88.015
G1 X306.884 Y88.161
G1 X306.737 Y88.161
G1 X306.737 Y88.454
G1 X306.884 Y88.601
G1 X306.884 Y88.893
G1 X307.030 Y89.040
G1 X307.030 Y89.186
G1 X307.177 Y89.333
G1 X307.177 Y89.479
G1 X307.323 Y89.625
G1 X307.469 Y89.772
G1 X307.616 Y89.918
G1 X307.616 Y90.065
G1 X308.494 Y90.943
G1 X308.494 Y91.090
G1 X308.641 Y91.236
G1 X308.787 Y91.382
G1 X308.787 Y91.529
G1 X308.934 Y91.675
G1 X308.934 Y91.968
G1 X309.080 Y92.114
G1 X309.080 Y92.554
G1 X309.226 Y92.700
G1 X309.226 Y93.286
G1 X309.080 Y93.432
G1 X308.787 Y93.432
G1 X308.641 Y93.578
G1 X308.202 Y93.578
G1 X308.055 Y93.725
G1 X307.762 Y93.725
G1 X307.469 Y94.018
G1 X307.323 Y94.018
G1 X307.177 Y94.164
G1 X307.030 Y94.310
G1 X306.884 Y94.310
G1 X306.591 Y94.603
G1 X306.445 Y94.603
G1 X306.298 Y94.750
G1 X306.152 Y94.750
G1 X306.005 Y94.896
G1 X305.859 Y95.042
G1 X305.713 Y95.042
G1 X305.420 Y95.335
G1 X305.273 Y95.335
G1 X305.127 Y95.482
G1 X304.981 Y95.628
G1 X304.834 Y95.774
G1 X304.688 Y95.774
G1 X304.541 Y95.921
G1 X304.395 Y95.921
G1 X304.249 Y96.067
G1 X304.102 Y96.067
G1 X303.956 Y96.214
G1 X303.809 Y96.214
G1 X303.663 Y96.360
G1 X303.224 Y96.360
G1 X303.077 Y96.506
G1 X302.638 Y96.506
G1 X302.492 Y96.653
G1 X302.199 Y96.653
G1 X302.053 Y96.799
G1 X301.028 Y96.799
G1 X301.028 Y96.653
G1 X300.881 Y96.653
G1 X300.588 Y96.946
G1 X300.442 Y96.946
G1 X300.296 Y97.092
G1 X300.149 Y97.238
G1 X300.003 Y97.238
G1 X299.710 Y97.531
G1 X299.564 Y97.678
G1 X299.417 Y97.824
G1 X299.271 Y97.824
G1 X298.978 Y98.117
G1 X298.832 Y98.117
G1 X298.685 Y98.263
G1 X298.539 Y98.410
G1 X298.392 Y98.410
G1 X298.246 Y98.556
G1 X298.100 Y98.703
G1 X297.953 Y98.849
G1 X297.807 Y98.995
G1 X297.660 Y98.995
G1 X297.514 Y99.142
G1 X297.368 Y99.288
G1 X297.221 Y99.288
G1 X297.075 Y99.435
G1 X296.928 Y99.581
G1 X296.782 Y99.581
G1 X296.636 Y99.727
G1 X296.489 Y99.727
G1 X296.343 Y99.874
G1 X296.196 Y100.020
G1 X296.050 Y100.167
G1 X295.904 Y100.313
G1 X295.757 Y100.459
G1 X295.611 Y100.606
G1 X295.611 Y100.752
G1 X295.464 Y100.899
G1 X295.464 Y101.484
G1 X295.757 Y101.777
G1 X295.904 Y101.923
G1 X296.050 Y102.070
G1 X296.196 Y102.216
G1 X296.196 Y102.363
G1 X296.343 Y102.509
G1 X296.343 Y102.655
G1 X296.489 Y102.802
G1 X296.636 Y102.948
G1 X296.782 Y103.095
G1 X296.928 Y103.241
G1 X297.075 Y103.241
G1 X297.514 Y103.680
G1 X297.660 Y103.680
G1 X297.953 Y103.973
G1 X298.100 Y104.119
G1 X298.246 Y104.119
G1 X298.392 Y104.266
G1 X298.539 Y104.412
G1 X298.685 Y104.559
G1 X298.832 Y104.705
G1 X298.978 Y104.705
G1 X299.564 Y105.291
G1 X299.710 Y105.291
G1 X300.149 Y105.730
G1 X300.296 Y105.730
G1 X300.442 Y105.876
G1 X300.588 Y106.023
G1 X300.735 Y106.169
G1 X300.881 Y106.169
G1 X301.174 Y106.462
G1 X301.321 Y106.608
G1 X301.467 Y106.755
G1 X301.613 Y106.755
G1 X301.760 Y106.901
G1 X301.906 Y107.048
G1 X302.053 Y107.194
G1 X302.199 Y107.194
G1 X302.638 Y107.633
G1 X302.785 Y107.633
G1 X302.931 Y107.780
G1 X303.077 Y107.926
G1 X303.224 Y108.072
G1 X303.370 Y108.219
G1 X303.517 Y108.219
G1 X303.663 Y108.365
G1 X303.809 Y108.512
G1 X303.956 Y108.512
G1 X304.102 Y108.658
G1 X304.249 Y108.804
G1 X304.395 Y108.951
G1 X304.541 Y108.951
G1 X304.688 Y109.097
G1 X304.834 Y109.244
G1 X304.981 Y109.244
G1 X305.420 Y109.683
G1 X305.566 Y109.683
G1 X305.713 Y109.829
G1 X305.859 Y109.976
G1 X306.005 Y110.122
G1 X306.152 Y110.122
G1 X306.298 Y110.268
G1 X306.445 Y110.268
G1 X306.591 Y110.415
G1 X306.884 Y110.708
G1 X307.030 Y110.708
G1 X307.177 Y110.854
G1 X307.323 Y111.000
G1 X307.469 Y111.147
G1 X307.616 Y111.293
G1 X307.762 Y111.440
G1 X307.909 Y111.440
G1 X308.201 Y111.732
G1 X308.348 Y111.732
G1 X308.494 Y111.879
G1 X308.641 Y112.025
G1 X308.787 Y112.172
G1 X308.934 Y112.172
G1 X309.519 Y112.757
G1 X309.666 Y112.757
G1 X309.812 Y112.904
G1 X309.958 Y113.050
G1 X310.105 Y113.050
G1 X310.251 Y113.197
G1 X310.398 Y113.197
G1 X310.690 Y113.489
G1 X310.983 Y113.489
G1 X311.130 Y113.636
G1 X311.276 Y113.636
G1 X311.422 Y113.782
G1 X311.715 Y113.782
G1 X311.862 Y113.929
G1 X312.447 Y113.929
G1 X312.594 Y114.075
G1 X314.497 Y114.075
G1 X314.643 Y114.221
G1 X315.522 Y114.221
G1 X315.522 Y114.661
G1 X315.668 Y114.807
G1 X315.668 Y114.953
G1 X315.815 Y115.100
G1 X315.815 Y115.246
G1 X315.961 Y115.393
G1 X316.107 Y115.539
G1 X316.254 Y115.539
G1 X316.693 Y115.978
G1 X316.839 Y115.978
G1 X317.132 Y116.271
G1 X317.279 Y116.271
G1 X317.425 Y116.417
G1 X317.571 Y116.417
G1 X317.718 Y116.564
G1 X317.864 Y116.564
G1 X318.011 Y116.710
G1 X318.157 Y116.857
G1 X318.303 Y116.857
G1 X318.450 Y117.003
G1 X318.596 Y117.003
G1 X318.743 Y117.149
G1 X318.889 Y117.296
G1 X319.035 Y117.442
G1 X319.182 Y117.442
G1 X319.328 Y117.589
G1 X319.475 Y117.735
G1 X319.621 Y117.735
G1 X319.767 Y117.881
G1 X319.914 Y117.881
G1 X320.060 Y118.028
G1 X320.207 Y118.174
G1 X320.353 Y118.321
G1 X320.499 Y118.467
G1 X320.646 Y118.613
G1 X320.792 Y118.613
G1 X321.085 Y118.906
G1 X321.231 Y119.053
G1 X321.378 Y119.199
G1 X321.817 Y119.638
G1 X321.963 Y119.785
G1 X321.963 Y119.931
G1 X322.110 Y120.077
G1 X322.256 Y120.224
G1 X322.403 Y120.370
G1 X322.549 Y120.517
G1 X322.549 Y120.663
G1 X322.695 Y120.810
G1 X322.842 Y120.956
G1 X322.842 Y121.102
G1 X322.988 Y121.249
G1 X323.135 Y121.395
G1 X323.135 Y121.542
G1 X323.281 Y121.688
G1 X323.428 Y121.834
G1 X323.428 Y121.981
G1 X323.574 Y122.127
G1 X323.574 Y122.274
G1 X323.720 Y122.420
G1 X323.720 Y122.566
G1 X323.867 Y122.713
G1 X323.867 Y122.859
G1 X324.013 Y123.006
G1 X324.013 Y123.298
G1 X324.160 Y123.445
G1 X324.160 Y123.738
G1 X324.306 Y123.884
G1 X324.306 Y124.177
G1 X324.452 Y124.323
G1 X324.452 Y124.616
G1 X324.599 Y124.762
G1 X324.599 Y125.348
G1 X324.892 Y125.641
G1 X324.892 Y126.373
G1 X325.038 Y126.519
G1 X325.038 Y127.398
G1 X325.184 Y127.544
G1 X325.184 Y128.715
G1 X325.331 Y128.862
G1 X325.331 Y129.301
G1 X325.624 Y129.301
G1 X325.770 Y129.447
G1 X325.770 Y129.887
G1 X325.916 Y130.033
G1 X325.916 Y131.058
G1 X326.063 Y131.204
G1 X326.063 Y132.522
G1 X326.209 Y132.668
G1 X326.209 Y133.400
G1 X326.356 Y133.547
G1 X326.356 Y134.279
G1 X326.502 Y134.425
G1 X326.502 Y135.450
G1 X326.648 Y135.596
G1 X326.648 Y137.060
G1 X326.795 Y137.207
G1 X326.795 Y138.671
G1 X326.941 Y138.817
G1 X326.941 Y140.574
G1 X327.088 Y140.720
G1 X327.088 Y142.184
G1 X326.941 Y142.331
G1 X326.941 Y143.209
G1 X326.795 Y143.356
G1 X326.795 Y143.502
G1 X326.648 Y143.649
G1 X326.648 Y143.795
G1 X326.502 Y143.941
G1 X326.356 Y144.088
G1 X326.209 Y144.234
G1 X326.063 Y144.234
G1 X325.916 Y144.381
G1 X325.770 Y144.381
G1 X325.624 Y144.527
G1 X325.477 Y144.673
G1 X325.331 Y144.673
G1 X325.184 Y144.820
G1 X325.038 Y144.820
G1 X324.892 Y144.966
G1 X324.745 Y144.966
G1 X324.599 Y145.113
G1 X324.160 Y145.113
G1 X324.013 Y145.259
G1 X323.720 Y145.259
G1 X323.574 Y145.405
G1 X323.281 Y145.405
G1 X323.135 Y145.552
G1 X322.988 Y145.698
G1 X322.695 Y145.698
G1 X322.549 Y145.845
G1 X322.256 Y145.845
G1 X322.110 Y145.991
G1 X321.963 Y145.991
G1 X321.817 Y146.137
G1 X321.231 Y146.137
G1 X321.085 Y146.284
G1 X320.792 Y146.284
G1 X320.646 Y146.430
G1 X320.060 Y146.430
G1 X319.914 Y146.577
G1 X319.328 Y146.577
G1 X319.182 Y146.723
G1 X318.011 Y146.723
G1 X317.864 Y146.869
G1 X315.229 Y146.869
G1 X315.082 Y146.723
G1 X313.326 Y146.723
G1 X313.179 Y146.577
G1 X312.154 Y146.577
G1 X312.008 Y146.430
G1 X311.276 Y146.430
G1 X311.130 Y146.284
G1 X310.690 Y146.284
G1 X310.544 Y146.137
G1 X310.251 Y146.137
G1 X310.105 Y145.991
G1 X309.519 Y145.991
G1 X309.373 Y145.845
G1 X308.787 Y145.845
G1 X308.641 Y145.698
G1 X308.055 Y145.698
G1 X307.909 Y145.552
G1 X307.469 Y145.552
G1 X307.323 Y145.405
G1 X307.177 Y145.405
G1 X307.030 Y145.259
G1 X306.591 Y145.259
G1 X306.445 Y145.113
G1 X305.859 Y145.113
G1 X305.713 Y144.966
G1 X305.127 Y144.966
G1 X304.981 Y144.820
G1 X304.395 Y144.820
G1 X304.249 Y144.673
G1 X303.956 Y144.673
G1 X303.809 Y144.527
G1 X303.517 Y144.527
G1 X303.370 Y144.381
G1 X302.785 Y144.381
G1 X302.638 Y144.234
G1 X302.345 Y144.234
G1 X302.199 Y144.088
G1 X301.760 Y144.088
G1 X301.467 Y143.795
G1 X301.174 Y143.795
G1 X301.028 Y143.649
G1 X300.735 Y143.649
G1 X300.588 Y143.502
G1 X300.296 Y143.502
G1 X300.149 Y143.356
G1 X300.003 Y143.356
G1 X299.856 Y143.209
G1 X299.710 Y143.209
G1 X299.564 Y143.063
G1 X299.417 Y142.917
G1 X299.271 Y142.770
G1 X298.978 Y142.770
G1 X296.489 Y140.281
G1 X296.489 Y140.135
G1 X296.343 Y139.988
G1 X296.196 Y139.842
G1 X296.050 Y139.696
G1 X296.050 Y139.403
G1 X295.904 Y139.256
G1 X295.757 Y139.110
G1 X295.757 Y138.964
G1 X295.611 Y138.817
G1 X295.464 Y138.671
G1 X295.464 Y138.524
G1 X295.172 Y138.232
G1 X295.172 Y138.085
G1 X295.025 Y137.939
G1 X294.879 Y137.792
G1 X294.879 Y137.646
G1 X294.732 Y137.500
G1 X294.732 Y137.353
G1 X294.586 Y137.207
G1 X294.586 Y137.060
G1 X294.440 Y136.914
G1 X294.440 Y136.768
G1 X294.000 Y136.328
G1 X294.000 Y136.182
G1 X293.854 Y136.036
G1 X293.854 Y135.889
G1 X293.561 Y135.596
G1 X293.561 Y135.450
G1 X293.268 Y135.157
G1 X293.268 Y135.011
G1 X293.122 Y134.864
G1 X293.122 Y134.718
G1 X292.975 Y134.571
G1 X292.975 Y134.425
G1 X292.829 Y134.279
G1 X292.683 Y134.132
G1 X292.683 Y133.986
G1 X292.536 Y133.839
G1 X292.536 Y133.693
G1 X292.390 Y133.547
G1 X292.390 Y133.400
G1 X292.243 Y133.254
G1 X292.243 Y133.107
G1 X292.097 Y132.961
G1 X292.097 Y132.815
G1 X291.951 Y132.668
G1 X291.951 Y132.522
G1 X291.804 Y132.375
G1 X291.804 Y132.229
G1 X291.658 Y132.083
G1 X291.658 Y131.936
G1 X291.511 Y131.790
G1 X291.511 Y131.497
G1 X291.365 Y131.351
G1 X291.365 Y131.058
G1 X291.219 Y130.911
G1 X291.219 Y130.619
G1 X291.072 Y130.472
G1 X291.072 Y130.179
G1 X290.926 Y130.033
G1 X290.926 Y129.887
G1 X290.779 Y129.740
G1 X290.779 Y129.447
G1 X290.633 Y129.301
G1 X290.633 Y128.862
G1 X290.487 Y128.715
G1 X290.340 Y128.569
G1 X290.340 Y128.130
G1 X290.194 Y127.983
G1 X290.194 Y127.544
G1 X290.047 Y127.398
G1 X290.047 Y126.958
G1 X289.901 Y126.812
G1 X289.901 Y126.373
G1 X289.755 Y126.226
G1 X289.608 Y126.080
G1 X289.608 Y125.494
G1 X289.462 Y125.348
G1 X289.462 Y124.762
G1 X289.315 Y124.616
G1 X289.315 Y124.030
G1 X289.169 Y123.884
G1 X289.169 Y123.298
G1 X289.023 Y123.152
G1 X289.023 Y122.420
G1 X288.876 Y122.274
G1 X288.876 Y121.542
G1 X288.730 Y121.395
G1 X288.730 Y120.663
G1 X288.583 Y120.517
G1 X288.583 Y119.785
G1 X288.437 Y119.638
G1 X288.437 Y118.760
G1 X288.291 Y118.613
G1 X288.291 Y117.881
G1 X288.144 Y117.735
G1 X288.144 Y115.685
G1 X287.998 Y115.539
G1 X287.851 Y115.393
G1 X287.851 Y112.318
G1 X287.998 Y112.172
G1 X287.998 Y108.951
G1 X288.144 Y108.804
G1 X288.144 Y108.072
G1 X288.291 Y107.926
G1 X288.291 Y107.633
G1 X288.437 Y107.487
G1 X288.437 Y106.901
G1 X288.583 Y106.755
G1 X288.583 Y106.608
G1 X288.730 Y106.462
G1 X288.730 Y106.316
G1 X288.876 Y106.169
G1 X288.876 Y105.876
G1 X289.023 Y105.730
G1 X289.023 Y105.584
G1 X289.169 Y105.437
G1 X289.315 Y105.291
G1 X289.315 Y105.144
G1 X289.462 Y104.998
G1 X289.462 Y104.851
G1 X289.608 Y104.705
G1 X289.608 Y104.559
G1 X289.755 Y104.412
G1 X289.755 Y104.266
G1 X289.901 Y104.119
G1 X289.901 Y103.827
G1 X290.047 Y103.680
G1 X290.047 Y103.387
G1 X290.194 Y103.241
G1 X290.194 Y103.095
G1 X290.340 Y102.948
G1 X290.340 Y102.802
G1 X290.487 Y102.655
G1 X290.487 Y102.509
G1 X290.487 Y102.655
G1 X290.340 Y102.802
G1 X290.340 Y102.948
G1 X290.194 Y103.095
G1 X290.194 Y103.241
G1 X290.047 Y103.387
G1 X290.047 Y103.680
G1 X289.901 Y103.827
G1 X289.901 Y104.119
G1 X289.755 Y104.266
G1 X289.755 Y104.412
G1 X289.608 Y104.559
G1 X289.608 Y104.705
G1 X289.462 Y104.851
G1 X289.462 Y104.998
G1 X289.315 Y105.144
G1 X289.315 Y105.291
G1 X289.169 Y105.437
G1 X289.023 Y105.584
G1 X289.023 Y105.730
G1 X288.876 Y105.876
G1 X288.876 Y106.169
G1 X288.730 Y106.316
G1 X288.730 Y106.462
G1 X288.583 Y106.608
G1 X288.583 Y106.755
G1 X288.437 Y106.901
G1 X288.437 Y107.487
G1 X288.291 Y107.633
G1 X288.291 Y107.926
G1 X288.144 Y108.072
G1 X288.144 Y108.804
G1 X287.998 Y108.951
G1 X287.998 Y112.172
G1 X287.851 Y112.318
G1 X287.851 Y115.393
G1 X287.998 Y115.539
G1 X288.144 Y115.685
G1 X288.144 Y117.735
G1 X288.291 Y117.881
G1 X288.291 Y118.613
G1 X288.437 Y118.760
G1 X288.437 Y119.638
G1 X288.583 Y119.785
G1 X288.583 Y120.517
G1 X288.730 Y120.663
G1 X288.730 Y121.395
G1 X288.876 Y121.542
G1 X288.876 Y122.274
G1 X289.023 Y122.420
G1 X289.023 Y123.152
G1 X289.169 Y123.298
G1 X289.169 Y123.884
G1 X289.315 Y124.030
G1 X289.315 Y124.616
G1 X289.462 Y124.762
G1 X289.462 Y125.348
G1 X289.608 Y125.494
G1 X289.608 Y126.080
G1 X289.755 Y126.226
G1 X289.901 Y126.373
G1 X289.901 Y126.812
G1 X290.047 Y126.958
G1 X290.047 Y127.398
G1 X290.194 Y127.544
G1 X290.194 Y127.983
G1 X290.340 Y128.130
G1 X290.340 Y128.569
G1 X290.487 Y128.715
G1 X290.633 Y128.862
G1 X290.633 Y129.301
G1 X290.779 Y129.447
G1 X290.779 Y129.740
G1 X290.926 Y129.887
G1 X290.926 Y130.033
G1 X291.072 Y130.179
G1 X291.072 Y130.472
G1 X291.219 Y130.619
G1 X291.219 Y130.911
G1 X291.365 Y131.058
G1 X291.365 Y131.351
G1 X291.511 Y131.497
G1 X291.511 Y131.790
G1 X291.658 Y131.936
G1 X291.658 Y132.083
G1 X291.804 Y132.229
G1 X291.804 Y132.375
G1 X291.951 Y132.522
G1 X291.951 Y132.668
G1 X292.097 Y132.815
G1 X292.097 Y132.961
G1 X292.243 Y133.107
G1 X292.243 Y133.254
G1 X292.390 Y133.400
G1 X292.390 Y133.547
G1 X292.536 Y133.693
G1 X292.536 Y133.839
G1 X292.683 Y133.986
G1 X292.683 Y134.132
G1 X292.829 Y134.279
G1 X292.975 Y134.425
G1 X292.975 Y134.571
G1 X293.122 Y134.718
G1 X293.122 Y134.864
G1 X293.268 Y135.011
G1 X293.268 Y135.157
G1 X293.561 Y135.450
G1 X293.561 Y135.596
G1 X293.854 Y135.889
G1 X293.854 Y136.036
G1 X294.000 Y136.182
G1 X294.000 Y136.328
G1 X294.440 Y136.768
G1 X294.440 Y136.914
G1 X294.586 Y137.060
G1 X294.586 Y137.207
G1 X294.732 Y137.353
G1 X294.732 Y137.500
G1 X294.879 Y137.646
G1 X294.879 Y137.792
G1 X295.025 Y137.939
G1 X295.172 Y138.085
G1 X295.172 Y138.232
G1 X295.464 Y138.524
G1 X295.464 Y138.671
G1 X295.611 Y138.817
G1 X295.757 Y138.964
G1 X295.757 Y139.110
G1 X295.904 Y139.256
G1 X296.050 Y139.403
G1 X296.050 Y139.696
G1 X296.196 Y139.842
G1 X296.343 Y139.988
G1 X296.489 Y140.135
G1 X296.489 Y140.281
G1 X298.978 Y142.770
G1 X299.271 Y142.770
G1 X299.417 Y142.917
G1 X299.564 Y143.063
G1 X299.710 Y143.209
G1 X299.856 Y143.209
G1 X300.003 Y143.356
G1 X300.149 Y143.356
G1 X300.296 Y143.502
G1 X300.588 Y143.502
G1 X300.735 Y143.649
G1 X301.028 Y143.649
G1 X301.174 Y143.795
G1 X301.467 Y143.795
G1 X301.760 Y144.088
G1 X302.199 Y144.088
G1 X302.345 Y144.234
G1 X302.638 Y144.234
G1 X302.785 Y144.381
G1 X303.370 Y144.381
G1 X303.517 Y144.527
G1 X303.809 Y144.527
G1 X303.956 Y144.673
G1 X304.249 Y144.673
G1 X304.395 Y144.820
G1 X304.981 Y144.820
G1 X305.127 Y144.966
G1 X305.713 Y144.966
G1 X305.859 Y145.113
G1 X306.445 Y145.113
G1 X306.591 Y145.259
G1 X307.030 Y145.259
G1 X307.177 Y145.405
G1 X307.323 Y145.405
G1 X307.469 Y145.552
G1 X307.909 Y145.552
G1 X308.055 Y145.698
G1 X308.641 Y145.698
G1 X308.787 Y145.845
G1 X309.373 Y145.845
G1 X309.519 Y145.991
G1 X310.105 Y145.991
G1 X310.251 Y146.137
G1 X310.544 Y146.137
G1 X310.690 Y146.284
G1 X311.130 Y146.284
G1 X311.276 Y146.430
G1 X312.008 Y146.430
G1 X312.154 Y146.577
G1 X313.179 Y146.577
G1 X313.326 Y146.723
G1 X315.082 Y146.723
G1 X315.229 Y146.869
G1 X317.864 Y146.869
G1 X318.011 Y146.723
G1 X319.182 Y146.723
G1 X319.328 Y146.577
G1 X319.914 Y146.577
G1 X320.060 Y146.430
G1 X320.646 Y146.430
G1 X320.792 Y146.284
G1 X321.085 Y146.284
G1 X321.231 Y146.137
G1 X321.817 Y146.137
G1 X321.963 Y145.991
G1 X322.110 Y145.991
G1 X322.256 Y145.845
G1 X322.549 Y145.845
G1 X322.695 Y145.698
G1 X322.988 Y145.698
G1 X323.135 Y145.552
G1 X323.281 Y145.405
G1 X323.574 Y145.405
G1 X323.720 Y145.259
G1 X324.013 Y145.259
G1 X324.160 Y145.113
G1 X324.599 Y145.113
G1 X324.745 Y144.966
G1 X324.892 Y144.966
G1 X325.038 Y144.820
G1 X325.184 Y144.820
G1 X325.331 Y144.673
G1 X325.477 Y144.673
G1 X325.624 Y144.527
G1 X325.770 Y144.381
G1 X325.916 Y144.381
G1 X326.063 Y144.234
G1 X326.209 Y144.234
G1 X326.356 Y144.088
G1 X326.502 Y143.941
G1 X326.648 Y143.795
G1 X326.648 Y143.649
G1 X326.795 Y143.502
G1 X326.795 Y143.356
G1 X326.941 Y143.209
G1 X326.941 Y142.331
G1 X327.088 Y142.184
G1 X327.088 Y140.720
G1 X326.941 Y140.574
G1 X326.941 Y138.817
G1 X326.795 Y138.671
G1 X326.795 Y137.207
G1 X326.648 Y137.060
G1 X326.648 Y135.596
G1 X326.502 Y135.450
G1 X326.502 Y134.425
G1 X326.356 Y134.279
G1 X326.356 Y133.547
G1 X326.209 Y133.400
G1 X326.209 Y132.668
G1 X326.063 Y132.522
G1 X326.063 Y131.204
G1 X325.916 Y131.058
G1 X325.916 Y130.033
G1 X325.770 Y129.887
G1 X325.770 Y129.447
G1 X325.624 Y129.301
G1 X325.331 Y129.301
G1 X325.184 Y129.447
G1 X325.038 Y129.447
G1 X324.892 Y129.594
G1 X324.599 Y129.594
G1 X324.452 Y129.740
G1 X324.160 Y129.740
G1 X324.013 Y129.887
G1 X323.428 Y129.887
G1 X323.281 Y130.033
G1 X322.549 Y130.033
G1 X322.403 Y129.887
G1 X322.110 Y129.887
G1 X321.963 Y129.740
G1 X321.817 Y129.740
G1 X321.671 Y129.594
G1 X321.524 Y129.594
G1 X321.378 Y129.447
G1 X321.231 Y129.447
G1 X321.085 Y129.301
G1 X320.939 Y129.301
G1 X320.792 Y129.155
G1 X320.646 Y129.008
G1 X320.499 Y129.008
G1 X320.353 Y128.862
G1 X320.207 Y128.715
G1 X320.060 Y128.715
G1 X319.914 Y128.569
G1 X319.767 Y128.423
G1 X319.621 Y128.276
G1 X319.182 Y127.837
G1 X319.035 Y127.691
G1 X318.889 Y127.544
G1 X317.718 Y126.373
G1 X317.718 Y126.226
G1 X317.571 Y126.080
G1 X317.425 Y125.934
G1 X317.425 Y125.787
G1 X317.132 Y125.494
G1 X317.132 Y125.348
G1 X317.132 Y125.494
G1 X317.425 Y125.787
G1 X317.425 Y125.934
G1 X317.571 Y126.080
G1 X317.718 Y126.226
G1 X317.718 Y126.373
G1 X318.889 Y127.544
G1 X319.035 Y127.691
G1 X319.182 Y127.837
G1 X319.621 Y128.276
G1 X319.767 Y128.423
G1 X319.914 Y128.569
G1 X320.060 Y128.715
G1 X320.207 Y128.715
G1 X320.353 Y128.862
G1 X320.499 Y129.008
G1 X320.646 Y129.008
G1 X320.792 Y129.155
G1 X320.939 Y129.301
G1 X321.085 Y129.301
G1 X321.231 Y129.447
G1 X321.378 Y129.447
G1 X321.524 Y129.594
G1 X321.671 Y129.594
G1 X321.817 Y129.740
G1 X321.963 Y129.740
G1 X322.110 Y129.887
G1 X322.403 Y129.887
G1 X322.549 Y130.033
G1 X323.281 Y130.033
G1 X323.428 Y129.887
G1 X324.013 Y129.887
G1 X324.160 Y129.740
G1 X324.452 Y129.740
G1 X324.599 Y129.594
G1 X324.892 Y129.594
G1 X325.038 Y129.447
G1 X325.184 Y129.447
G1 X325.331 Y129.301
G1 X325.331 Y128.862
G1 X325.184 Y128.715
G1 X325.184 Y127.544
G1 X325.038 Y127.398
G1 X325.038 Y126.519
G1 X324.892 Y126.373
G1 X324.892 Y125.641
G1 X324.599 Y125.348
G1 X324.599 Y124.762
G1 X324.452 Y124.616
G1 X324.452 Y124.323
G1 X324.306 Y124.177
G1 X324.306 Y123.884
G1 X324.160 Y123.738
G1 X324.160 Y123.445
G1 X324.013 Y123.298
G1 X324.013 Y123.006
G1 X323.867 Y122.859
G1 X323.867 Y122.713
G1 X323.720 Y122.566
G1 X323.720 Y122.420
G1 X323.574 Y122.274
G1 X323.574 Y122.127
G1 X323.428 Y121.981
G1 X323.428 Y121.834
G1 X323.281 Y121.688
G1 X323.135 Y121.542
G1 X323.135 Y121.395
G1 X322.988 Y121.249
G1 X322.842 Y121.102
G1 X322.842 Y120.956
G1 X322.695 Y120.810
G1 X322.549 Y120.663
G1 X322.549 Y120.517
G1 X322.403 Y120.370
G1 X322.256 Y120.224
G1 X322.110 Y120.077
G1 X321.963 Y119.931
G1 X321.963 Y119.785
G1 X321.817 Y119.638
G1 X321.378 Y119.199
G1 X321.231 Y119.053
G1 X321.085 Y118.906
G1 X320.792 Y118.613
G1 X320.646 Y118.613
G1 X320.499 Y118.467
G1 X320.353 Y118.321
G1 X320.207 Y118.174
G1 X320.060 Y118.028
G1 X319.914 Y117.881
G1 X319.767 Y117.881
G1 X319.621 Y117.735
G1 X319.475 Y117.735
G1 X319.328 Y117.589
G1 X319.182 Y117.442
G1 X319.035 Y117.442
G1 X318.889 Y117.296
G1 X318.743 Y117.149
G1 X318.596 Y117.003
G1 X318.450 Y117.003
G1 X318.303 Y116.857
G1 X318.157 Y116.857
G1 X318.011 Y116.710
G1 X317.864 Y116.564
G1 X317.718 Y116.564
G1 X317.571 Y116.417
G1 X317.425 Y116.417
G1 X317.279 Y116.271
G1 X317.132 Y116.271
G1 X316.839 Y115.978
G1 X316.693 Y115.978
G1 X316.254 Y115.539
G1 X316.107 Y115.539
G1 X315.961 Y115.393
G1 X315.815 Y115.246
G1 X315.815 Y115.100
G1 X315.668 Y114.953
G1 X315.668 Y114.807
G1 X315.522 Y114.661
G1 X315.522 Y114.221
G1 X315.668 Y114.075
G1 X315.815 Y113.929
G1 X315.961 Y113.782
G1 X316.107 Y113.636
G1 X316.254 Y113.636
G1 X316.400 Y113.489
G1 X316.547 Y113.489
G1 X316.693 Y113.343
G1 X316.986 Y113.343
G1 X317.132 Y113.197
G1 X317.718 Y113.197
G1 X317.864 Y113.050
G1 X318.596 Y113.050
G1 X318.743 Y112.904
G1 X319.182 Y112.904
G1 X319.328 Y112.757
G1 X319.621 Y112.757
G1 X319.767 Y112.611
G1 X319.914 Y112.611
G1 X320.060 Y112.464
G1 X320.060 Y111.879
G1 X319.914 Y111.732
G1 X319.914 Y111.440
G1 X319.767 Y111.293
G1 X319.767 Y111.147
G1 X319.621 Y111.000
G1 X319.475 Y110.854
G1 X319.328 Y110.708
G1 X319.328 Y110.561
G1 X319.182 Y110.415
G1 X319.182 Y110.268
G1 X319.035 Y110.122
G1 X318.889 Y109.976
G1 X318.743 Y109.829
G1 X318.596 Y109.683
G1 X318.596 Y109.536
G1 X318.450 Y109.390
G1 X318.303 Y109.244
G1 X318.303 Y109.097
G1 X318.157 Y108.951
G1 X318.011 Y108.804
G1 X318.011 Y108.658
G1 X317.864 Y108.512
G1 X317.718 Y108.365
G1 X317.571 Y108.219
G1 X317.571 Y108.072
G1 X316.839 Y107.340
G1 X316.839 Y107.194
G1 X316.693 Y107.048
G1 X316.547 Y106.901
G1 X316.400 Y106.755
G1 X316.400 Y106.608
G1 X316.254 Y106.462
G1 X316.107 Y106.316
G1 X315.961 Y106.169
G1 X315.668 Y105.876
G1 X315.668 Y105.730
G1 X315.229 Y105.291
G1 X315.229 Y105.144
G1 X315.082 Y104.998
G1 X314.936 Y104.851
G1 X314.790 Y104.705
G1 X314.643 Y104.559
G1 X314.643 Y104.412
G1 X313.911 Y103.680
G1 X313.911 Y103.534
G1 X313.765 Y103.387
G1 X313.618 Y103.241
G1 X313.472 Y103.095
G1 X313.326 Y102.948
G1 X313.179 Y102.802
G1 X313.033 Y102.655
G1 X312.886 Y102.509
G1 X312.886 Y102.363
G1 X312.740 Y102.216
G1 X312.301 Y101.777
G1 X312.154 Y101.631
G1 X312.008 Y101.484
G1 X311.569 Y101.045
G1 X311.422 Y100.899
G1 X311.276 Y100.752
G1 X310.837 Y100.313
G1 X310.837 Y100.167
G1 X310.544 Y99.874
G1 X310.398 Y99.727
G1 X310.251 Y99.581
G1 X310.105 Y99.435
G1 X310.251 Y99.581
G1 X310.398 Y99.727
G1 X310.544 Y99.874
G1 X310.837 Y100.167
G1 X310.837 Y100.313
G1 X311.276 Y100.752
G1 X311.422 Y100.899
G1 X311.569 Y101.045
G1 X312.008 Y101.484
G1 X312.154 Y101.631
G1 X312.301 Y101.777
G1 X312.740 Y102.216
G1 X312.886 Y102.363
G1 X312.886 Y102.509
G1 X313.033 Y102.655
G1 X313.179 Y102.802
G1 X313.326 Y102.948
G1 X313.472 Y103.095
G1 X313.618 Y103.241
G1 X313.765 Y103.387
G1 X313.911 Y103.534
G1 X313.911 Y103.680
G1 X314.643 Y104.412
G1 X314.643 Y104.559
G1 X314.790 Y104.705
G1 X314.936 Y104.851
G1 X315.082 Y104.998
G1 X315.229 Y105.144
G1 X315.229 Y105.291
G1 X315.668 Y105.730
G1 X315.668 Y105.876
G1 X315.961 Y106.169
G1 X316.107 Y106.316
G1 X316.254 Y106.462
G1 X316.400 Y106.608
G1 X316.400 Y106.755
G1 X316.547 Y106.901
G1 X316.693 Y107.048
G1 X316.839 Y107.194
G1 X316.839 Y107.340
G1 X317.571 Y108.072
G1 X317.571 Y108.219
G1 X317.718 Y108.365
G1 X317.864 Y108.512
G1 X318.011 Y108.658
G1 X318.011 Y108.804
G1 X318.157 Y108.951
G1 X318.303 Y109.097
G1 X318.303 Y109.244
G1 X318.450 Y109.390
G1 X318.596 Y109.536
G1 X318.596 Y109.683
G1 X318.743 Y109.829
G1 X318.889 Y109.976
G1 X319.035 Y110.122
G1 X319.182 Y110.268
G1 X319.182 Y110.415
G1 X319.328 Y110.561
G1 X319.328 Y110.708
G1 X319.475 Y110.854
G1 X319.621 Y111.000
G1 X319.767 Y111.147
G1 X319.767 Y111.293
G1 X319.914 Y111.440
G1 X319.914 Y111.732
G1 X320.060 Y111.879
G1 X320.060 Y112.318
G1 X320.207 Y112.464
G1 X320.060 Y112.318
G1 X320.060 Y112.464
G1 X320.207 Y112.464
G1 X320.060 Y112.464
G1 X319.914 Y112.611
G1 X319.767 Y112.611
G1 X319.621 Y112.757
G1 X319.328 Y112.757
G1 X319.182 Y112.904
G1 X318.743 Y112.904
G1 X318.596 Y113.050
G1 X317.864 Y113.050
G1 X317.718 Y113.197
G1 X317.132 Y113.197
G1 X316.986 Y113.343
G1 X316.693 Y113.343
G1 X316.547 Y113.489
G1 X316.400 Y113.489
G1 X316.254 Y113.636
G1 X316.107 Y113.636
G1 X315.961 Y113.782
G1 X315.815 Y113.929
G1 X315.668 Y114.075
G1 X315.522 Y114.221
G1 X314.643 Y114.221
G1 X314.497 Y114.075
G1 X312.594 Y114.075
G1 X312.447 Y113.929
G1 X311.862 Y113.929
G1 X311.715 Y113.782
G1 X311.422 Y113.782
G1 X311.276 Y113.636
G1 X311.130 Y113.636
G1 X310.983 Y113.489
G1 X310.690 Y113.489
G1 X310.398 Y113.197
G1 X310.251 Y113.197
G1 X310.105 Y113.050
G1 X309.958 Y113.050
G1 X309.812 Y112.904
G1 X309.666 Y112.757
G1 X309.519 Y112.757
G1 X308.934 Y112.172
G1 X308.787 Y112.172
G1 X308.641 Y112.025
G1 X308.494 Y111.879
G1 X308.348 Y111.732
G1 X308.201 Y111.732
G1 X307.909 Y111.440
G1 X307.762 Y111.440
G1 X307.616 Y111.293
G1 X307.469 Y111.147
G1 X307.323 Y111.000
G1 X307.177 Y110.854
G1 X307.030 Y110.708
G1 X306.884 Y110.708
G1 X306.591 Y110.415
G1 X306.445 Y110.268
G1 X306.298 Y110.268
G1 X306.152 Y110.122
G1 X306.005 Y110.122
G1 X305.859 Y109.976
G1 X305.713 Y109.829
G1 X305.566 Y109.683
G1 X305.420 Y109.683
G1 X304.981 Y109.244
G1 X304.834 Y109.244
G1 X304.688 Y109.097
G1 X304.541 Y108.951
G1 X304.395 Y108.951
G1 X304.249 Y108.804
G1 X304.102 Y108.658
G1 X303.956 Y108.512
G1 X303.809 Y108.512
G1 X303.663 Y108.365
G1 X303.517 Y108.219
G1 X303.370 Y108.219
G1 X303.224 Y108.072
G1 X303.077 Y107.926
G1 X302.931 Y107.780
G1 X302.785 Y107.633
G1 X302.638 Y107.633
G1 X302.199 Y107.194
G1 X302.053 Y107.194
G1 X301.906 Y107.048
G1 X301.760 Y106.901
G1 X301.613 Y106.755
G1 X301.467 Y106.755
G1 X301.321 Y106.608
G1 X301.174 Y106.462
G1 X300.881 Y106.169
G1 X300.735 Y106.169
G1 X300.588 Y106.023
G1 X300.442 Y105.876
G1 X300.296 Y105.730
G1 X300.149 Y105.730
G1 X299.710 Y105.291
G1 X299.564 Y105.291
G1 X298.978 Y104.705
G1 X298.832 Y104.705
G1 X298.685 Y104.559
G1 X298.539 Y104.412
G1 X298.392 Y104.266
G1 X298.246 Y104.119
G1 X298.100 Y104.119
G1 X297.953 Y103.973
G1 X297.660 Y103.680
G1 X297.514 Y103.680
G1 X297.075 Y103.241
G1 X296.928 Y103.241
G1 X296.782 Y103.095
G1 X296.636 Y102.948
G1 X296.489 Y102.802
G1 X296.343 Y102.655
G1 X296.343 Y102.509
G1 X296.196 Y102.363
G1 X296.196 Y102.216
G1 X296.050 Y102.070
G1 X295.904 Y101.923
G1 X295.757 Y101.777
G1 X295.464 Y101.484
G1 X295.464 Y101.338
G1 X295.318 Y101.338
G1 X295.464 Y101.338
G1 X295.464 Y101.191
G1 X295.318 Y101.191
G1 X295.172 Y101.338
G1 X295.172 Y101.191
G1 X295.172 Y101.338
G1 X294.586 Y101.338
G1 X294.440 Y101.484
G1 X293.854 Y101.484
G1 X293.708 Y101.631
G1 X293.268 Y101.631
G1 X293.122 Y101.777
G1 X292.975 Y101.777
G1 X292.829 Y101.923
G1 X292.390 Y101.923
G1 X292.243 Y102.070
G1 X291.951 Y102.070
G1 X291.804 Y102.216
G1 X291.511 Y102.216
G1 X291.365 Y102.363
G1 X291.219 Y102.363
G1 X291.072 Y102.509
G1 X290.487 Y102.509
G1 X291.072 Y102.509
G1 X291.219 Y102.363
G1 X291.365 Y102.363
G1 X291.511 Y102.216
G1 X291.804 Y102.216
G1 X291.951 Y102.070
G1 X292.243 Y102.070
G1 X292.390 Y101.923
G1 X292.829 Y101.923
G1 X292.975 Y101.777
G1 X293.122 Y101.777
G1 X293.268 Y101.631
G1 X293.708 Y101.631
G1 X293.854 Y101.484
G1 X294.440 Y101.484
G1 X294.586 Y101.338
G1 X295.172 Y101.338
G1 X295.318 Y101.191
G1 X295.172 Y101.191
G1 X295.464 Y101.191
G1 X295.464 Y100.899
G1 X295.611 Y100.752
G1 X295.611 Y100.606
G1 X295.757 Y100.459
G1 X295.904 Y100.313
G1 X296.050 Y100.167
G1 X296.196 Y100.020
G1 X296.343 Y99.874
G1 X296.489 Y99.727
G1 X296.636 Y99.727
G1 X296.782 Y99.581
G1 X296.928 Y99.581
G1 X297.075 Y99.435
G1 X297.221 Y99.288
G1 X297.368 Y99.288
G1 X297.514 Y99.142
G1 X297.660 Y98.995
G1 X297.807 Y98.995
G1 X297.953 Y98.849
G1 X298.100 Y98.703
G1 X298.246 Y98.556
G1 X298.392 Y98.410
G1 X298.539 Y98.410
G1 X298.685 Y98.263
G1 X298.832 Y98.117
G1 X298.978 Y98.117
G1 X299.271 Y97.824
G1 X299.417 Y97.824
G1 X299.564 Y97.678
G1 X299.710 Y97.531
G1 X300.003 Y97.238
G1 X300.149 Y97.238
G1 X300.296 Y97.092
G1 X300.442 Y96.946
G1 X300.588 Y96.946
G1 X300.881 Y96.653
G1 X301.028 Y96.653
G1 X301.028 Y96.799
G1 X300.881 Y96.799
G1 X302.053 Y96.799
G1 X302.199 Y96.653
G1 X302.492 Y96.653
G1 X302.638 Y96.506
G1 X303.077 Y96.506
G1 X303.224 Y96.360
G1 X303.663 Y96.360
G1 X303.809 Y96.214
G1 X303.956 Y96.214
G1 X304.102 Y96.067
G1 X304.249 Y96.067
G1 X304.395 Y95.921
G1 X304.541 Y95.921
G1 X304.688 Y95.774
G1 X304.834 Y95.774
G1 X304.981 Y95.628
G1 X305.127 Y95.482
G1 X305.273 Y95.335
G1 X305.420 Y95.335
G1 X305.713 Y95.042
G1 X305.859 Y95.042
G1 X306.005 Y94.896
G1 X306.152 Y94.750
G1 X306.298 Y94.750
G1 X306.445 Y94.603
G1 X306.591 Y94.603
G1 X306.884 Y94.310
G1 X307.030 Y94.310
G1 X307.177 Y94.164
G1 X307.323 Y94.018
G1 X307.469 Y94.018
G1 X307.762 Y93.725
G1 X308.055 Y93.725
G1 X308.202 Y93.578
G1 X308.641 Y93.578
G1 X308.787 Y93.432
G1 X309.080 Y93.432
G1 X309.226 Y93.286
G1 X309.373 Y93.286
G1 X309.226 Y93.286
G1 X309.226 Y93.139
G1 X309.373 Y93.139
G1 X309.519 Y93.286
G1 X309.666 Y93.432
G1 X309.958 Y93.432
G1 X310.105 Y93.578
G1 X310.690 Y93.578
G1 X310.837 Y93.725
G1 X310.983 Y93.725
G1 X311.130 Y93.871
G1 X311.715 Y93.871
G1 X311.862 Y94.018
G1 X312.301 Y94.018
G1 X312.447 Y94.164
G1 X312.740 Y94.164
G1 X313.326 Y93.578
G1 X313.618 Y93.578
G1 X313.765 Y93.432
G1 X313.911 Y93.286
G1 X314.058 Y93.286
G1 X314.204 Y93.139
G1 X314.350 Y93.139
G1 X314.497 Y92.993
G1 X314.643 Y92.846
G1 X314.790 Y92.846
G1 X314.936 Y92.700
G1 X315.082 Y92.700
G1 X315.229 Y92.554
G1 X315.375 Y92.554
G1 X315.668 Y92.261
G1 X315.815 Y92.261
G1 X315.961 Y92.114
G1 X316.107 Y92.114
G1 X316.254 Y91.968
G1 X316.400 Y91.822
G1 X316.693 Y91.822
G1 X316.839 Y91.675
G1 X316.986 Y91.529
G1 X317.132 Y91.382
G1 X317.279 Y91.382
G1 X317.425 Y91.236
G1 X317.571 Y91.236
G1 X317.718 Y91.090
G1 X317.864 Y90.943
G1 X318.011 Y90.797
G1 X318.157 Y90.797
G1 X318.303 Y90.650
G1 X318.450 Y90.504
G1 X318.889 Y90.065
G1 X319.035 Y89.918
G1 X319.182 Y89.772
G1 X319.328 Y89.625
G1 X319.475 Y89.479
G1 X319.621 Y89.333
G1 X319.767 Y89.186
G1 X319.914 Y89.040
G1 X320.060 Y89.040
G1 X319.914 Y89.040
G1 X319.914 Y87.283
G1 X319.767 Y87.283
G1 X319.621 Y87.137
G1 X319.475 Y87.137
G1 X319.328 Y86.990
G1 X319.035 Y86.990
G1 X318.889 Y86.844
G1 X318.596 Y86.844
G1 X318.450 Y86.697
G1 X318.157 Y86.697
G1 X318.011 Y86.551
G1 X317.864 Y86.405
G1 X317.718 Y86.258
G1 X317.571 Y86.258
G1 X317.425 Y86.112
G1 X317.279 Y85.965
G1 X317.132 Y85.819
G1 X316.986 Y85.819
G1 X316.839 Y85.673
G1 X316.693 Y85.526
G1 X316.547 Y85.526
G1 X316.400 Y85.380
G1 X316.254 Y85.233
G1 X316.107 Y85.087
G1 X315.961 Y85.087
G1 X315.375 Y84.501
G1 X315.229 Y84.501
G1 X315.082 Y84.355
G1 X314.936 Y84.209
G1 X314.790 Y84.062
G1 X314.643 Y84.062
G1 X314.204 Y83.623
G1 X314.058 Y83.623
G1 X313.911 Y83.477
G1 X313.765 Y83.330
G1 X313.618 Y83.184
G1 X313.472 Y83.184
G1 X313.326 Y83.037
G1 X313.179 Y82.891
G1 X312.886 Y82.598
G1 X312.740 Y82.598
G1 X312.154 Y82.012
G1 X312.008 Y82.012
G1 X311.862 Y81.866
G1 X311.715 Y81.720
G1 X311.569 Y81.573
G1 X311.422 Y81.573
G1 X311.276 Y81.427
G1 X311.130 Y81.280
G1 X310.983 Y81.134
G1 X310.690 Y81.134
G1 X310.544 Y80.988
G1 X310.105 Y80.988
G1 X309.958 Y80.841
G1 X309.958 Y80.695
G1 X309.812 Y80.548
G1 X309.812 Y80.402
G1 X309.519 Y80.109
G1 X309.519 Y79.963
G1 X309.373 Y79.816
G1 X309.226 Y79.670
G1 X309.080 Y79.524
G1 X308.934 Y79.377
G1 X308.787 Y79.231
G1 X308.641 Y79.084
G1 X308.494 Y78.938
G1 X308.201 Y78.645
G1 X308.055 Y78.645
G1 X307.909 Y78.499
G1 X307.762 Y78.499
G1 X307.616 Y78.352
G1 X307.469 Y78.206
G1 X307.323 Y78.060
G1 X307.177 Y77.913
G1 X307.030 Y77.767
G1 X306.884 Y77.620
G1 X306.737 Y77.474
G1 X306.591 Y77.328
G1 X306.298 Y77.328
G1 X306.152 Y77.181
G1 X306.005 Y77.035
G1 X305.859 Y76.888
G1 X305.713 Y76.888
G1 X305.566 Y76.742
G1 X305.273 Y76.449
G1 X305.127 Y76.449
G1 X304.688 Y76.010
G1 X304.541 Y76.010
G1 X304.395 Y75.864
G1 X304.249 Y75.864
G1 X303.956 Y75.571
G1 X303.809 Y75.571
G1 X303.663 Y75.424
G1 X303.517 Y75.278
G1 X303.370 Y75.132
G1 X303.224 Y75.132
G1 X303.077 Y74.985
G1 X302.931 Y74.985
G1 X302.492 Y74.546
G1 X302.053 Y74.546
G1 X301.906 Y74.399
G1 X301.467 Y74.399
G1 X301.321 Y74.253
G1 X300.735 Y74.253
G1 X300.588 Y74.107
G1 X300.296 Y74.107
G1 X300.588 Y74.107
G1 X300.735 Y74.253
G1 X301.321 Y74.253
G1 X301.467 Y74.399
G1 X301.906 Y74.399
G1 X302.053 Y74.546
G1 X302.492 Y74.546
G1 X302.931 Y74.985
G1 X303.077 Y74.985
G1 X303.224 Y75.132
G1 X303.370 Y75.132
G1 X303.517 Y75.278
G1 X303.663 Y75.424
G1 X303.809 Y75.571
G1 X303.956 Y75.571
G1 X304.249 Y75.864
G1 X304.395 Y75.864
G1 X304.541 Y76.010
G1 X304.688 Y76.010
G1 X305.127 Y76.449
G1 X305.273 Y76.449
G1 X305.566 Y76.742
G1 X305.713 Y76.888
G1 X305.859 Y76.888
G1 X306.005 Y77.035
G1 X306.152 Y77.181
G1 X306.298 Y77.328
G1 X306.591 Y77.328
G1 X306.737 Y77.474
G1 X306.884 Y77.620
G1 X307.030 Y77.767
G1 X307.177 Y77.913
G1 X307.323 Y78.060
G1 X307.469 Y78.206
G1 X307.616 Y78.352
G1 X307.762 Y78.499
G1 X307.909 Y78.499
G1 X308.055 Y78.645
G1 X308.201 Y78.645
G1 X308.494 Y78.938
G1 X308.641 Y79.084
G1 X308.787 Y79.231
G1 X308.934 Y79.377
G1 X309.080 Y79.524
G1 X309.226 Y79.670
G1 X309.373 Y79.816
G1 X309.519 Y79.963
G1 X309.519 Y80.109
G1 X309.812 Y80.402
G1 X309.812 Y80.548
G1 X309.958 Y80.695
G1 X309.958 Y80.841
G1 X310.105 Y80.988
G1 X309.958 Y80.988
G1 X310.544 Y80.988
G1 X310.690 Y81.134
G1 X310.983 Y81.134
G1 X311.130 Y81.280
G1 X311.276 Y81.427
G1 X311.422 Y81.573
G1 X311.569 Y81.573
G1 X311.715 Y81.720
G1 X311.862 Y81.866
G1 X312.008 Y82.012
G1 X312.154 Y82.012
G1 X312.740 Y82.598
G1 X312.886 Y82.598
G1 X313.179 Y82.891
G1 X313.326 Y83.037
G1 X313.472 Y83.184
G1 X313.618 Y83.184
G1 X313.765 Y83.330
G1 X313.911 Y83.477
G1 X314.058 Y83.623
G1 X314.204 Y83.623
G1 X314.643 Y84.062
G1 X314.790 Y84.062
G1 X314.936 Y84.209
G1 X315.082 Y84.355
G1 X315.229 Y84.501
G1 X315.375 Y84.501
G1 X315.961 Y85.087
G1 X316.107 Y85.087
G1 X316.254 Y85.233
G1 X316.400 Y85.380
G1 X316.547 Y85.526
G1 X316.693 Y85.526
G1 X316.839 Y85.673
G1 X316.986 Y85.819
G1 X317.132 Y85.819
G1 X317.279 Y85.965
G1 X317.425 Y86.112
G1 X317.571 Y86.258
G1 X317.718 Y86.258
G1 X317.864 Y86.405
G1 X318.011 Y86.551
G1 X318.157 Y86.697
G1 X318.450 Y86.697
G1 X318.596 Y86.844
G1 X318.889 Y86.844
G1 X319.035 Y86.990
G1 X319.328 Y86.990
G1 X319.475 Y87.137
G1 X319.621 Y87.137
G1 X319.767 Y87.283
G1 X320.060 Y87.283
G1 X320.207 Y87.137
G1 X320.353 Y86.990
G1 X320.646 Y86.697
G1 X320.646 Y86.405
G1 X320.792 Y86.258
G1 X320.792 Y86.112
G1 X320.939 Y85.965
G1 X320.939 Y85.673
G1 X321.085 Y85.526
G1 X321.085 Y84.941
G1 X321.231 Y84.794
G1 X321.231 Y84.209
G1 X321.085 Y84.062
G1 X321.085 Y83.184
G1 X320.939 Y83.037
G1 X320.939 Y82.745
G1 X320.792 Y82.598
G1 X320.792 Y82.305
G1 X320.646 Y82.159
G1 X320.646 Y81.720
G1 X320.499 Y81.573
G1 X320.499 Y81.427
G1 X320.353 Y81.280
G1 X320.353 Y80.841
G1 X320.499 Y80.695
G1 X320.499 Y80.256
G1 X320.646 Y80.109
G1 X320.646 Y78.792
G1 X320.792 Y78.645
G1 X320.792 Y77.767
G1 X320.939 Y77.620
G1 X320.939 Y75.132
G1 X320.792 Y74.985
G1 X320.792 Y74.253
G1 X320.646 Y74.107
G1 X320.353 Y74.107
G1 X320.207 Y73.960
G1 X320.060 Y73.960
G1 X319.914 Y73.814
G1 X319.621 Y73.814
G1 X319.475 Y73.667
G1 X319.182 Y73.667
G1 X319.035 Y73.521
G1 X318.889 Y73.375
G1 X318.596 Y73.375
G1 X318.450 Y73.228
G1 X318.303 Y73.228
G1 X318.157 Y73.082
G1 X318.011 Y73.082
G1 X317.864 Y72.935
G1 X317.718 Y72.935
G1 X317.571 Y72.789
G1 X316.986 Y72.789
G1 X316.839 Y72.643
G1 X316.693 Y72.643
G1 X316.547 Y72.496
G1 X315.815 Y72.496
G1 X315.668 Y72.350
G1 X314.643 Y72.350
G1 X314.497 Y72.496
G1 X314.204 Y72.496
G1 X314.058 Y72.643
G1 X313.911 Y72.789
G1 X313.472 Y73.228
G1 X313.326 Y73.375
G1 X313.179 Y73.521
G1 X313.033 Y73.667
G1 X313.033 Y74.107
G1 X312.886 Y74.253
G1 X312.886 Y75.278
G1 X313.033 Y75.424
G1 X313.033 Y76.156
G1 X313.179 Y76.303
G1 X313.326 Y76.449
G1 X313.326 Y76.596
G1 X313.472 Y76.742
G1 X313.472 Y76.888
G1 X313.618 Y77.035
G1 X313.618 Y77.181
G1 X313.911 Y77.474
G1 X314.058 Y77.620
G1 X314.204 Y77.767
G1 X314.643 Y78.206
G1 X314.790 Y78.352
G1 X314.936 Y78.499
G1 X315.229 Y78.792
G1 X315.375 Y78.792
G1 X315.522 Y78.938
G1 X315.668 Y79.084
G1 X315.815 Y79.084
G1 X315.961 Y79.231
G1 X316.107 Y79.377
G1 X316.254 Y79.377
G1 X316.400 Y79.524
G1 X316.547 Y79.524
G1 X316.839 Y79.816
G1 X316.986 Y79.816
G1 X317.132 Y79.963
G1 X317.279 Y79.963
G1 X317.425 Y80.109
G1 X317.571 Y80.109
G1 X317.718 Y80.256
G1 X318.157 Y80.256
G1 X318.303 Y80.402
G1 X318.743 Y80.402
G1 X318.889 Y80.548
G1 X319.328 Y80.548
G1 X319.475 Y80.695
G1 X319.914 Y80.695
G1 X320.060 Y80.841
G1 X320.207 Y80.841
G1 X320.060 Y80.841
G1 X319.914 Y80.695
G1 X319.475 Y80.695
G1 X319.328 Y80.548
G1 X318.889 Y80.548
G1 X318.743 Y80.402
G1 X318.303 Y80.402
G1 X318.157 Y80.256
G1 X317.718 Y80.256
G1 X317.571 Y80.109
G1 X317.425 Y80.109
G1 X317.279 Y79.963
G1 X317.132 Y79.963
G1 X316.986 Y79.816
G1 X316.839 Y79.816
G1 X316.547 Y79.524
G1 X316.400 Y79.524
G1 X316.254 Y79.377
G1 X316.107 Y79.377
G1 X315.961 Y79.231
G1 X315.815 Y79.084
G1 X315.668 Y79.084
G1 X315.522 Y78.938
G1 X315.375 Y78.792
G1 X315.229 Y78.792
G1 X314.936 Y78.499
G1 X314.790 Y78.352
G1 X314.643 Y78.206
G1 X314.204 Y77.767
G1 X314.058 Y77.620
G1 X313.911 Y77.474
G1 X313.618 Y77.181
G1 X313.618 Y77.035
G1 X313.472 Y76.888
G1 X313.472 Y76.742
G1 X313.326 Y76.596
G1 X313.326 Y76.449
G1 X313.179 Y76.303
G1 X313.033 Y76.156
G1 X313.033 Y75.424
G1 X312.886 Y75.278
G1 X312.886 Y74.253
G1 X313.033 Y74.107
G1 X313.033 Y73.667
G1 X313.179 Y73.521
G1 X313.326 Y73.375
G1 X313.472 Y73.228
G1 X313.911 Y72.789
G1 X314.058 Y72.643
G1 X314.204 Y72.496
G1 X314.497 Y72.496
G1 X314.643 Y72.350
G1 X315.668 Y72.350
G1 X315.815 Y72.496
G1 X316.547 Y72.496
G1 X316.693 Y72.643
G1 X316.839 Y72.643
G1 X316.986 Y72.789
G1 X317.571 Y72.789
G1 X317.718 Y72.935
G1 X317.864 Y72.935
G1 X318.011 Y73.082
G1 X318.157 Y73.082
G1 X318.303 Y73.228
G1 X318.450 Y73.228
G1 X318.596 Y73.375
G1 X318.889 Y73.375
G1 X319.035 Y73.521
G1 X319.182 Y73.667
G1 X319.475 Y73.667
G1 X319.621 Y73.814
G1 X319.914 Y73.814
G1 X320.060 Y73.960
G1 X320.207 Y73.960
G1 X320.353 Y74.107
G1 X320.646 Y74.107
G1 X320.792 Y74.253
G1 X320.939 Y74.107
G1 X321.085 Y73.960
G1 X321.085 Y73.082
G1 X321.231 Y72.935
G1 X321.231 Y72.789
G1 X321.378 Y72.643
G1 X321.378 Y72.350
G1 X321.524 Y72.203
G1 X321.524 Y71.911
G1 X321.671 Y71.764
G1 X321.671 Y71.618
G1 X321.817 Y71.471
G1 X321.817 Y71.032
G1 X321.963 Y70.886
G1 X321.963 Y70.593
G1 X322.110 Y70.447
G1 X322.110 Y70.300
G1 X322.256 Y70.154
G1 X322.256 Y69.715
G1 X322.403 Y69.568
G1 X322.403 Y69.422
G1 X322.549 Y69.275
G1 X322.549 Y69.129
G1 X322.695 Y68.983
G1 X322.695 Y68.543
G1 X322.842 Y68.397
G1 X322.842 Y68.104
G1 X322.988 Y67.958
G1 X322.988 Y67.665
G1 X323.135 Y67.519
G1 X323.135 Y67.226
G1 X323.281 Y67.079
G1 X323.428 Y66.933
G1 X323.428 Y66.786
G1 X323.574 Y66.640
G1 X323.574 Y66.347
G1 X323.720 Y66.201
G1 X323.720 Y65.908
G1 X323.867 Y65.762
G1 X323.867 Y65.469
G1 X324.013 Y65.322
G1 X324.013 Y65.030
G1 X324.160 Y64.883
G1 X324.160 Y64.590
G1 X324.306 Y64.444
G1 X324.306 Y64.151
G1 X324.452 Y64.005
G1 X324.452 Y63.712
G1 X324.599 Y63.566
G1 X324.599 Y63.273
G1 X324.745 Y63.126
G1 X324.745 Y62.980
G1 X324.892 Y62.834
G1 X324.892 Y62.687
G1 X325.038 Y62.541
G1 X325.038 Y62.248
G1 X325.184 Y62.102
G1 X325.184 Y61.809
G1 X325.331 Y61.662
G1 X325.331 Y61.370
G1 X325.477 Y61.223
G1 X325.477 Y60.638
G1 X325.624 Y60.491
G1 X325.624 Y59.906
G1 X325.770 Y59.759
G1 X325.770 Y58.441
G1 X325.916 Y58.295
G1 X325.916 Y58.002
G1 X326.063 Y57.856
G1 X326.063 Y57.563
G1 X326.209 Y57.417
G1 X326.209 Y57.124
G1 X326.356 Y56.977
G1 X326.356 Y56.392
G1 X326.502 Y56.245
G1 X326.502 Y56.099
G1 X326.648 Y55.953
G1 X326.648 Y55.660
G1 X326.502 Y55.513
G1 X326.356 Y55.367
G1 X326.209 Y55.221
G1 X326.209 Y55.074
G1 X326.063 Y54.928
G1 X326.063 Y53.610
G1 X325.916 Y53.464
G1 X325.916 Y53.025
G1 X325.770 Y52.878
G1 X325.770 Y52.732
G1 X325.624 Y52.585
G1 X325.624 Y52.146
G1 X325.477 Y52.000
G1 X325.477 Y51.853
G1 X325.331 Y51.707
G1 X325.331 Y51.560
G1 X325.184 Y51.414
G1 X325.184 Y51.268
G1 X325.038 Y51.121
G1 X324.745 Y50.828
G1 X324.599 Y50.828
G1 X324.452 Y50.682
G1 X323.428 Y50.682
G1 X323.281 Y50.828
G1 X322.988 Y50.828
G1 X322.842 Y50.975
G1 X322.695 Y51.121
G1 X322.549 Y51.121
G1 X322.403 Y51.268
G1 X322.256 Y51.414
G1 X321.817 Y51.853
G1 X321.671 Y52.000
G1 X321.524 Y52.146
G1 X321.378 Y52.293
G1 X321.231 Y52.439
G1 X321.085 Y52.585
G1 X321.085 Y52.732
G1 X320.939 Y52.878
G1 X320.939 Y53.025
G1 X320.792 Y53.171
G1 X320.499 Y53.464
G1 X320.499 Y53.610
G1 X320.353 Y53.757
G1 X320.207 Y53.903
G1 X320.060 Y54.049
G1 X319.914 Y54.196
G1 X319.767 Y54.196
G1 X319.621 Y54.342
G1 X319.328 Y54.342
G1 X319.621 Y54.342
G1 X319.767 Y54.196
G1 X319.914 Y54.196
G1 X320.060 Y54.049
G1 X320.207 Y53.903
G1 X320.353 Y53.757
G1 X320.499 Y53.610
G1 X320.499 Y53.464
G1 X320.792 Y53.171
G1 X320.939 Y53.025
G1 X320.939 Y52.878
G1 X321.085 Y52.732
G1 X321.085 Y52.585
G1 X321.231 Y52.439
G1 X321.378 Y52.293
G1 X321.524 Y52.146
G1 X321.671 Y52.000
G1 X321.817 Y51.853
G1 X322.256 Y51.414
G1 X322.403 Y51.268
G1 X322.549 Y51.121
G1 X322.695 Y51.121
G1 X322.842 Y50.975
G1 X322.988 Y50.828
G1 X323.281 Y50.828
G1 X323.428 Y50.682
G1 X324.452 Y50.682
G1 X324.599 Y50.828
G1 X324.745 Y50.828
G1 X325.038 Y51.121
G1 X325.184 Y51.268
G1 X325.184 Y51.414
G1 X325.331 Y51.560
G1 X325.331 Y51.707
G1 X325.477 Y51.853
G1 X325.477 Y52.000
G1 X325.624 Y52.146
G1 X325.624 Y52.585
G1 X325.770 Y52.732
G1 X325.770 Y52.878
G1 X325.916 Y53.025
G1 X325.916 Y53.464
G1 X326.063 Y53.610
G1 X326.063 Y54.928
G1 X326.209 Y55.074
G1 X326.209 Y55.221
G1 X326.356 Y55.367
G1 X326.502 Y55.513
G1 X326.648 Y55.660
G1 X326.941 Y55.660
G1 X327.088 Y55.513
G1 X327.234 Y55.513
G1 X327.380 Y55.367
G1 X327.673 Y55.367
G1 X327.820 Y55.221
G1 X327.966 Y55.221
G1 X328.112 Y55.074
G1 X328.259 Y55.074
G1 X328.991 Y54.342
G1 X328.991 Y54.196
G1 X329.137 Y54.049
G1 X329.284 Y53.903
G1 X329.284 Y53.757
G1 X329.430 Y53.610
G1 X329.723 Y53.317
G1 X329.723 Y53.171
G1 X330.016 Y52.878
G1 X330.016 Y52.732
G1 X330.162 Y52.585
G1 X330.162 Y52.439
G1 X330.455 Y52.146
G1 X330.455 Y52.000
G1 X330.601 Y51.853
G1 X330.748 Y51.707
G1 X330.748 Y51.560
G1 X330.894 Y51.414
G1 X331.041 Y51.268
G1 X331.041 Y51.121
G1 X331.187 Y50.975
G1 X331.333 Y50.828
G1 X331.333 Y50.682
G1 X331.480 Y50.536
G1 X331.626 Y50.389
G1 X331.626 Y50.243
G1 X331.773 Y50.096
G1 X331.773 Y49.950
G1 X331.919 Y49.804
G1 X331.919 Y49.657
G1 X332.065 Y49.511
G1 X332.065 Y49.364
G1 X332.212 Y49.218
G1 X332.212 Y49.072
G1 X332.358 Y48.925
G1 X332.358 Y48.779
G1 X332.505 Y48.632
G1 X332.505 Y48.047
G1 X332.651 Y47.900
G1 X332.651 Y47.022
G1 X332.797 Y46.876
G1 X332.797 Y46.436
G1 X329.576 Y46.436
G1 X329.430 Y46.290
G1 X329.137 Y46.290
G1 X328.991 Y46.144
G1 X328.698 Y46.144
G1 X328.552 Y45.997
G1 X328.405 Y45.997
G1 X328.112 Y45.704
G1 X327.966 Y45.704
G1 X327.820 Y45.558
G1 X327.673 Y45.412
G1 X327.527 Y45.265
G1 X327.527 Y45.119
G1 X327.380 Y44.972
G1 X327.380 Y43.655
G1 X327.527 Y43.508
G1 X327.527 Y43.215
G1 X327.673 Y43.069
G1 X327.673 Y42.630
G1 X327.820 Y42.483
G1 X327.820 Y42.337
G1 X327.966 Y42.191
G1 X328.112 Y42.044
G1 X328.112 Y41.898
G1 X328.259 Y41.751
G1 X328.259 Y41.605
G1 X328.405 Y41.459
G1 X328.405 Y41.312
G1 X328.552 Y41.166
G1 X328.552 Y41.019
G1 X328.844 Y40.727
G1 X328.844 Y40.580
G1 X328.991 Y40.434
G1 X329.137 Y40.287
G1 X329.137 Y40.141
G1 X329.284 Y39.995
G1 X329.284 Y39.848
G1 X329.430 Y39.702
G1 X329.576 Y39.555
G1 X329.723 Y39.409
G1 X329.723 Y39.263
G1 X329.869 Y39.116
G1 X329.869 Y38.970
G1 X330.016 Y38.823
G1 X330.016 Y38.677
G1 X330.162 Y38.531
G1 X330.162 Y38.384
G1 X330.455 Y38.091
G1 X330.455 Y37.945
G1 X330.601 Y37.799
G1 X330.601 Y37.652
G1 X330.748 Y37.506
G1 X330.894 Y37.359
G1 X331.041 Y37.359
G1 X331.187 Y37.213
G1 X331.333 Y37.213
G1 X331.187 Y37.213
G1 X331.041 Y37.359
G1 X330.894 Y37.359
G1 X330.748 Y37.506
G1 X330.601 Y37.652
G1 X330.601 Y37.799
G1 X330.455 Y37.945
G1 X330.455 Y38.091
G1 X330.162 Y38.384
G1 X330.162 Y38.531
G1 X330.016 Y38.677
G1 X330.016 Y38.823
G1 X329.869 Y38.970
G1 X329.869 Y39.116
G1 X329.723 Y39.263
G1 X329.723 Y39.409
G1 X329.576 Y39.555
G1 X329.430 Y39.702
G1 X329.284 Y39.848
G1 X329.284 Y39.995
G1 X329.137 Y40.141
G1 X329.137 Y40.287
G1 X328.991 Y40.434
G1 X328.844 Y40.580
G1 X328.844 Y40.727
G1 X328.552 Y41.019
G1 X328.552 Y41.166
G1 X328.405 Y41.312
G1 X328.405 Y41.459
G1 X328.259 Y41.605
G1 X328.259 Y41.751
G1 X328.112 Y41.898
G1 X328.112 Y42.044
G1 X327.966 Y42.191
G1 X327.820 Y42.337
G1 X327.820 Y42.483
G1 X327.673 Y42.630
G1 X327.673 Y43.069
G1 X327.527 Y43.215
G1 X327.527 Y43.508
G1 X327.380 Y43.655
G1 X327.380 Y44.972
G1 X327.527 Y45.119
G1 X327.527 Y45.265
G1 X327.673 Y45.412
G1 X327.820 Y45.558
G1 X327.966 Y45.704
G1 X328.112 Y45.704
G1 X328.405 Y45.997
G1 X328.552 Y45.997
G1 X328.698 Y46.144
G1 X328.991 Y46.144
G1 X329.137 Y46.290
G1 X329.430 Y46.290
G1 X329.576 Y46.436
G1 X332.944 Y46.436
G1 X332.944 Y46.144
G1 X333.090 Y45.997
G1 X333.090 Y45.851
G1 X333.237 Y45.704
G1 X333.237 Y45.265
G1 X333.383 Y45.119
G1 X333.383 Y44.533
G1 X333.529 Y44.387
G1 X333.529 Y41.019
G1 X333.383 Y40.873
G1 X333.383 Y40.287
G1 X333.237 Y40.141
G1 X333.237 Y39.555
G1 X333.090 Y39.409
G1 X333.090 Y38.970
G1 X332.944 Y38.823
G1 X332.944 Y38.677
G1 X332.797 Y38.531
G1 X332.797 Y38.384
G1 X332.651 Y38.238
G1 X332.651 Y38.091
G1 X332.505 Y37.945
G1 X332.505 Y37.799
G1 X332.212 Y37.506
G1 X332.065 Y37.506
G1 X331.919 Y37.359
G1 X331.773 Y37.359
G1 X331.626 Y37.213
G1 X331.480 Y37.213
G1 X331.333 Y37.067
G1 X331.333 Y37.213
G1 X331.480 Y37.213
G1 X331.333 Y37.213
G1 X331.333 Y36.481
G1 X331.187 Y36.334
G1 X331.187 Y35.895
G1 X331.041 Y35.749
G1 X331.041 Y35.017
G1 X330.748 Y34.724
G1 X330.601 Y34.578
G1 X330.455 Y34.578
G1 X330.308 Y34.431
G1 X330.016 Y34.431
G1 X329.869 Y34.285
G1 X329.723 Y34.285
G1 X329.576 Y34.138
G1 X329.284 Y34.138
G1 X328.552 Y34.870
G1 X328.552 Y35.163
G1 X328.259 Y35.456
G1 X328.259 Y35.602
G1 X327.966 Y35.895
G1 X327.966 Y36.042
G1 X327.820 Y36.188
G1 X327.673 Y36.334
G1 X327.673 Y36.481
G1 X327.380 Y36.774
G1 X327.380 Y36.920
G1 X327.234 Y37.066
G1 X327.088 Y37.213
G1 X326.941 Y37.359
G1 X326.941 Y37.506
G1 X326.648 Y37.799
G1 X326.648 Y37.945
G1 X326.502 Y38.091
G1 X326.356 Y38.238
G1 X326.209 Y38.384
G1 X326.209 Y38.531
G1 X326.063 Y38.677
G1 X325.916 Y38.823
G1 X325.770 Y38.970
G1 X325.770 Y39.116
G1 X325.624 Y39.263
G1 X325.477 Y39.409
G1 X325.184 Y39.702
G1 X325.184 Y39.848
G1 X325.038 Y39.995
G1 X324.892 Y40.141
G1 X324.892 Y40.287
G1 X324.599 Y40.580
G1 X324.599 Y40.727
G1 X324.452 Y40.873
G1 X324.306 Y41.019
G1 X324.160 Y41.166
G1 X324.160 Y41.312
G1 X323.867 Y41.605
G1 X323.720 Y41.751
G1 X323.720 Y41.898
G1 X323.574 Y42.044
G1 X323.428 Y42.191
G1 X323.428 Y42.337
G1 X323.281 Y42.483
G1 X323.281 Y42.630
G1 X322.842 Y43.069
G1 X322.695 Y43.215
G1 X322.695 Y43.362
G1 X322.549 Y43.508
G1 X322.403 Y43.655
G1 X322.256 Y43.801
G1 X322.256 Y43.947
G1 X322.110 Y44.094
G1 X321.963 Y44.240
G1 X321.817 Y44.387
G1 X321.817 Y44.533
G1 X321.671 Y44.680
G1 X321.524 Y44.826
G1 X321.231 Y45.119
G1 X321.231 Y45.265
G1 X321.085 Y45.412
G1 X320.939 Y45.558
G1 X320.792 Y45.704
G1 X320.646 Y45.851
G1 X320.499 Y45.997
G1 X320.353 Y45.997
G1 X320.207 Y46.144
G1 X319.914 Y46.144
G1 X319.767 Y46.290
G1 X319.475 Y46.290
G1 X319.328 Y46.436
G1 X319.035 Y46.436
G1 X319.035 Y46.583
G1 X318.889 Y46.729
G1 X318.743 Y46.876
G1 X318.596 Y47.022
G1 X318.450 Y47.022
G1 X318.303 Y47.168
G1 X316.839 Y47.168
G1 X316.693 Y47.022
G1 X316.254 Y47.022
G1 X316.107 Y46.876
G1 X315.961 Y46.729
G1 X315.668 Y46.729
G1 X315.229 Y46.290
G1 X315.082 Y46.144
G1 X314.936 Y45.997
G1 X314.936 Y45.704
G1 X314.790 Y45.558
G1 X314.790 Y44.533
G1 X314.936 Y44.387
G1 X314.936 Y44.094
G1 X315.082 Y43.947
G1 X315.229 Y43.801
G1 X316.107 Y42.923
G1 X316.400 Y42.923
G1 X316.547 Y42.776
G1 X317.279 Y42.776
G1 X316.547 Y42.776
G1 X316.400 Y42.923
G1 X316.107 Y42.923
G1 X315.229 Y43.801
G1 X315.082 Y43.947
G1 X314.936 Y44.094
G1 X314.936 Y44.387
G1 X314.790 Y44.533
G1 X314.790 Y45.558
G1 X314.936 Y45.704
G1 X314.936 Y45.997
G1 X315.082 Y46.144
G1 X315.229 Y46.290
G1 X315.668 Y46.729
G1 X315.961 Y46.729
G1 X316.107 Y46.876
G1 X316.254 Y47.022
G1 X316.693 Y47.022
G1 X316.839 Y47.168
G1 X318.303 Y47.168
G1 X318.450 Y47.022
G1 X318.596 Y47.022
G1 X318.743 Y46.876
G1 X318.889 Y46.729
G1 X319.035 Y46.583
G1 X319.035 Y46.290
G1 X318.889 Y46.144
G1 X318.743 Y45.997
G1 X318.596 Y45.851
G1 X318.596 Y44.240
G1 X318.450 Y44.094
G1 X318.450 Y43.801
G1 X318.303 Y43.655
G1 X318.303 Y43.508
G1 X318.157 Y43.362
G1 X318.157 Y43.215
G1 X318.011 Y43.069
G1 X317.864 Y42.923
G1 X317.718 Y42.776
G1 X317.279 Y42.776
G1 X317.279 Y42.630
G1 X317.279 Y42.776
G1 X317.718 Y42.776
G1 X317.864 Y42.923
G1 X318.011 Y43.069
G1 X318.157 Y43.215
G1 X318.157 Y43.362
G1 X318.303 Y43.508
G1 X318.303 Y43.655
G1 X318.450 Y43.801
G1 X318.450 Y44.094
G1 X318.596 Y44.240
G1 X318.596 Y45.851
G1 X318.743 Y45.997
G1 X318.889 Y46.144
G1 X319.035 Y46.290
G1 X319.035 Y46.436
G1 X319.328 Y46.436
G1 X319.475 Y46.290
G1 X319.767 Y46.290
G1 X319.914 Y46.144
G1 X320.207 Y46.144
G1 X320.353 Y45.997
G1 X320.499 Y45.997
G1 X320.646 Y45.851
G1 X320.792 Y45.704
G1 X320.939 Y45.558
G1 X321.085 Y45.412
G1 X321.231 Y45.265
G1 X321.231 Y45.119
G1 X321.524 Y44.826
G1 X321.671 Y44.680
G1 X321.817 Y44.533
G1 X321.817 Y44.387
G1 X321.963 Y44.240
G1 X322.110 Y44.094
G1 X322.256 Y43.947
G1 X322.256 Y43.801
G1 X322.403 Y43.655
G1 X322.549 Y43.508
G1 X322.695 Y43.362
G1 X322.695 Y43.215
G1 X322.842 Y43.069
G1 X323.281 Y42.630
G1 X323.281 Y42.483
G1 X323.428 Y42.337
G1 X323.428 Y42.191
G1 X323.574 Y42.044
G1 X323.720 Y41.898
G1 X323.720 Y41.751
G1 X323.867 Y41.605
G1 X324.160 Y41.312
G1 X324.160 Y41.166
G1 X324.306 Y41.019
G1 X324.452 Y40.873
G1 X324.599 Y40.727
G1 X324.599 Y40.580
G1 X324.892 Y40.287
G1 X324.892 Y40.141
G1 X325.038 Y39.995
G1 X325.184 Y39.848
G1 X325.184 Y39.702
G1 X325.477 Y39.409
G1 X325.624 Y39.263
G1 X325.770 Y39.116
G1 X325.770 Y38.970
G1 X325.916 Y38.823
G1 X326.063 Y38.677
G1 X326.209 Y38.531
G1 X326.209 Y38.384
G1 X326.356 Y38.238
G1 X326.502 Y38.091
G1 X326.648 Y37.945
G1 X326.648 Y37.799
G1 X326.941 Y37.506
G1 X326.941 Y37.359
G1 X327.088 Y37.213
G1 X327.234 Y37.066
G1 X327.380 Y36.920
G1 X327.380 Y36.774
G1 X327.673 Y36.481
G1 X327.673 Y36.334
G1 X327.820 Y36.188
G1 X327.966 Y36.042
G1 X327.966 Y35.895
G1 X328.259 Y35.602
G1 X328.259 Y35.456
G1 X328.552 Y35.163
G1 X328.552 Y34.870
G1 X329.284 Y34.138
G1 X329.284 Y33.846
G1 X329.137 Y33.699
G1 X329.137 Y33.406
G1 X328.991 Y33.260
G1 X328.991 Y32.821
G1 X328.844 Y32.674
G1 X328.844 Y32.382
G1 X328.698 Y32.235
G1 X328.698 Y32.089
G1 X328.552 Y31.942
G1 X328.552 Y31.796
G1 X328.405 Y31.650
G1 X328.405 Y31.503
G1 X328.259 Y31.357
G1 X328.259 Y31.210
G1 X328.112 Y31.064
G1 X327.966 Y30.918
G1 X327.820 Y30.771
G1 X327.673 Y30.625
G1 X327.527 Y30.478
G1 X327.380 Y30.332
G1 X327.234 Y30.186
G1 X327.088 Y30.039
G1 X326.941 Y29.893
G1 X326.795 Y29.746
G1 X326.648 Y29.600
G1 X326.502 Y29.453
G1 X326.356 Y29.307
G1 X326.209 Y29.307
G1 X325.916 Y29.014
G1 X325.770 Y29.014
G1 X325.624 Y28.868
G1 X325.477 Y28.868
G1 X325.331 Y28.721
G1 X325.184 Y28.721
G1 X325.038 Y28.575
G1 X324.745 Y28.575
G1 X324.599 Y28.429
G1 X324.452 Y28.429
G1 X324.306 Y28.282
G1 X323.720 Y28.282
G1 X323.574 Y28.136
G1 X322.695 Y28.136
G1 X322.549 Y27.989
G1 X321.671 Y27.989
G1 X321.378 Y28.282
G1 X321.085 Y28.282
G1 X321.085 Y29.014
G1 X320.939 Y29.161
G1 X320.792 Y29.307
G1 X320.499 Y29.600
G1 X320.207 Y29.600
G1 X320.060 Y29.746
G1 X319.914 Y29.746
G1 X319.621 Y30.039
G1 X319.475 Y30.186
G1 X319.328 Y30.332
G1 X319.182 Y30.478
G1 X319.182 Y30.625
G1 X319.035 Y30.771
G1 X319.035 Y30.918
G1 X318.889 Y31.064
G1 X318.889 Y31.210
G1 X318.743 Y31.357
G1 X318.743 Y31.503
G1 X318.596 Y31.650
G1 X318.596 Y31.796
G1 X318.450 Y31.942
G1 X318.450 Y32.089
G1 X318.303 Y32.235
G1 X318.303 Y32.382
G1 X318.157 Y32.528
G1 X318.157 Y32.674
G1 X318.011 Y32.821
G1 X318.011 Y32.967
G1 X317.864 Y33.114
G1 X317.864 Y33.406
G1 X317.718 Y33.553
G1 X317.718 Y33.992
G1 X317.571 Y34.138
G1 X317.571 Y34.578
G1 X317.425 Y34.724
G1 X317.425 Y35.310
G1 X317.279 Y35.456
G1 X317.279 Y37.799
G1 X317.571 Y38.091
G1 X318.450 Y38.091
G1 X318.596 Y37.945
G1 X318.889 Y37.945
G1 X319.035 Y37.799
G1 X319.328 Y37.799
G1 X319.621 Y37.506
G1 X319.767 Y37.359
G1 X319.767 Y37.213
G1 X320.060 Y36.920
G1 X320.060 Y36.774
G1 X320.207 Y36.627
G1 X320.207 Y36.481
G1 X320.353 Y36.334
G1 X320.353 Y36.188
G1 X320.499 Y36.042
G1 X320.499 Y35.895
G1 X320.646 Y35.749
G1 X320.646 Y35.310
G1 X320.792 Y35.163
G1 X320.792 Y34.870
G1 X320.939 Y34.724
G1 X320.939 Y34.578
G1 X321.085 Y34.431
G1 X321.085 Y34.285
G1 X321.231 Y34.138
G1 X321.231 Y33.699
G1 X321.378 Y33.553
G1 X321.378 Y33.114
G1 X321.524 Y32.967
G1 X321.524 Y32.528
G1 X321.671 Y32.382
G1 X321.671 Y31.650
G1 X321.817 Y31.503
G1 X321.817 Y29.600
G1 X321.671 Y29.453
G1 X321.524 Y29.307
G1 X321.231 Y29.014
G1 X321.231 Y28.868
G1 X321.231 Y29.014
G1 X321.524 Y29.307
G1 X321.671 Y29.453
G1 X321.817 Y29.600
G1 X321.817 Y31.503
G1 X321.671 Y31.650
G1 X321.671 Y32.382
G1 X321.524 Y32.528
G1 X321.524 Y32.967
G1 X321.378 Y33.114
G1 X321.378 Y33.553
G1 X321.231 Y33.699
G1 X321.231 Y34.138
G1 X321.085 Y34.285
G1 X321.085 Y34.431
G1 X320.939 Y34.578
G1 X320.939 Y34.724
G1 X320.792 Y34.870
G1 X320.792 Y35.163
G1 X320.646 Y35.310
G1 X320.646 Y35.749
G1 X320.499 Y35.895
G1 X320.499 Y36.042
G1 X320.353 Y36.188
G1 X320.353 Y36.334
G1 X320.207 Y36.481
G1 X320.207 Y36.627
G1 X320.060 Y36.774
G1 X320.060 Y36.920
G1 X319.767 Y37.213
G1 X319.767 Y37.359
G1 X319.621 Y37.506
G1 X319.328 Y37.799
G1 X319.035 Y37.799
G1 X318.889 Y37.945
G1 X318.596 Y37.945
G1 X318.450 Y38.091
G1 X317.571 Y38.091
G1 X317.279 Y37.799
G1 X317.279 Y35.456
G1 X317.425 Y35.310
G1 X317.425 Y34.724
G1 X317.571 Y34.578
G1 X317.571 Y34.138
G1 X317.718 Y33.992
G1 X317.718 Y33.553
G1 X317.864 Y33.406
G1 X317.864 Y33.114
G1 X318.011 Y32.967
G1 X318.011 Y32.821
G1 X318.157 Y32.674
G1 X318.157 Y32.528
G1 X318.303 Y32.382
G1 X318.303 Y32.235
G1 X318.450 Y32.089
G1 X318.450 Y31.942
G1 X318.596 Y31.796
G1 X318.596 Y31.650
G1 X318.743 Y31.503
G1 X318.743 Y31.357
G1 X318.889 Y31.210
G1 X318.889 Y31.064
G1 X319.035 Y30.918
G1 X319.035 Y30.771
G1 X319.182 Y30.625
G1 X319.182 Y30.478
G1 X319.328 Y30.332
G1 X319.475 Y30.186
G1 X319.621 Y30.039
G1 X319.914 Y29.746
G1 X320.060 Y29.746
G1 X320.207 Y29.600
G1 X320.499 Y29.600
G1 X320.792 Y29.307
G1 X320.939 Y29.161
G1 X321.085 Y29.014
G1 X321.231 Y29.014
G1 X321.085 Y29.014
G1 X321.085 Y28.868
G1 X321.231 Y28.868
G1 X321.085 Y28.868
G1 X321.085 Y28.282
G1 X320.646 Y27.843
G1 X320.646 Y27.697
G1 X320.353 Y27.404
G1 X320.207 Y27.257
G1 X320.060 Y27.111
G1 X319.914 Y26.965
G1 X319.621 Y26.965
G1 X319.475 Y26.818
G1 X319.182 Y26.818
G1 X319.035 Y26.672
G1 X318.743 Y26.672
G1 X318.596 Y26.525
G1 X318.303 Y26.525
G1 X318.157 Y26.379
G1 X317.864 Y26.379
G1 X317.718 Y26.233
G1 X317.132 Y26.233
G1 X316.986 Y26.086
G1 X316.547 Y26.086
G1 X316.400 Y25.940
G1 X315.668 Y25.940
G1 X315.522 Y25.793
G1 X315.375 Y25.647
G1 X315.229 Y25.501
G1 X314.350 Y25.501
G1 X315.229 Y25.501
G1 X315.375 Y25.647
G1 X315.522 Y25.793
G1 X315.668 Y25.940
G1 X316.400 Y25.940
G1 X316.547 Y26.086
G1 X316.986 Y26.086
G1 X317.132 Y26.233
G1 X317.718 Y26.233
G1 X317.864 Y26.379
G1 X318.157 Y26.379
G1 X318.303 Y26.525
G1 X318.596 Y26.525
G1 X318.743 Y26.672
G1 X319.035 Y26.672
G1 X319.182 Y26.818
G1 X319.475 Y26.818
G1 X319.621 Y26.965
G1 X319.914 Y26.965
G1 X320.060 Y27.111
G1 X320.207 Y27.257
G1 X320.353 Y27.404
G1 X320.646 Y27.697
G1 X320.646 Y27.843
G1 X321.085 Y28.282
G1 X321.378 Y28.282
G1 X321.671 Y27.989
G1 X322.549 Y27.989
G1 X322.695 Y28.136
G1 X323.574 Y28.136
G1 X323.720 Y28.282
G1 X324.306 Y28.282
G1 X324.452 Y28.429
G1 X324.599 Y28.429
G1 X324.745 Y28.575
G1 X325.038 Y28.575
G1 X325.184 Y28.721
G1 X325.331 Y28.721
G1 X325.477 Y28.868
G1 X325.624 Y28.868
G1 X325.770 Y29.014
G1 X325.916 Y29.014
G1 X326.209 Y29.307
G1 X326.356 Y29.307
G1 X326.502 Y29.453
G1 X326.648 Y29.600
G1 X326.795 Y29.746
G1 X326.941 Y29.893
G1 X327.088 Y30.039
G1 X327.234 Y30.186
G1 X327.380 Y30.332
G1 X327.527 Y30.478
G1 X327.673 Y30.625
G1 X327.820 Y30.771
G1 X327.966 Y30.918
G1 X328.112 Y31.064
G1 X328.259 Y31.210
G1 X328.259 Y31.357
G1 X328.405 Y31.503
G1 X328.405 Y31.650
G1 X328.552 Y31.796
G1 X328.552 Y31.942
G1 X328.698 Y32.089
G1 X328.698 Y32.235
G1 X328.844 Y32.382
G1 X328.844 Y32.674
G1 X328.991 Y32.821
G1 X328.991 Y33.260
G1 X329.137 Y33.406
G1 X329.137 Y33.699
G1 X329.284 Y33.846
G1 X329.284 Y34.138
G1 X329.576 Y34.138
G1 X329.723 Y34.285
G1 X329.869 Y34.285
G1 X330.016 Y34.431
G1 X330.308 Y34.431
G1 X330.455 Y34.578
G1 X330.601 Y34.578
G1 X330.748 Y34.724
G1 X331.041 Y35.017
G1 X331.041 Y35.749
G1 X331.187 Y35.895
G1 X331.187 Y36.334
G1 X331.333 Y36.481
G1 X331.333 Y37.067
G1 X331.480 Y37.213
G1 X331.626 Y37.213
G1 X331.773 Y37.359
G1 X331.919 Y37.359
G1 X332.065 Y37.506
G1 X332.212 Y37.506
G1 X332.505 Y37.799
G1 X332.505 Y37.945
G1 X332.651 Y38.091
G1 X332.651 Y38.238
G1 X332.797 Y38.384
G1 X332.797 Y38.531
G1 X332.944 Y38.677
G1 X332.944 Y38.823
G1 X333.090 Y38.970
G1 X333.090 Y39.409
G1 X333.237 Y39.555
G1 X333.237 Y40.141
G1 X333.383 Y40.287
G1 X333.383 Y40.873
G1 X333.529 Y41.019
G1 X333.529 Y42.483
G1 X333.676 Y42.483
G1 X333.529 Y42.483
G1 X333.529 Y42.630
G1 X333.676 Y42.483
G1 X333.529 Y42.630
G1 X333.529 Y44.387
G1 X333.383 Y44.533
G1 X333.383 Y45.119
G1 X333.237 Y45.265
G1 X333.237 Y45.704
G1 X333.090 Y45.851
G1 X333.090 Y45.997
G1 X332.944 Y46.144
G1 X332.944 Y46.436
G1 X332.797 Y46.436
G1 X332.797 Y46.876
G1 X332.651 Y47.022
G1 X332.651 Y47.900
G1 X332.505 Y48.047
G1 X332.505 Y48.632
G1 X332.358 Y48.779
G1 X332.358 Y48.925
G1 X332.212 Y49.072
G1 X332.212 Y49.218
G1 X332.065 Y49.364
G1 X332.065 Y49.511
G1 X331.919 Y49.657
G1 X331.919 Y49.804
G1 X331.773 Y49.950
G1 X331.773 Y50.096
G1 X331.626 Y50.243
G1 X331.626 Y50.389
G1 X331.480 Y50.536
G1 X331.333 Y50.682
G1 X331.333 Y50.828
G1 X331.187 Y50.975
G1 X331.041 Y51.121
G1 X331.041 Y51.268
G1 X330.894 Y51.414
G1 X330.748 Y51.560
G1 X330.748 Y51.707
G1 X330.601 Y51.853
G1 X330.455 Y52.000
G1 X330.455 Y52.146
G1 X330.162 Y52.439
G1 X330.162 Y52.585
G1 X330.016 Y52.732
G1 X330.016 Y52.878
G1 X329.723 Y53.171
G1 X329.723 Y53.317
G1 X329.430 Y53.610
G1 X329.284 Y53.757
G1 X329.284 Y53.903
G1 X329.137 Y54.049
G1 X328.991 Y54.196
G1 X328.991 Y54.342
G1 X328.259 Y55.074
G1 X328.112 Y55.074
G1 X327.966 Y55.221
G1 X327.820 Y55.221
G1 X327.673 Y55.367
G1 X327.380 Y55.367
G1 X327.234 Y55.513
G1 X327.088 Y55.513
G1 X326.941 Y55.660
G1 X326.648 Y55.660
G1 X326.648 Y55.953
G1 X326.502 Y56.099
G1 X326.502 Y56.245
G1 X326.356 Y56.392
G1 X326.356 Y56.977
G1 X326.209 Y57.124
G1 X326.209 Y57.417
G1 X326.063 Y57.563
G1 X326.063 Y57.856
G1 X325.916 Y58.002
G1 X325.916 Y58.295
G1 X325.770 Y58.441
G1 X325.770 Y58.734
G1 X325.331 Y58.734
G1 X325.184 Y58.881
G1 X324.892 Y58.881
G1 X324.745 Y59.027
G1 X322.549 Y59.027
G1 X322.403 Y58.881
G1 X321.817 Y58.881
G1 X321.671 Y58.734
G1 X321.524 Y58.588
G1 X321.378 Y58.588
G1 X320.207 Y57.417
G1 X320.207 Y57.270
G1 X320.060 Y57.124
G1 X320.060 Y56.977
G1 X319.914 Y56.831
G1 X319.914 Y56.685
G1 X319.767 Y56.538
G1 X319.767 Y55.953
G1 X319.621 Y55.806
G1 X319.621 Y55.221
G1 X319.475 Y55.074
G1 X319.475 Y54.635
G1 X319.328 Y54.489
G1 X319.328 Y54.342
G1 X319.182 Y54.342
G1 X319.035 Y54.196
G1 X318.889 Y54.196
G1 X318.743 Y54.049
G1 X318.596 Y53.903
G1 X318.303 Y53.610
G1 X318.303 Y53.464
G1 X318.157 Y53.317
G1 X318.157 Y53.171
G1 X318.011 Y53.025
G1 X318.011 Y52.878
G1 X317.864 Y52.732
G1 X317.864 Y52.000
G1 X317.718 Y51.853
G1 X317.718 Y51.707
G1 X317.718 Y51.853
G1 X317.864 Y52.000
G1 X317.864 Y52.732
G1 X318.011 Y52.878
G1 X318.011 Y53.025
G1 X318.157 Y53.171
G1 X318.157 Y53.317
G1 X318.303 Y53.464
G1 X318.303 Y53.610
G1 X318.596 Y53.903
G1 X318.743 Y54.049
G1 X318.889 Y54.196
G1 X319.035 Y54.196
G1 X319.182 Y54.342
G1 X319.328 Y54.342
G1 X319.328 Y54.489
G1 X319.475 Y54.635
G1 X319.475 Y55.074
G1 X319.621 Y55.221
G1 X319.621 Y55.806
G1 X319.767 Y55.953
G1 X319.767 Y56.538
G1 X319.914 Y56.685
G1 X319.914 Y56.831
G1 X320.060 Y56.977
G1 X320.060 Y57.124
G1 X320.207 Y57.270
G1 X320.207 Y57.417
G1 X321.378 Y58.588
G1 X321.524 Y58.588
G1 X321.671 Y58.734
G1 X321.817 Y58.881
G1 X322.403 Y58.881
G1 X322.549 Y59.027
G1 X324.745 Y59.027
G1 X324.892 Y58.881
G1 X325.184 Y58.881
G1 X325.331 Y58.734
G1 X325.770 Y58.734
G1 X325.770 Y59.759
G1 X325.624 Y59.906
G1 X325.624 Y60.491
G1 X325.477 Y60.638
G1 X325.477 Y61.223
G1 X325.331 Y61.370
G1 X325.331 Y61.662
G1 X325.184 Y61.809
G1 X325.184 Y62.102
G1 X325.038 Y62.248
G1 X325.038 Y62.541
G1 X324.892 Y62.687
G1 X324.892 Y62.834
G1 X324.745 Y62.980
G1 X324.745 Y63.126
G1 X324.599 Y63.273
G1 X324.599 Y63.566
G1 X324.452 Y63.712
G1 X324.452 Y64.005
G1 X324.306 Y64.151
G1 X324.306 Y64.444
G1 X324.160 Y64.590
G1 X324.160 Y64.883
G1 X324.013 Y65.030
G1 X324.013 Y65.322
G1 X323.867 Y65.469
G1 X323.867 Y65.762
G1 X323.720 Y65.908
G1 X323.720 Y66.201
G1 X323.574 Y66.347
G1 X323.574 Y66.640
G1 X323.428 Y66.786
G1 X323.428 Y66.933
G1 X323.281 Y67.079
G1 X323.135 Y67.226
G1 X323.135 Y67.519
G1 X322.988 Y67.665
G1 X322.988 Y67.958
G1 X322.842 Y68.104
G1 X322.842 Y68.397
G1 X322.695 Y68.543
G1 X322.695 Y68.983
G1 X322.549 Y69.129
G1 X322.549 Y69.275
G1 X322.403 Y69.422
G1 X322.403 Y69.568
G1 X322.256 Y69.715
G1 X322.256 Y70.154
G1 X322.110 Y70.300
G1 X322.110 Y70.447
G1 X321.963 Y70.593
G1 X321.963 Y70.886
G1 X321.817 Y71.032
G1 X321.817 Y71.471
G1 X321.671 Y71.618
G1 X321.671 Y71.764
G1 X321.524 Y71.911
G1 X321.524 Y72.203
G1 X321.378 Y72.350
G1 X321.378 Y72.643
G1 X321.231 Y72.789
G1 X321.231 Y72.935
G1 X321.085 Y73.082
G1 X321.085 Y73.960
G1 X320.939 Y74.107
G1 X320.792 Y74.253
G1 X320.792 Y74.985
G1 X320.939 Y75.132
G1 X320.939 Y76.303
G1 X321.085 Y76.449
G1 X320.939 Y76.303
G1 X320.939 Y76.449
G1 X321.085 Y76.449
G1 X320.939 Y76.449
G1 X320.939 Y77.620
G1 X320.792 Y77.767
G1 X320.792 Y78.645
G1 X320.646 Y78.792
G1 X320.646 Y80.109
G1 X320.499 Y80.256
G1 X320.499 Y80.695
G1 X320.353 Y80.841
G1 X320.207 Y80.841
G1 X320.353 Y80.841
G1 X320.353 Y81.280
G1 X320.499 Y81.427
G1 X320.499 Y81.573
G1 X320.646 Y81.720
G1 X320.646 Y82.159
G1 X320.792 Y82.305
G1 X320.792 Y82.598
G1 X320.939 Y82.745
G1 X320.939 Y83.037
G1 X321.085 Y83.184
G1 X321.085 Y84.062
G1 X321.231 Y84.209
G1 X321.231 Y84.794
G1 X321.085 Y84.941
G1 X321.085 Y85.526
G1 X320.939 Y85.673
G1 X320.939 Y85.965
G1 X320.792 Y86.112
G1 X320.792 Y86.258
G1 X320.646 Y86.405
G1 X320.646 Y86.697
G1 X320.353 Y86.990
G1 X320.207 Y87.137
G1 X320.060 Y87.283
G1 X319.914 Y87.283
G1 X319.914 Y88.893
G1 X320.060 Y89.040
G1 X320.207 Y89.186
G1 X320.353 Y89.333
G1 X320.499 Y89.333
G1 X320.646 Y89.479
G1 X320.792 Y89.479
G1 X320.939 Y89.625
G1 X321.085 Y89.625
G1 X321.231 Y89.772
G1 X321.378 Y89.918
G1 X321.524 Y90.065
G1 X321.671 Y90.211
G1 X321.817 Y90.358
G1 X321.963 Y90.504
G1 X322.110 Y90.650
G1 X322.256 Y90.797
G1 X322.256 Y90.943
G1 X323.281 Y91.968
G1 X323.281 Y92.114
G1 X323.574 Y92.407
G1 X323.720 Y92.554
G1 X323.867 Y92.700
G1 X323.867 Y92.846
G1 X324.013 Y92.993
G1 X324.160 Y93.139
G1 X324.306 Y93.286
G1 X324.306 Y93.432
G1 X324.599 Y93.725
G1 X324.599 Y93.871
G1 X324.745 Y94.018
G1 X324.892 Y94.164
G1 X325.038 Y94.310
G1 X325.038 Y94.457
G1 X325.477 Y94.896
G1 X325.477 Y95.042
G1 X325.770 Y95.335
G1 X325.770 Y95.482
G1 X325.916 Y95.628
G1 X326.063 Y95.774
G1 X326.063 Y95.921
G1 X326.356 Y96.214
G1 X326.356 Y96.360
G1 X326.502 Y96.506
G1 X326.648 Y96.653
G1 X326.648 Y96.799
G1 X326.795 Y96.946
G1 X326.795 Y97.092
G1 X327.088 Y97.385
G1 X327.088 Y97.531
G1 X327.234 Y97.678
G1 X327.234 Y97.824
G1 X327.380 Y97.971
G1 X327.380 Y98.117
G1 X327.527 Y98.263
G1 X327.673 Y98.410
G1 X327.673 Y98.556
G1 X327.820 Y98.703
G1 X327.820 Y98.849
G1 X327.966 Y98.995
G1 X327.966 Y99.142
G1 X328.112 Y99.288
G1 X328.112 Y99.435
G1 X328.259 Y99.581
G1 X328.259 Y99.727
G1 X328.405 Y99.874
G1 X328.405 Y100.020
G1 X328.552 Y100.167
G1 X328.552 Y100.313
G1 X328.698 Y100.459
G1 X328.698 Y100.606
G1 X328.844 Y100.752
G1 X328.844 Y101.045
G1 X328.991 Y101.191
G1 X328.991 Y101.338
G1 X329.137 Y101.484
G1 X329.137 Y101.631
G1 X329.284 Y101.777
G1 X329.284 Y102.070
G1 X329.430 Y102.216
G1 X329.430 Y102.363
G1 X329.576 Y102.509
G1 X329.576 Y102.802
G1 X329.723 Y102.948
G1 X329.723 Y103.095
G1 X329.869 Y103.241
G1 X329.869 Y103.973
G1 X330.016 Y104.119
G1 X330.016 Y104.998
G1 X329.869 Y105.144
G1 X329.723 Y105.291
G1 X329.576 Y105.437
G1 X329.430 Y105.584
G1 X329.284 Y105.730
G1 X329.137 Y105.876
G1 X328.991 Y105.876
G1 X328.844 Y106.023
G1 X328.698 Y106.023
G1 X328.405 Y106.316
G1 X328.259 Y106.316
G1 X328.112 Y106.462
G1 X327.966 Y106.462
G1 X327.527 Y106.901
G1 X327.380 Y106.901
G1 X327.234 Y107.048
G1 X327.088 Y107.194
G1 X326.941 Y107.340
G1 X326.795 Y107.487
G1 X326.648 Y107.487
G1 X326.502 Y107.633
G1 X326.356 Y107.780
G1 X326.209 Y107.926
G1 X326.063 Y108.072
G1 X325.916 Y108.072
G1 X325.770 Y108.219
G1 X325.624 Y108.365
G1 X325.477 Y108.365
G1 X325.331 Y108.512
G1 X325.184 Y108.658
G1 X325.038 Y108.804
G1 X324.892 Y108.951
G1 X324.745 Y108.951
G1 X324.452 Y109.244
G1 X324.306 Y109.244
G1 X324.160 Y109.390
G1 X324.013 Y109.390
G1 X323.574 Y109.829
G1 X324.013 Y109.390
G1 X324.160 Y109.390
G1 X324.306 Y109.244
G1 X324.452 Y109.244
G1 X324.745 Y108.951
G1 X324.892 Y108.951
G1 X325.038 Y108.804
G1 X325.184 Y108.658
G1 X325.331 Y108.512
G1 X325.477 Y108.365
G1 X325.624 Y108.365
G1 X325.770 Y108.219
G1 X325.916 Y108.072
G1 X326.063 Y108.072
G1 X326.209 Y107.926
G1 X326.356 Y107.780
G1 X326.502 Y107.633
G1 X326.648 Y107.487
G1 X326.795 Y107.487
G1 X326.941 Y107.340
G1 X327.088 Y107.194
G1 X327.234 Y107.048
G1 X327.380 Y106.901
G1 X327.527 Y106.901
G1 X327.966 Y106.462
G1 X328.112 Y106.462
G1 X328.259 Y106.316
G1 X328.405 Y106.316
G1 X328.698 Y106.023
G1 X328.844 Y106.023
G1 X328.991 Y105.876
G1 X329.137 Y105.876
G1 X329.284 Y105.730
G1 X329.430 Y105.584
G1 X329.576 Y105.437
G1 X329.723 Y105.291
G1 X329.869 Y105.144
G1 X330.016 Y104.998
G1 X330.162 Y104.998
G1 X330.601 Y105.437
G1 X330.601 Y105.730
G1 X330.748 Y105.876
G1 X330.748 Y106.169
G1 X330.894 Y106.316
G1 X330.894 Y106.462
G1 X331.041 Y106.608
G1 X331.041 Y106.901
G1 X331.187 Y107.048
G1 X331.187 Y107.194
G1 X331.333 Y107.340
G1 X331.333 Y107.487
G1 X331.480 Y107.633
G1 X331.480 Y107.780
G1 X331.626 Y107.926
G1 X331.626 Y108.219
G1 X331.773 Y108.365
G1 X331.773 Y108.512
G1 X332.065 Y108.804
G1 X332.065 Y108.951
G1 X332.212 Y109.097
G1 X332.212 Y109.244
G1 X332.358 Y109.390
G1 X332.505 Y109.536
G1 X332.505 Y109.683
G1 X332.651 Y109.829
G1 X332.651 Y109.976
G1 X332.797 Y110.122
G1 X332.944 Y110.268
G1 X332.944 Y110.415
G1 X333.237 Y110.708
G1 X333.237 Y111.000
G1 X333.383 Y111.147
G1 X333.676 Y111.440
G1 X333.676 Y111.586
G1 X333.969 Y111.879
G1 X333.969 Y112.025
G1 X334.115 Y112.172
G1 X334.261 Y112.318
G1 X334.261 Y112.464
G1 X334.554 Y112.757
G1 X334.554 Y112.904
G1 X334.701 Y113.050
G1 X334.847 Y113.197
G1 X334.993 Y113.343
G1 X335.140 Y113.489
G1 X335.140 Y113.636
G1 X335.433 Y113.929
G1 X335.433 Y114.075
G1 X335.579 Y114.221
G1 X335.725 Y114.368
G1 X335.872 Y114.514
G1 X335.872 Y114.661
G1 X336.018 Y114.807
G1 X336.165 Y114.953
G1 X336.165 Y115.100
G1 X336.311 Y115.246
G1 X336.457 Y115.393
G1 X336.604 Y115.539
G1 X336.604 Y115.685
G1 X336.750 Y115.832
G1 X336.897 Y115.978
G1 X336.897 Y116.125
G1 X337.189 Y116.417
G1 X337.189 Y116.564
G1 X337.336 Y116.710
G1 X337.482 Y116.857
G1 X337.482 Y117.003
G1 X337.629 Y117.149
G1 X337.775 Y117.296
G1 X337.775 Y117.442
G1 X337.921 Y117.589
G1 X337.921 Y117.735
G1 X338.068 Y117.881
G1 X338.068 Y118.028
G1 X338.214 Y118.174
G1 X338.214 Y118.467
G1 X338.361 Y118.613
G1 X338.361 Y118.760
G1 X338.507 Y118.906
G1 X338.507 Y119.053
G1 X338.654 Y119.199
G1 X338.654 Y119.345
G1 X338.800 Y119.492
G1 X338.800 Y119.638
G1 X338.946 Y119.785
G1 X339.093 Y119.931
G1 X339.093 Y120.663
G1 X339.239 Y120.810
G1 X339.239 Y121.688
G1 X339.386 Y121.834
G1 X339.239 Y121.834
G1 X339.532 Y121.834
G1 X339.678 Y121.981
G1 X339.678 Y122.127
G1 X339.825 Y122.274
G1 X339.825 Y122.566
G1 X339.971 Y122.713
G1 X339.971 Y123.006
G1 X340.118 Y123.152
G1 X340.118 Y123.445
G1 X340.264 Y123.591
G1 X340.264 Y124.030
G1 X340.410 Y124.177
G1 X340.410 Y124.762
G1 X340.557 Y124.909
G1 X340.557 Y125.641
G1 X340.703 Y125.787
G1 X340.703 Y126.373
G1 X340.850 Y126.519
G1 X340.850 Y127.105
G1 X340.996 Y127.251
G1 X340.996 Y127.983
G1 X341.142 Y128.130
G1 X341.142 Y128.569
G1 X341.289 Y128.715
G1 X341.289 Y129.155
G1 X341.435 Y129.301
G1 X341.435 Y129.594
G1 X341.582 Y129.740
G1 X341.582 Y130.326
G1 X341.728 Y130.472
G1 X341.728 Y130.619
G1 X341.874 Y130.765
G1 X341.874 Y131.058
G1 X342.021 Y131.204
G1 X342.021 Y131.643
G1 X342.167 Y131.790
G1 X342.167 Y132.229
G1 X342.314 Y132.375
G1 X342.314 Y132.668
G1 X342.460 Y132.815
G1 X342.460 Y133.254
G1 X342.606 Y133.400
G1 X342.606 Y133.986
G1 X342.753 Y134.132
G1 X342.753 Y134.425
G1 X342.899 Y134.571
G1 X342.899 Y134.864
G1 X343.046 Y135.011
G1 X343.046 Y135.304
G1 X343.192 Y135.450
G1 X343.192 Y135.743
G1 X343.338 Y135.889
G1 X343.338 Y136.328
G1 X343.485 Y136.475
G1 X343.485 Y136.768
G1 X343.631 Y136.914
G1 X343.631 Y137.207
G1 X343.778 Y137.353
G1 X343.778 Y137.646
G1 X343.924 Y137.792
G1 X343.924 Y138.085
G1 X344.070 Y138.232
G1 X344.070 Y138.671
G1 X344.217 Y138.817
G1 X344.217 Y138.964
G1 X344.363 Y139.110
G1 X344.363 Y139.549
G1 X344.510 Y139.696
G1 X344.510 Y140.135
G1 X344.656 Y140.281
G1 X344.656 Y140.867
G1 X344.802 Y141.013
G1 X344.802 Y142.331
G1 X343.778 Y142.331
G1 X343.631 Y142.477
G1 X343.192 Y142.477
G1 X343.046 Y142.624
G1 X342.753 Y142.624
G1 X342.606 Y142.770
G1 X342.460 Y142.770
G1 X342.314 Y142.917
G1 X342.167 Y142.917
G1 X342.021 Y143.063
G1 X341.728 Y143.063
G1 X341.582 Y143.209
G1 X341.435 Y143.209
G1 X341.289 Y143.356
G1 X340.996 Y143.356
G1 X340.850 Y143.502
G1 X340.703 Y143.502
G1 X340.557 Y143.649
G1 X340.410 Y143.649
G1 X340.264 Y143.795
G1 X339.971 Y143.795
G1 X339.825 Y143.941
G1 X339.532 Y143.941
G1 X339.386 Y144.088
G1 X339.239 Y144.088
G1 X339.093 Y144.234
G1 X338.946 Y144.234
G1 X338.800 Y144.381
G1 X338.507 Y144.381
G1 X338.361 Y144.527
G1 X338.068 Y144.527
G1 X337.921 Y144.673
G1 X337.629 Y144.673
G1 X337.482 Y144.820
G1 X337.189 Y144.820
G1 X337.043 Y144.966
G1 X336.750 Y144.966
G1 X336.604 Y145.113
G1 X336.457 Y145.113
G1 X336.311 Y145.259
G1 X335.433 Y145.259
G1 X335.286 Y145.405
G1 X334.701 Y145.405
G1 X334.554 Y145.259
G1 X334.261 Y145.259
G1 X334.115 Y145.113
G1 X333.969 Y144.966
G1 X333.969 Y144.820
G1 X333.676 Y144.527
G1 X333.676 Y144.381
G1 X333.529 Y144.234
G1 X333.529 Y143.941
G1 X333.383 Y143.795
G1 X333.383 Y143.502
G1 X333.237 Y143.356
G1 X333.237 Y142.917
G1 X333.090 Y142.770
G1 X333.090 Y142.331
G1 X332.944 Y142.184
G1 X332.944 Y141.892
G1 X332.797 Y141.745
G1 X332.797 Y141.306
G1 X332.651 Y141.160
G1 X332.651 Y141.013
G1 X332.505 Y140.867
G1 X332.505 Y140.428
G1 X332.358 Y140.281
G1 X332.358 Y139.842
G1 X332.212 Y139.696
G1 X332.212 Y139.256
G1 X332.065 Y139.110
G1 X332.065 Y138.671
G1 X331.919 Y138.524
G1 X331.919 Y138.085
G1 X331.773 Y137.939
G1 X331.773 Y137.353
G1 X331.626 Y137.207
G1 X331.626 Y136.768
G1 X331.480 Y136.621
G1 X331.480 Y136.036
G1 X331.333 Y135.889
G1 X331.333 Y135.450
G1 X331.187 Y135.304
G1 X331.187 Y134.864
G1 X331.041 Y134.718
G1 X331.041 Y134.279
G1 X330.894 Y134.132
G1 X330.894 Y133.693
G1 X330.748 Y133.547
G1 X330.748 Y133.107
G1 X330.601 Y132.961
G1 X330.601 Y132.668
G1 X330.455 Y132.522
G1 X330.455 Y131.936
G1 X330.308 Y131.790
G1 X330.308 Y131.351
G1 X330.162 Y131.204
G1 X330.162 Y130.911
G1 X330.016 Y130.765
G1 X330.016 Y130.326
G1 X329.869 Y130.179
G1 X329.869 Y129.887
G1 X329.723 Y129.740
G1 X329.723 Y129.155
G1 X329.576 Y129.008
G1 X329.576 Y128.569
G1 X329.430 Y128.423
G1 X329.430 Y127.983
G1 X329.284 Y127.837
G1 X329.284 Y127.251
G1 X329.137 Y127.105
G1 X329.137 Y126.080
G1 X328.991 Y125.934
G1 X328.991 Y125.641
G1 X328.844 Y125.641
G1 X328.698 Y125.494
G1 X328.552 Y125.348
G1 X328.405 Y125.202
G1 X328.405 Y124.909
G1 X328.259 Y124.762
G1 X328.259 Y124.470
G1 X328.112 Y124.323
G1 X328.112 Y123.884
G1 X327.966 Y123.738
G1 X327.820 Y123.591
G1 X327.820 Y123.298
G1 X327.673 Y123.152
G1 X327.673 Y122.713
G1 X327.527 Y122.566
G1 X327.527 Y122.274
G1 X327.380 Y122.127
G1 X327.380 Y121.834
G1 X327.234 Y121.688
G1 X327.234 Y121.395
G1 X327.088 Y121.249
G1 X327.088 Y121.102
G1 X326.941 Y120.956
G1 X326.941 Y120.663
G1 X326.795 Y120.517
G1 X326.795 Y120.370
G1 X326.648 Y120.224
G1 X326.648 Y119.931
G1 X326.502 Y119.785
G1 X326.502 Y119.345
G1 X326.356 Y119.199
G1 X326.356 Y118.906
G1 X326.209 Y118.760
G1 X326.209 Y118.613
G1 X326.063 Y118.467
G1 X326.063 Y118.028
G1 X325.916 Y117.881
G1 X325.916 Y117.589
G1 X325.770 Y117.442
G1 X325.770 Y117.149
G1 X325.624 Y117.003
G1 X325.624 Y116.857
G1 X325.477 Y116.710
G1 X325.477 Y116.417
G1 X325.331 Y116.271
G1 X325.331 Y115.978
G1 X325.184 Y115.832
G1 X325.184 Y115.539
G1 X325.038 Y115.393
G1 X325.038 Y115.100
G1 X324.892 Y114.953
G1 X324.892 Y114.807
G1 X324.745 Y114.661
G1 X324.745 Y114.368
G1 X324.599 Y114.221
G1 X324.599 Y114.075
G1 X324.452 Y113.929
G1 X324.452 Y113.636
G1 X324.306 Y113.489
G1 X324.306 Y113.197
G1 X324.160 Y113.050
G1 X324.160 Y112.757
G1 X324.013 Y112.611
G1 X324.013 Y112.318
G1 X323.867 Y112.172
G1 X323.867 Y111.879
G1 X323.720 Y111.732
G1 X323.720 Y111.293
G1 X323.574 Y111.147
G1 X323.574 Y110.268
G1 X323.428 Y110.122
G1 X323.428 Y109.683
G1 X323.135 Y109.683
G1 X322.842 Y109.390
G1 X322.842 Y109.244
G1 X322.695 Y109.097
G1 X322.695 Y108.951
G1 X322.549 Y108.804
G1 X322.403 Y108.658
G1 X322.403 Y108.512
G1 X322.256 Y108.365
G1 X322.256 Y108.219
G1 X322.110 Y108.072
G1 X322.110 Y107.780
G1 X321.817 Y107.487
G1 X321.817 Y107.340
G1 X321.671 Y107.194
G1 X321.671 Y107.048
G1 X321.378 Y106.755
G1 X321.378 Y106.608
G1 X321.231 Y106.462
G1 X321.231 Y106.169
G1 X321.085 Y106.023
G1 X321.085 Y105.876
G1 X320.939 Y105.730
G1 X320.792 Y105.584
G1 X320.792 Y105.437
G1 X320.646 Y105.291
G1 X320.646 Y105.144
G1 X320.499 Y104.998
G1 X320.499 Y104.851
G1 X320.353 Y104.705
G1 X320.353 Y104.559
G1 X320.207 Y104.412
G1 X320.060 Y104.266
G1 X320.060 Y104.119
G1 X319.914 Y103.973
G1 X319.767 Y103.827
G1 X319.767 Y103.680
G1 X319.621 Y103.534
G1 X319.621 Y103.387
G1 X319.475 Y103.241
G1 X319.328 Y103.095
G1 X319.328 Y102.948
G1 X319.035 Y102.655
G1 X319.035 Y102.509
G1 X318.889 Y102.363
G1 X318.743 Y102.216
G1 X318.596 Y102.070
G1 X318.596 Y101.923
G1 X318.450 Y101.777
G1 X318.303 Y101.631
G1 X318.303 Y101.484
G1 X318.157 Y101.338
G1 X318.157 Y101.191
G1 X318.011 Y101.045
G1 X318.011 Y100.899
G1 X317.425 Y100.313
G1 X317.425 Y100.167
G1 X317.279 Y100.020
G1 X317.132 Y99.874
G1 X316.986 Y99.727
G1 X316.986 Y99.581
G1 X316.839 Y99.435
G1 X316.693 Y99.288
G1 X316.400 Y98.995
G1 X316.400 Y98.849
G1 X315.961 Y98.410
G1 X315.815 Y98.263
G1 X315.668 Y98.117
G1 X315.375 Y97.824
G1 X315.375 Y97.678
G1 X315.229 Y97.531
G1 X315.082 Y97.385
G1 X314.936 Y97.238
G1 X314.790 Y97.092
G1 X314.643 Y96.946
G1 X314.497 Y96.799
G1 X314.350 Y96.653
G1 X314.204 Y96.506
G1 X314.058 Y96.360
G1 X313.911 Y96.214
G1 X313.765 Y96.067
G1 X313.618 Y95.921
G1 X313.472 Y95.774
G1 X313.326 Y95.628
G1 X313.179 Y95.482
G1 X313.179 Y95.335
G1 X313.033 Y95.189
G1 X313.033 Y95.042
G1 X312.886 Y94.896
G1 X312.886 Y94.603
G1 X312.740 Y94.457
G1 X312.740 Y94.164
G1 X312.740 Y94.457
G1 X312.886 Y94.603
G1 X312.886 Y94.896
G1 X313.033 Y95.042
G1 X313.033 Y95.189
G1 X313.179 Y95.335
G1 X313.179 Y95.482
G1 X313.326 Y95.628
G1 X313.472 Y95.774
G1 X313.618 Y95.921
G1 X313.765 Y96.067
G1 X313.911 Y96.214
G1 X314.058 Y96.360
G1 X314.204 Y96.506
G1 X314.350 Y96.653
G1 X314.497 Y96.799
G1 X314.643 Y96.946
G1 X314.790 Y97.092
G1 X314.936 Y97.238
G1 X315.082 Y97.385
G1 X315.229 Y97.531
G1 X315.375 Y97.678
G1 X315.375 Y97.824
G1 X315.668 Y98.117
G1 X315.815 Y98.263
G1 X315.961 Y98.410
G1 X316.400 Y98.849
G1 X316.400 Y98.995
G1 X316.693 Y99.288
G1 X316.839 Y99.435
G1 X316.986 Y99.581
G1 X316.986 Y99.727
G1 X317.132 Y99.874
G1 X317.279 Y100.020
G1 X317.425 Y100.167
G1 X317.425 Y100.313
G1 X318.011 Y100.899
G1 X318.011 Y101.045
G1 X318.157 Y101.191
G1 X318.157 Y101.338
G1 X318.303 Y101.484
G1 X318.303 Y101.631
G1 X318.450 Y101.777
G1 X318.596 Y101.923
G1 X318.596 Y102.070
G1 X318.743 Y102.216
G1 X318.889 Y102.363
G1 X319.035 Y102.509
G1 X319.035 Y102.655
G1 X319.328 Y102.948
G1 X319.328 Y103.095
G1 X319.475 Y103.241
G1 X319.621 Y103.387
G1 X319.621 Y103.534
G1 X319.767 Y103.680
G1 X319.767 Y103.827
G1 X319.914 Y103.973
G1 X320.060 Y104.119
G1 X320.060 Y104.266
G1 X320.207 Y104.412
G1 X320.353 Y104.559
G1 X320.353 Y104.705
G1 X320.499 Y104.851
G1 X320.499 Y104.998
G1 X320.646 Y105.144
G1 X320.646 Y105.291
G1 X320.792 Y105.437
G1 X320.792 Y105.584
G1 X320.939 Y105.730
G1 X321.085 Y105.876
G1 X321.085 Y106.023
G1 X321.231 Y106.169
G1 X321.231 Y106.462
G1 X321.378 Y106.608
G1 X321.378 Y106.755
G1 X321.671 Y107.048
G1 X321.671 Y107.194
G1 X321.817 Y107.340
G1 X321.817 Y107.487
G1 X322.110 Y107.780
G1 X322.110 Y108.072
G1 X322.256 Y108.219
G1 X322.256 Y108.365
G1 X322.403 Y108.512
G1 X322.403 Y108.658
G1 X322.549 Y108.804
G1 X322.695 Y108.951
G1 X322.695 Y109.097
G1 X322.842 Y109.244
G1 X322.842 Y109.390
G1 X323.135 Y109.683
G1 X323.574 Y109.683
G1 X323.428 Y109.683
G1 X323.428 Y109.829
G1 X323.574 Y109.829
G1 X323.428 Y109.829
G1 X323.428 Y110.122
G1 X323.574 Y110.268
G1 X323.574 Y111.147
G1 X323.720 Y111.293
G1 X323.720 Y111.732
G1 X323.867 Y111.879
G1 X323.867 Y112.172
G1 X324.013 Y112.318
G1 X324.013 Y112.611
G1 X324.160 Y112.757
G1 X324.160 Y113.050
G1 X324.306 Y113.197
G1 X324.306 Y113.489
G1 X324.452 Y113.636
G1 X324.452 Y113.929
G1 X324.599 Y114.075
G1 X324.599 Y114.221
G1 X324.745 Y114.368
G1 X324.745 Y114.661
G1 X324.892 Y114.807
G1 X324.892 Y114.953
G1 X325.038 Y115.100
G1 X325.038 Y115.393
G1 X325.184 Y115.539
G1 X325.184 Y115.832
G1 X325.331 Y115.978
G1 X325.331 Y116.271
G1 X325.477 Y116.417
G1 X325.477 Y116.710
G1 X325.624 Y116.857
G1 X325.624 Y117.003
G1 X325.770 Y117.149
G1 X325.770 Y117.442
G1 X325.916 Y117.589
G1 X325.916 Y117.881
G1 X326.063 Y118.028
G1 X326.063 Y118.467
G1 X326.209 Y118.613
G1 X326.209 Y118.760
G1 X326.356 Y118.906
G1 X326.356 Y119.199
G1 X326.502 Y119.345
G1 X326.502 Y119.785
G1 X326.648 Y119.931
G1 X326.648 Y120.224
G1 X326.795 Y120.370
G1 X326.795 Y120.517
G1 X326.941 Y120.663
G1 X326.941 Y120.956
G1 X327.088 Y121.102
G1 X327.088 Y121.249
G1 X327.234 Y121.395
G1 X327.234 Y121.688
G1 X327.380 Y121.834
G1 X327.380 Y122.127
G1 X327.527 Y122.274
G1 X327.527 Y122.566
G1 X327.673 Y122.713
G1 X327.673 Y123.152
G1 X327.820 Y123.298
G1 X327.820 Y123.591
G1 X327.966 Y123.738
G1 X328.112 Y123.884
G1 X328.112 Y124.323
G1 X328.259 Y124.470
G1 X328.259 Y124.762
G1 X328.405 Y124.909
G1 X328.405 Y125.202
G1 X328.552 Y125.348
G1 X328.698 Y125.494
G1 X328.844 Y125.641
G1 X328.991 Y125.641
G1 X328.991 Y125.934
G1 X329.137 Y126.080
G1 X329.137 Y127.105
G1 X329.284 Y127.251
G1 X329.284 Y127.837
G1 X329.430 Y127.983
G1 X329.430 Y128.423
G1 X329.576 Y128.569
G1 X329.576 Y129.008
G1 X329.723 Y129.155
G1 X329.723 Y129.740
G1 X329.869 Y129.887
G1 X329.869 Y130.179
G1 X330.016 Y130.326
G1 X330.016 Y130.765
G1 X330.162 Y130.911
G1 X330.162 Y131.204
G1 X330.308 Y131.351
G1 X330.308 Y131.790
G1 X330.455 Y131.936
G1 X330.455 Y132.522
G1 X330.601 Y132.668
G1 X330.601 Y132.961
G1 X330.748 Y133.107
G1 X330.748 Y133.547
G1 X330.894 Y133.693
G1 X330.894 Y134.132
G1 X331.041 Y134.279
G1 X331.041 Y134.718
G1 X331.187 Y134.864
G1 X331.187 Y135.304
G1 X331.333 Y135.450
G1 X331.333 Y135.889
G1 X331.480 Y136.036
G1 X331.480 Y136.621
G1 X331.626 Y136.768
G1 X331.626 Y137.207
G1 X331.773 Y137.353
G1 X331.773 Y137.939
G1 X331.919 Y138.085
G1 X331.919 Y138.524
G1 X332.065 Y138.671
G1 X332.065 Y139.110
G1 X332.212 Y139.256
G1 X332.212 Y139.696
G1 X332.358 Y139.842
G1 X332.358 Y140.281
G1 X332.505 Y140.428
G1 X332.505 Y140.867
G1 X332.651 Y141.013
G1 X332.651 Y141.160
G1 X332.797 Y141.306
G1 X332.797 Y141.745
G1 X332.944 Y141.892
G1 X332.944 Y142.184
G1 X333.090 Y142.331
G1 X333.090 Y142.770
G1 X333.237 Y142.917
G1 X333.237 Y143.356
G1 X333.383 Y143.502
G1 X333.383 Y143.795
G1 X333.529 Y143.941
G1 X333.529 Y144.234
G1 X333.676 Y144.381
G1 X333.676 Y144.527
G1 X333.969 Y144.820
G1 X333.969 Y144.966
G1 X334.115 Y145.113
G1 X334.261 Y145.259
G1 X334.554 Y145.259
G1 X334.701 Y145.405
G1 X335.286 Y145.405
G1 X335.433 Y145.259
G1 X336.311 Y145.259
G1 X336.457 Y145.113
G1 X336.604 Y145.113
G1 X336.750 Y144.966
G1 X337.043 Y144.966
G1 X337.189 Y144.820
G1 X337.482 Y144.820
G1 X337.629 Y144.673
G1 X337.921 Y144.673
G1 X338.068 Y144.527
G1 X338.361 Y144.527
G1 X338.507 Y144.381
G1 X338.800 Y144.381
G1 X338.946 Y144.234
G1 X339.093 Y144.234
G1 X339.239 Y144.088
G1 X339.386 Y144.088
G1 X339.532 Y143.941
G1 X339.825 Y143.941
G1 X339.971 Y143.795
G1 X340.264 Y143.795
G1 X340.410 Y143.649
G1 X340.557 Y143.649
G1 X340.703 Y143.502
G1 X340.850 Y143.502
G1 X340.996 Y143.356
G1 X341.289 Y143.356
G1 X341.435 Y143.209
G1 X341.582 Y143.209
G1 X341.728 Y143.063
G1 X342.021 Y143.063
G1 X342.167 Y142.917
G1 X342.314 Y142.917
G1 X342.460 Y142.770
G1 X342.606 Y142.770
G1 X342.753 Y142.624
G1 X343.046 Y142.624
G1 X343.192 Y142.477
G1 X343.631 Y142.477
G1 X343.778 Y142.331
G1 X344.802 Y142.331
G1 X344.949 Y142.477
G1 X345.095 Y142.624
G1 X345.095 Y144.381
G1 X345.242 Y144.527
G1 X345.242 Y147.455
G1 X345.388 Y147.601
G1 X345.388 Y157.996
G1 X345.242 Y158.143
G1 X345.242 Y161.510
G1 X345.095 Y161.656
G1 X345.095 Y164.731
G1 X344.949 Y164.877
G1 X344.949 Y167.952
G1 X344.802 Y168.098
G1 X344.802 Y179.371
G1 X344.949 Y179.517
G1 X345.095 Y179.664
G1 X345.681 Y179.664
G1 X345.827 Y179.517
G1 X346.267 Y179.517
G1 X346.413 Y179.371
G1 X346.706 Y179.371
G1 X346.852 Y179.225
G1 X346.999 Y179.225
G1 X347.145 Y179.078
G1 X347.438 Y179.078
G1 X347.584 Y178.932
G1 X347.731 Y178.932
G1 X347.877 Y178.785
G1 X348.023 Y178.785
G1 X348.170 Y178.639
G1 X348.316 Y178.493
G1 X348.316 Y178.346
G1 X348.463 Y178.200
G1 X348.609 Y178.053
G1 X348.755 Y177.907
G1 X348.902 Y177.761
G1 X349.048 Y177.614
G1 X349.048 Y177.468
G1 X350.073 Y176.443
G1 X350.073 Y176.297
G1 X350.219 Y176.150
G1 X350.366 Y176.004
G1 X350.512 Y175.857
G1 X350.659 Y175.711
G1 X350.805 Y175.565
G1 X350.951 Y175.418
G1 X351.098 Y175.272
G1 X351.098 Y175.125
G1 X351.244 Y174.979
G1 X351.391 Y174.833
G1 X351.537 Y174.686
G1 X351.683 Y174.540
G1 X351.683 Y174.393
G1 X351.830 Y174.247
G1 X352.269 Y173.808
G1 X352.415 Y173.661
G1 X352.562 Y173.515
G1 X353.001 Y173.076
G1 X353.147 Y172.929
G1 X353.294 Y172.783
G1 X353.440 Y172.636
G1 X353.587 Y172.490
G1 X354.026 Y172.051
G1 X354.172 Y171.904
G1 X354.319 Y171.758
G1 X354.612 Y171.465
G1 X354.758 Y171.465
G1 X354.904 Y171.319
G1 X355.197 Y171.319
G1 X355.490 Y171.026
G1 X356.076 Y171.026
G1 X356.222 Y171.172
G1 X356.368 Y171.319
G1 X356.515 Y171.465
G1 X356.661 Y171.612
G1 X356.808 Y171.758
G1 X356.808 Y172.490
G1 X356.954 Y172.636
G1 X356.954 Y173.661
G1 X357.100 Y173.808
G1 X357.100 Y174.393
G1 X357.247 Y174.540
G1 X357.247 Y175.272
G1 X357.393 Y175.418
G1 X357.393 Y177.614
G1 X357.540 Y177.761
G1 X357.540 Y178.639
G1 X357.686 Y178.785
G1 X357.686 Y179.371
G1 X357.832 Y179.517
G1 X357.832 Y179.810
G1 X357.979 Y179.957
G1 X357.979 Y180.249
G1 X358.125 Y180.396
G1 X358.125 Y180.542
G1 X358.418 Y180.835
G1 X358.564 Y180.982
G1 X358.564 Y181.128
G1 X358.711 Y181.274
G1 X358.857 Y181.421
G1 X359.004 Y181.567
G1 X359.150 Y181.714
G1 X359.296 Y181.860
G1 X359.443 Y182.006
G1 X359.589 Y182.153
G1 X359.736 Y182.299
G1 X359.736 Y182.446
G1 X360.614 Y183.324
G1 X360.614 Y183.470
G1 X360.760 Y183.617
G1 X360.907 Y183.763
G1 X360.907 Y183.910
G1 X361.053 Y184.056
G1 X361.053 Y184.349
G1 X361.200 Y184.495
G1 X361.200 Y184.788
G1 X361.346 Y184.934
G1 X361.346 Y185.081
G1 X361.493 Y185.227
G1 X361.639 Y185.374
G1 X361.639 Y185.813
G1 X361.493 Y185.959
G1 X361.493 Y186.106
G1 X361.346 Y186.252
G1 X361.346 Y186.398
G1 X361.200 Y186.545
G1 X361.200 Y186.691
G1 X360.907 Y186.984
G1 X360.760 Y187.130
G1 X360.614 Y187.277
G1 X360.321 Y187.570
G1 X360.175 Y187.570
G1 X360.028 Y187.716
G1 X359.882 Y187.862
G1 X359.736 Y188.009
G1 X359.589 Y188.009
G1 X359.296 Y188.302
G1 X359.150 Y188.302
G1 X359.004 Y188.448
G1 X358.857 Y188.448
G1 X358.711 Y188.595
G1 X358.564 Y188.741
G1 X358.418 Y188.741
G1 X358.272 Y188.887
G1 X357.832 Y188.887
G1 X357.686 Y189.034
G1 X357.247 Y189.034
G1 X357.100 Y189.180
G1 X354.465 Y189.180
G1 X354.465 Y189.034
G1 X354.465 Y189.180
G1 X354.319 Y189.327
G1 X354.319 Y189.473
G1 X354.172 Y189.619
G1 X354.172 Y189.912
G1 X354.026 Y190.059
G1 X353.880 Y190.205
G1 X353.880 Y190.351
G1 X353.294 Y190.937
G1 X353.147 Y190.937
G1 X353.001 Y191.083
G1 X352.708 Y191.083
G1 X352.562 Y191.230
G1 X351.976 Y191.230
G1 X351.830 Y191.376
G1 X351.244 Y191.376
G1 X351.098 Y191.230
G1 X350.366 Y191.230
G1 X350.219 Y191.083
G1 X350.073 Y191.083
G1 X349.927 Y190.937
G1 X349.780 Y190.791
G1 X349.634 Y190.644
G1 X349.487 Y190.498
G1 X349.341 Y190.351
G1 X349.195 Y190.205
G1 X349.048 Y190.059
G1 X348.902 Y189.912
G1 X348.755 Y189.766
G1 X348.609 Y189.619
G1 X348.609 Y189.473
G1 X348.463 Y189.327
G1 X348.463 Y187.862
G1 X348.609 Y187.716
G1 X348.609 Y187.570
G1 X348.755 Y187.423
G1 X348.755 Y187.277
G1 X349.048 Y186.984
G1 X349.195 Y186.838
G1 X349.341 Y186.691
G1 X349.780 Y186.252
G1 X349.927 Y186.106
G1 X350.073 Y185.959
G1 X350.219 Y185.813
G1 X351.537 Y185.813
G1 X351.683 Y185.959
G1 X351.830 Y185.959
G1 X351.976 Y186.106
G1 X352.123 Y186.106
G1 X352.269 Y186.252
G1 X352.415 Y186.252
G1 X352.562 Y186.398
G1 X352.708 Y186.545
G1 X352.855 Y186.691
G1 X353.001 Y186.691
G1 X353.147 Y186.838
G1 X353.294 Y186.984
G1 X354.026 Y187.716
G1 X354.026 Y188.009
G1 X354.172 Y188.155
G1 X354.172 Y188.448
G1 X354.319 Y188.595
G1 X354.319 Y188.741
G1 X354.465 Y188.887
G1 X354.465 Y189.034
G1 X354.465 Y188.887
G1 X354.319 Y188.741
G1 X354.319 Y188.595
G1 X354.172 Y188.448
G1 X354.172 Y188.155
G1 X354.026 Y188.009
G1 X354.026 Y187.716
G1 X353.294 Y186.984
G1 X353.147 Y186.838
G1 X353.001 Y186.691
G1 X352.855 Y186.691
G1 X352.708 Y186.545
G1 X352.562 Y186.398
G1 X352.415 Y186.252
G1 X352.269 Y186.252
G1 X352.123 Y186.106
G1 X351.976 Y186.106
G1 X351.830 Y185.959
G1 X351.683 Y185.959
G1 X351.537 Y185.813
G1 X350.219 Y185.813
G1 X350.073 Y185.959
G1 X349.927 Y186.106
G1 X349.780 Y186.252
G1 X349.341 Y186.691
G1 X349.195 Y186.838
G1 X349.048 Y186.984
G1 X348.755 Y187.277
G1 X348.755 Y187.423
G1 X348.609 Y187.570
G1 X348.609 Y187.716
G1 X348.463 Y187.862
G1 X348.463 Y189.327
G1 X348.609 Y189.473
G1 X348.609 Y189.619
G1 X348.755 Y189.766
G1 X348.902 Y189.912
G1 X349.048 Y190.059
G1 X349.195 Y190.205
G1 X349.341 Y190.351
G1 X349.487 Y190.498
G1 X349.634 Y190.644
G1 X349.780 Y190.791
G1 X349.927 Y190.937
G1 X350.073 Y191.083
G1 X350.219 Y191.083
G1 X350.366 Y191.230
G1 X351.098 Y191.230
G1 X351.244 Y191.376
G1 X351.830 Y191.376
G1 X351.976 Y191.230
G1 X352.562 Y191.230
G1 X352.708 Y191.083
G1 X353.001 Y191.083
G1 X353.147 Y190.937
G1 X353.294 Y190.937
G1 X353.880 Y190.351
G1 X353.880 Y190.205
G1 X354.026 Y190.059
G1 X354.172 Y189.912
G1 X354.172 Y189.619
G1 X354.319 Y189.473
G1 X354.319 Y189.327
G1 X354.465 Y189.180
G1 X357.100 Y189.180
G1 X357.247 Y189.034
G1 X357.686 Y189.034
G1 X357.832 Y188.887
G1 X358.272 Y188.887
G1 X358.418 Y188.741
G1 X358.564 Y188.741
G1 X358.711 Y188.595
G1 X358.857 Y188.448
G1 X359.004 Y188.448
G1 X359.150 Y188.302
G1 X359.296 Y188.302
G1 X359.589 Y188.009
G1 X359.736 Y188.009
G1 X359.882 Y187.862
G1 X360.028 Y187.716
G1 X360.175 Y187.570
G1 X360.321 Y187.570
G1 X360.614 Y187.277
G1 X360.760 Y187.130
G1 X360.907 Y186.984
G1 X361.200 Y186.691
G1 X361.200 Y186.545
G1 X361.346 Y186.398
G1 X361.346 Y186.252
G1 X361.493 Y186.106
G1 X361.493 Y185.959
G1 X361.639 Y185.813
G1 X361.639 Y185.520
G1 X361.785 Y185.520
G1 X361.932 Y185.374
G1 X362.371 Y185.374
G1 X362.517 Y185.227
G1 X362.957 Y185.227
G1 X363.103 Y185.081
G1 X363.396 Y185.081
G1 X363.542 Y184.934
G1 X363.981 Y184.934
G1 X364.128 Y184.788
G1 X364.274 Y184.788
G1 X364.421 Y184.642
G1 X364.567 Y184.495
G1 X364.713 Y184.349
G1 X364.860 Y184.349
G1 X365.006 Y184.202
G1 X365.153 Y184.056
G1 X365.299 Y183.910
G1 X365.445 Y183.763
G1 X365.592 Y183.617
G1 X365.738 Y183.470
G1 X365.885 Y183.324
G1 X366.031 Y183.178
G1 X366.177 Y183.031
G1 X366.324 Y182.885
G1 X366.324 Y182.592
G1 X366.470 Y182.446
G1 X366.470 Y182.153
G1 X366.617 Y182.006
G1 X366.617 Y181.860
G1 X366.763 Y181.714
G1 X366.763 Y181.128
G1 X367.056 Y180.835
G1 X367.056 Y179.957
G1 X367.202 Y179.810
G1 X367.202 Y179.078
G1 X367.349 Y178.932
G1 X367.349 Y175.565
G1 X367.495 Y175.565
G1 X367.349 Y175.565
G1 X367.349 Y175.418
G1 X367.202 Y175.418
G1 X367.056 Y175.272
G1 X366.909 Y175.272
G1 X366.763 Y175.125
G1 X366.617 Y174.979
G1 X366.470 Y174.833
G1 X366.470 Y174.686
G1 X366.324 Y174.540
G1 X366.324 Y174.247
G1 X366.177 Y174.101
G1 X366.177 Y173.954
G1 X366.031 Y173.808
G1 X366.031 Y173.515
G1 X365.885 Y173.369
G1 X365.885 Y173.222
G1 X365.738 Y173.076
G1 X365.738 Y172.636
G1 X365.592 Y172.490
G1 X365.445 Y172.344
G1 X365.445 Y172.197
G1 X365.299 Y172.051
G1 X365.299 Y171.904
G1 X365.153 Y171.758
G1 X365.153 Y171.465
G1 X365.006 Y171.319
G1 X365.006 Y171.026
G1 X364.713 Y170.733
G1 X364.713 Y170.587
G1 X364.567 Y170.440
G1 X364.567 Y170.294
G1 X364.421 Y170.148
G1 X364.421 Y170.001
G1 X364.274 Y169.855
G1 X364.128 Y169.708
G1 X364.128 Y169.562
G1 X363.981 Y169.416
G1 X363.981 Y169.269
G1 X363.835 Y169.123
G1 X363.835 Y168.976
G1 X363.689 Y168.830
G1 X363.689 Y168.684
G1 X363.103 Y168.098
G1 X363.103 Y167.952
G1 X362.957 Y167.805
G1 X362.810 Y167.659
G1 X362.664 Y167.512
G1 X362.664 Y167.366
G1 X362.517 Y167.220
G1 X362.371 Y167.073
G1 X361.932 Y166.634
G1 X361.785 Y166.488
G1 X361.639 Y166.341
G1 X361.493 Y166.341
G1 X361.346 Y166.195
G1 X361.053 Y166.195
G1 X360.907 Y166.048
G1 X360.760 Y165.902
G1 X360.614 Y165.756
G1 X360.468 Y165.609
G1 X360.614 Y165.756
G1 X360.760 Y165.902
G1 X360.907 Y166.048
G1 X361.053 Y166.195
G1 X361.346 Y166.195
G1 X361.493 Y166.341
G1 X361.639 Y166.341
G1 X361.785 Y166.488
G1 X361.932 Y166.634
G1 X362.371 Y167.073
G1 X362.517 Y167.220
G1 X362.664 Y167.366
G1 X362.664 Y167.512
G1 X362.810 Y167.659
G1 X362.957 Y167.805
G1 X363.103 Y167.952
G1 X363.103 Y168.098
G1 X363.689 Y168.684
G1 X363.689 Y168.830
G1 X363.835 Y168.976
G1 X363.835 Y169.123
G1 X363.981 Y169.269
G1 X363.981 Y169.416
G1 X364.128 Y169.562
G1 X364.128 Y169.708
G1 X364.274 Y169.855
G1 X364.421 Y170.001
G1 X364.421 Y170.148
G1 X364.567 Y170.294
G1 X364.567 Y170.440
G1 X364.713 Y170.587
G1 X364.713 Y170.733
G1 X365.006 Y171.026
G1 X365.006 Y171.319
G1 X365.153 Y171.465
G1 X365.153 Y171.758
G1 X365.299 Y171.904
G1 X365.299 Y172.051
G1 X365.445 Y172.197
G1 X365.445 Y172.344
G1 X365.592 Y172.490
G1 X365.738 Y172.636
G1 X365.738 Y173.076
G1 X365.885 Y173.222
G1 X365.885 Y173.369
G1 X366.031 Y173.515
G1 X366.031 Y173.808
G1 X366.177 Y173.954
G1 X366.177 Y174.101
G1 X366.324 Y174.247
G1 X366.324 Y174.540
G1 X366.470 Y174.686
G1 X366.470 Y174.833
G1 X366.617 Y174.979
G1 X366.763 Y175.125
G1 X366.909 Y175.272
G1 X367.056 Y175.272
G1 X367.202 Y175.418
G1 X367.495 Y175.418
G1 X367.495 Y175.565
G1 X367.495 Y175.418
G1 X367.788 Y175.418
G1 X367.934 Y175.272
G1 X369.545 Y175.272
G1 X369.691 Y175.125
G1 X370.277 Y175.125
G1 X370.423 Y174.979
G1 X370.716 Y174.979
G1 X370.862 Y174.833
G1 X371.009 Y174.833
G1 X371.155 Y174.686
G1 X371.302 Y174.686
G1 X371.448 Y174.540
G1 X371.594 Y174.540
G1 X371.887 Y174.247
G1 X372.034 Y174.101
G1 X372.180 Y173.954
G1 X372.619 Y173.515
G1 X372.766 Y173.369
G1 X372.912 Y173.222
G1 X373.205 Y172.929
G1 X373.205 Y172.783
G1 X373.351 Y172.636
G1 X373.498 Y172.490
G1 X373.498 Y172.344
G1 X373.644 Y172.197
G1 X373.644 Y172.051
G1 X373.790 Y171.904
G1 X373.790 Y171.758
G1 X373.937 Y171.612
G1 X373.937 Y171.465
G1 X374.230 Y171.172
G1 X374.230 Y171.026
G1 X374.376 Y170.880
G1 X374.376 Y170.733
G1 X374.522 Y170.587
G1 X374.522 Y170.440
G1 X374.669 Y170.294
G1 X374.669 Y170.148
G1 X374.815 Y170.001
G1 X374.962 Y169.855
G1 X374.962 Y169.708
G1 X375.108 Y169.562
G1 X375.108 Y169.416
G1 X375.254 Y169.269
G1 X375.254 Y169.123
G1 X375.401 Y168.976
G1 X375.401 Y168.684
G1 X375.547 Y168.537
G1 X375.547 Y168.391
G1 X375.694 Y168.244
G1 X375.694 Y168.098
G1 X375.840 Y167.952
G1 X375.840 Y167.805
G1 X375.986 Y167.659
G1 X375.986 Y167.512
G1 X376.133 Y167.366
G1 X376.133 Y167.073
G1 X376.426 Y166.780
G1 X376.426 Y166.634
G1 X376.572 Y166.488
G1 X376.572 Y166.341
G1 X376.719 Y166.195
G1 X376.719 Y166.048
G1 X376.865 Y165.902
G1 X376.865 Y165.756
G1 X377.011 Y165.609
G1 X377.011 Y165.463
G1 X377.158 Y165.316
G1 X377.158 Y165.170
G1 X377.304 Y165.023
G1 X377.304 Y164.877
G1 X377.451 Y164.731
G1 X377.451 Y164.584
G1 X377.597 Y164.438
G1 X377.743 Y164.291
G1 X377.743 Y163.999
G1 X378.036 Y163.706
G1 X378.036 Y163.559
G1 X378.183 Y163.413
G1 X378.329 Y163.267
G1 X378.475 Y163.120
G1 X378.475 Y162.974
G1 X378.768 Y162.681
G1 X378.915 Y162.535
G1 X379.061 Y162.388
G1 X379.500 Y161.949
G1 X379.647 Y161.803
G1 X379.793 Y161.656
G1 X380.232 Y161.217
G1 X380.379 Y161.071
G1 X380.525 Y160.924
G1 X380.671 Y160.924
G1 X380.818 Y160.778
G1 X381.111 Y160.778
G1 X381.257 Y160.631
G1 X381.696 Y160.631
G1 X381.843 Y160.485
G1 X382.428 Y160.485
G1 X382.575 Y160.339
G1 X383.160 Y160.339
G1 X383.160 Y160.192
G1 X383.307 Y160.046
G1 X383.307 Y159.753
G1 X383.453 Y159.607
G1 X383.599 Y159.460
G1 X383.599 Y159.314
G1 X383.746 Y159.167
G1 X383.746 Y159.021
G1 X384.039 Y158.728
G1 X384.039 Y158.582
G1 X384.185 Y158.435
G1 X384.185 Y158.289
G1 X384.332 Y158.143
G1 X384.478 Y157.996
G1 X384.478 Y157.703
G1 X384.624 Y157.557
G1 X384.624 Y157.264
G1 X384.771 Y157.118
G1 X384.771 Y156.825
G1 X385.064 Y156.825
G1 X385.210 Y156.678
G1 X388.138 Y156.678
G1 X388.284 Y156.825
G1 X389.456 Y156.825
G1 X389.602 Y156.971
G1 X390.188 Y156.971
G1 X390.334 Y157.118
G1 X390.627 Y157.118
G1 X390.773 Y157.264
G1 X391.212 Y157.264
G1 X391.359 Y157.410
G1 X391.505 Y157.410
G1 X391.652 Y157.557
G1 X391.945 Y157.557
G1 X391.945 Y157.703
G1 X391.798 Y157.850
G1 X391.798 Y158.728
G1 X391.652 Y158.875
G1 X391.652 Y159.899
G1 X391.505 Y160.046
G1 X391.505 Y160.485
G1 X391.359 Y160.631
G1 X391.359 Y160.924
G1 X391.212 Y161.071
G1 X391.212 Y161.363
G1 X391.066 Y161.510
G1 X391.066 Y161.803
G1 X390.920 Y161.949
G1 X390.920 Y162.242
G1 X390.773 Y162.388
G1 X390.773 Y162.827
G1 X390.627 Y162.974
G1 X390.627 Y163.267
G1 X390.480 Y163.413
G1 X390.334 Y163.559
G1 X390.334 Y163.852
G1 X390.188 Y163.999
G1 X390.188 Y164.291
G1 X390.041 Y164.438
G1 X390.041 Y164.731
G1 X389.895 Y164.877
G1 X389.895 Y165.170
G1 X389.748 Y165.316
G1 X389.748 Y165.609
G1 X389.602 Y165.756
G1 X389.602 Y166.048
G1 X389.456 Y166.195
G1 X389.456 Y166.634
G1 X389.309 Y166.780
G1 X389.309 Y167.073
G1 X389.163 Y167.220
G1 X389.163 Y167.366
G1 X389.016 Y167.512
G1 X388.870 Y167.659
G1 X388.724 Y167.659
G1 X388.577 Y167.805
G1 X388.284 Y167.805
G1 X388.577 Y167.805
G1 X388.724 Y167.659
G1 X388.870 Y167.659
G1 X389.016 Y167.512
G1 X389.163 Y167.366
G1 X389.163 Y167.220
G1 X389.309 Y167.073
G1 X389.309 Y166.780
G1 X389.456 Y166.634
G1 X389.456 Y166.195
G1 X389.602 Y166.048
G1 X389.602 Y165.756
G1 X389.748 Y165.609
G1 X389.748 Y165.316
G1 X389.895 Y165.170
G1 X389.895 Y164.877
G1 X390.041 Y164.731
G1 X390.041 Y164.438
G1 X390.188 Y164.291
G1 X390.188 Y163.999
G1 X390.334 Y163.852
G1 X390.334 Y163.559
G1 X390.480 Y163.413
G1 X390.627 Y163.267
G1 X390.627 Y162.974
G1 X390.773 Y162.827
G1 X390.773 Y162.388
G1 X390.920 Y162.242
G1 X390.920 Y161.949
G1 X391.066 Y161.803
G1 X391.066 Y161.510
G1 X391.212 Y161.363
G1 X391.212 Y161.071
G1 X391.359 Y160.924
G1 X391.359 Y160.631
G1 X391.505 Y160.485
G1 X391.505 Y160.046
G1 X391.652 Y159.899
G1 X391.652 Y158.875
G1 X391.798 Y158.728
G1 X391.798 Y157.850
G1 X391.945 Y157.703
G1 X391.945 Y157.557
G1 X391.652 Y157.557
G1 X391.505 Y157.410
G1 X391.359 Y157.410
G1 X391.212 Y157.264
G1 X390.773 Y157.264
G1 X390.627 Y157.118
G1 X390.334 Y157.118
G1 X390.188 Y156.971
G1 X389.602 Y156.971
G1 X389.456 Y156.825
G1 X388.284 Y156.825
G1 X388.138 Y156.678
G1 X385.210 Y156.678
G1 X385.064 Y156.825
G1 X384.771 Y156.825
G1 X384.771 Y154.629
G1 X384.917 Y154.482
G1 X384.917 Y153.165
G1 X385.064 Y153.018
G1 X385.064 Y152.872
G1 X385.210 Y152.726
G1 X385.210 Y152.286
G1 X385.356 Y152.140
G1 X385.356 Y151.701
G1 X385.503 Y151.554
G1 X385.503 Y151.262
G1 X385.649 Y151.115
G1 X385.649 Y150.822
G1 X385.796 Y150.676
G1 X385.942 Y150.530
G1 X385.942 Y150.383
G1 X386.088 Y150.237
G1 X386.088 Y150.090
G1 X386.235 Y149.944
G1 X386.235 Y149.797
G1 X386.381 Y149.651
G1 X386.528 Y149.505
G1 X386.528 Y149.358
G1 X386.674 Y149.212
G1 X386.820 Y149.065
G1 X386.967 Y148.919
G1 X386.967 Y148.773
G1 X387.113 Y148.626
G1 X387.113 Y148.333
G1 X387.260 Y148.187
G1 X387.406 Y148.041
G1 X387.552 Y147.894
G1 X387.699 Y147.894
G1 X387.552 Y147.894
G1 X387.552 Y147.748
G1 X387.699 Y147.748
G1 X387.845 Y147.894
G1 X387.992 Y147.894
G1 X388.138 Y148.041
G1 X388.577 Y148.041
G1 X388.724 Y148.187
G1 X389.163 Y148.187
G1 X389.309 Y148.333
G1 X389.602 Y148.333
G1 X389.748 Y148.480
G1 X390.041 Y148.480
G1 X390.188 Y148.626
G1 X390.627 Y148.626
G1 X390.773 Y148.773
G1 X391.652 Y148.773
G1 X391.798 Y148.919
G1 X394.287 Y148.919
G1 X394.287 Y149.944
G1 X394.141 Y150.090
G1 X394.141 Y151.408
G1 X393.994 Y151.554
G1 X393.994 Y151.994
G1 X393.848 Y152.140
G1 X393.848 Y152.433
G1 X393.701 Y152.579
G1 X393.701 Y153.165
G1 X393.555 Y153.311
G1 X393.555 Y153.604
G1 X393.262 Y153.897
G1 X393.262 Y154.336
G1 X393.116 Y154.482
G1 X393.116 Y154.922
G1 X392.969 Y155.068
G1 X392.969 Y155.507
G1 X392.823 Y155.654
G1 X392.823 Y155.946
G1 X392.677 Y156.093
G1 X392.677 Y156.386
G1 X392.530 Y156.532
G1 X392.530 Y156.971
G1 X392.384 Y157.118
G1 X392.384 Y157.264
G1 X392.237 Y157.410
G1 X392.091 Y157.557
G1 X391.945 Y157.557
G1 X392.091 Y157.557
G1 X392.237 Y157.410
G1 X392.384 Y157.264
G1 X392.384 Y157.118
G1 X392.530 Y156.971
G1 X392.530 Y156.532
G1 X392.677 Y156.386
G1 X392.677 Y156.093
G1 X392.823 Y155.946
G1 X392.823 Y155.654
G1 X392.969 Y155.507
G1 X392.969 Y155.068
G1 X393.116 Y154.922
G1 X393.116 Y154.482
G1 X393.262 Y154.336
G1 X393.262 Y153.897
G1 X393.555 Y153.604
G1 X393.555 Y153.311
G1 X393.701 Y153.165
G1 X393.701 Y152.579
G1 X393.848 Y152.433
G1 X393.848 Y152.140
G1 X393.994 Y151.994
G1 X393.994 Y151.554
G1 X394.141 Y151.408
G1 X394.141 Y150.090
G1 X394.287 Y149.944
G1 X394.287 Y148.919
G1 X391.798 Y148.919
G1 X391.652 Y148.773
G1 X390.773 Y148.773
G1 X390.627 Y148.626
G1 X390.188 Y148.626
G1 X390.041 Y148.480
G1 X389.748 Y148.480
G1 X389.602 Y148.333
G1 X389.309 Y148.333
G1 X389.163 Y148.187
G1 X388.724 Y148.187
G1 X388.577 Y148.041
G1 X388.138 Y148.041
G1 X387.992 Y147.894
G1 X387.845 Y147.894
G1 X387.699 Y147.748
G1 X387.552 Y147.748
G1 X387.406 Y147.601
G1 X387.406 Y147.162
G1 X387.260 Y147.016
G1 X387.260 Y146.430
G1 X387.113 Y146.284
G1 X387.113 Y144.820
G1 X386.967 Y144.673
G1 X386.967 Y144.234
G1 X386.820 Y144.088
G1 X386.674 Y143.941
G1 X386.674 Y143.795
G1 X386.528 Y143.795
G1 X386.674 Y143.795
G1 X386.674 Y143.649
G1 X386.528 Y143.649
G1 X386.381 Y143.795
G1 X386.235 Y143.941
G1 X385.796 Y143.941
G1 X385.649 Y144.088
G1 X385.064 Y144.088
G1 X384.917 Y144.234
G1 X384.771 Y144.234
G1 X384.478 Y144.527
G1 X384.332 Y144.527
G1 X384.185 Y144.673
G1 X384.039 Y144.673
G1 X383.892 Y144.820
G1 X383.746 Y144.820
G1 X383.599 Y144.966
G1 X383.453 Y145.113
G1 X383.307 Y145.113
G1 X383.160 Y145.259
G1 X382.867 Y145.552
G1 X382.721 Y145.552
G1 X382.282 Y145.991
G1 X382.135 Y146.137
G1 X381.989 Y146.284
G1 X381.550 Y146.723
G1 X381.403 Y146.869
G1 X381.403 Y147.016
G1 X381.257 Y147.162
G1 X381.111 Y147.309
G1 X380.964 Y147.455
G1 X380.525 Y147.894
G1 X380.525 Y148.041
G1 X380.379 Y148.187
G1 X380.232 Y148.333
G1 X380.232 Y148.480
G1 X379.939 Y148.773
G1 X379.939 Y148.919
G1 X379.793 Y149.065
G1 X379.793 Y149.212
G1 X379.647 Y149.358
G1 X379.647 Y149.505
G1 X379.500 Y149.651
G1 X379.354 Y149.797
G1 X379.354 Y149.944
G1 X379.207 Y150.090
G1 X379.207 Y150.383
G1 X379.061 Y150.530
G1 X379.061 Y150.822
G1 X378.915 Y150.969
G1 X378.915 Y151.115
G1 X378.768 Y151.262
G1 X378.768 Y151.554
G1 X378.622 Y151.701
G1 X378.622 Y151.994
G1 X378.475 Y152.140
G1 X378.475 Y152.433
G1 X378.329 Y152.579
G1 X378.329 Y152.872
G1 X378.183 Y153.018
G1 X378.183 Y153.311
G1 X378.036 Y153.458
G1 X378.036 Y153.897
G1 X377.890 Y154.043
G1 X377.890 Y154.336
G1 X377.743 Y154.482
G1 X377.743 Y154.922
G1 X377.597 Y155.068
G1 X377.597 Y155.214
G1 X377.451 Y155.361
G1 X377.451 Y155.507
G1 X377.304 Y155.654
G1 X377.304 Y155.800
G1 X377.158 Y155.946
G1 X377.158 Y156.093
G1 X377.011 Y156.239
G1 X377.011 Y156.386
G1 X376.133 Y157.264
G1 X375.986 Y157.410
G1 X375.840 Y157.557
G1 X375.694 Y157.703
G1 X375.547 Y157.703
G1 X375.401 Y157.850
G1 X375.254 Y157.850
G1 X375.108 Y157.996
G1 X374.962 Y158.143
G1 X374.522 Y158.143
G1 X374.376 Y158.289
G1 X373.205 Y158.289
G1 X373.058 Y158.143
G1 X372.619 Y158.143
G1 X372.473 Y157.996
G1 X372.326 Y157.996
G1 X372.180 Y157.850
G1 X372.034 Y157.850
G1 X371.887 Y157.703
G1 X371.594 Y157.703
G1 X371.448 Y157.557
G1 X371.302 Y157.410
G1 X371.302 Y157.264
G1 X371.155 Y157.118
G1 X371.009 Y156.971
G1 X371.009 Y156.825
G1 X370.862 Y156.678
G1 X370.862 Y156.532
G1 X370.277 Y156.532
G1 X370.130 Y156.386
G1 X369.545 Y156.386
G1 X369.398 Y156.239
G1 X368.813 Y156.239
G1 X368.666 Y156.093
G1 X368.227 Y156.093
G1 X368.081 Y155.946
G1 X367.934 Y155.946
G1 X367.788 Y155.800
G1 X367.641 Y155.800
G1 X367.495 Y155.654
G1 X367.349 Y155.507
G1 X367.202 Y155.507
G1 X366.909 Y155.214
G1 X366.617 Y155.214
G1 X366.470 Y155.068
G1 X366.177 Y155.068
G1 X366.031 Y154.922
G1 X365.885 Y154.775
G1 X365.592 Y154.775
G1 X365.592 Y154.043
G1 X365.738 Y153.897
G1 X365.738 Y152.579
G1 X365.885 Y152.433
G1 X365.885 Y151.701
G1 X366.031 Y151.554
G1 X366.031 Y151.115
G1 X366.177 Y150.969
G1 X366.177 Y150.383
G1 X366.324 Y150.237
G1 X366.324 Y149.797
G1 X366.470 Y149.651
G1 X366.470 Y149.212
G1 X366.617 Y149.065
G1 X366.617 Y148.626
G1 X366.763 Y148.480
G1 X366.763 Y147.894
G1 X366.909 Y147.748
G1 X366.909 Y147.309
G1 X367.349 Y146.869
G1 X366.909 Y147.309
G1 X366.909 Y147.748
G1 X366.763 Y147.894
G1 X366.763 Y148.480
G1 X366.617 Y148.626
G1 X366.617 Y149.065
G1 X366.470 Y149.212
G1 X366.470 Y149.651
G1 X366.324 Y149.797
G1 X366.324 Y150.237
G1 X366.177 Y150.383
G1 X366.177 Y150.969
G1 X366.031 Y151.115
G1 X366.031 Y151.554
G1 X365.885 Y151.701
G1 X365.885 Y152.433
G1 X365.738 Y152.579
G1 X365.738 Y153.897
G1 X365.592 Y154.043
G1 X365.592 Y154.629
G1 X365.738 Y154.629
G1 X365.592 Y154.629
G1 X365.592 Y154.775
G1 X365.445 Y154.775
G1 X365.299 Y154.922
G1 X365.153 Y155.068
G1 X365.006 Y155.214
G1 X364.860 Y155.361
G1 X364.860 Y155.507
G1 X364.567 Y155.800
G1 X364.567 Y156.093
G1 X364.421 Y156.239
G1 X364.421 Y156.386
G1 X364.274 Y156.532
G1 X364.274 Y156.971
G1 X364.128 Y157.118
G1 X364.128 Y157.410
G1 X363.981 Y157.557
G1 X363.981 Y157.850
G1 X363.835 Y157.996
G1 X363.835 Y158.582
G1 X363.689 Y158.728
G1 X363.689 Y159.460
G1 X363.542 Y159.607
G1 X363.542 Y160.192
G1 X363.396 Y160.192
G1 X363.249 Y160.339
G1 X363.103 Y160.339
G1 X362.957 Y160.485
G1 X362.810 Y160.631
G1 X362.664 Y160.778
G1 X362.517 Y160.924
G1 X362.517 Y161.071
G1 X362.225 Y161.363
G1 X362.225 Y161.510
G1 X362.078 Y161.656
G1 X361.932 Y161.803
G1 X361.932 Y161.949
G1 X361.785 Y162.095
G1 X361.639 Y162.242
G1 X361.639 Y162.388
G1 X361.493 Y162.535
G1 X361.493 Y162.681
G1 X361.346 Y162.827
G1 X361.346 Y162.974
G1 X361.053 Y163.267
G1 X361.053 Y163.413
G1 X360.760 Y163.706
G1 X360.760 Y163.999
G1 X360.614 Y164.145
G1 X360.614 Y164.584
G1 X360.468 Y164.731
G1 X360.468 Y165.023
G1 X360.321 Y165.170
G1 X360.321 Y165.609
G1 X360.028 Y165.609
G1 X359.882 Y165.756
G1 X359.736 Y165.756
G1 X359.589 Y165.902
G1 X359.296 Y165.902
G1 X359.150 Y166.048
G1 X359.004 Y166.048
G1 X357.540 Y167.512
G1 X357.540 Y167.659
G1 X357.393 Y167.805
G1 X357.247 Y167.952
G1 X357.247 Y168.098
G1 X357.100 Y168.244
G1 X356.954 Y168.391
G1 X356.808 Y168.537
G1 X356.808 Y168.684
G1 X356.661 Y168.830
G1 X356.661 Y169.123
G1 X356.515 Y169.269
G1 X356.515 Y169.416
G1 X356.368 Y169.562
G1 X356.368 Y169.855
G1 X356.222 Y170.001
G1 X356.222 Y170.440
G1 X356.076 Y170.587
G1 X356.076 Y171.026
G1 X356.076 Y170.880
G1 X355.929 Y170.880
G1 X356.076 Y170.880
G1 X356.076 Y170.587
G1 X356.222 Y170.440
G1 X356.222 Y170.001
G1 X356.368 Y169.855
G1 X356.368 Y169.562
G1 X356.515 Y169.416
G1 X356.515 Y169.269
G1 X356.661 Y169.123
G1 X356.661 Y168.830
G1 X356.808 Y168.684
G1 X356.808 Y168.537
G1 X356.954 Y168.391
G1 X357.100 Y168.244
G1 X357.247 Y168.098
G1 X357.247 Y167.952
G1 X357.393 Y167.805
G1 X357.540 Y167.659
G1 X357.540 Y167.512
G1 X359.004 Y166.048
G1 X359.150 Y166.048
G1 X359.296 Y165.902
G1 X359.589 Y165.902
G1 X359.736 Y165.756
G1 X359.882 Y165.756
G1 X360.028 Y165.609
G1 X360.468 Y165.609
G1 X360.321 Y165.609
G1 X360.321 Y165.170
G1 X360.468 Y165.023
G1 X360.468 Y164.731
G1 X360.614 Y164.584
G1 X360.614 Y164.145
G1 X360.760 Y163.999
G1 X360.760 Y163.706
G1 X361.053 Y163.413
G1 X361.053 Y163.267
G1 X361.346 Y162.974
G1 X361.346 Y162.827
G1 X361.493 Y162.681
G1 X361.493 Y162.535
G1 X361.639 Y162.388
G1 X361.639 Y162.242
G1 X361.785 Y162.095
G1 X361.932 Y161.949
G1 X361.932 Y161.803
G1 X362.078 Y161.656
G1 X362.225 Y161.510
G1 X362.225 Y161.363
G1 X362.517 Y161.071
G1 X362.517 Y160.924
G1 X362.664 Y160.778
G1 X362.810 Y160.631
G1 X362.957 Y160.485
G1 X363.103 Y160.339
G1 X363.249 Y160.339
G1 X363.396 Y160.192
G1 X363.542 Y160.192
G1 X363.835 Y160.485
G1 X363.981 Y160.485
G1 X364.128 Y160.631
G1 X364.421 Y160.631
G1 X364.567 Y160.778
G1 X364.713 Y160.778
G1 X364.860 Y160.924
G1 X365.006 Y161.071
G1 X365.153 Y161.217
G1 X365.299 Y161.363
G1 X365.445 Y161.510
G1 X365.592 Y161.656
G1 X365.738 Y161.803
G1 X365.885 Y161.949
G1 X366.031 Y162.095
G1 X366.177 Y162.242
G1 X366.324 Y162.388
G1 X366.470 Y162.535
G1 X366.617 Y162.681
G1 X366.617 Y164.584
G1 X366.763 Y164.731
G1 X366.763 Y165.902
G1 X366.909 Y166.048
G1 X366.909 Y166.488
G1 X367.056 Y166.634
G1 X367.202 Y166.780
G1 X367.202 Y167.073
G1 X367.934 Y167.805
G1 X368.227 Y167.805
G1 X368.373 Y167.952
G1 X369.984 Y167.952
G1 X370.130 Y167.805
G1 X370.570 Y167.805
G1 X370.716 Y167.659
G1 X370.862 Y167.512
G1 X371.009 Y167.366
G1 X371.448 Y166.927
G1 X371.448 Y166.780
G1 X371.594 Y166.634
G1 X371.594 Y165.902
G1 X371.741 Y165.756
G1 X371.741 Y165.316
G1 X371.594 Y165.170
G1 X371.594 Y164.291
G1 X371.448 Y164.145
G1 X371.448 Y163.999
G1 X371.302 Y163.852
G1 X371.302 Y163.559
G1 X371.155 Y163.413
G1 X371.155 Y163.267
G1 X371.009 Y163.120
G1 X370.862 Y162.974
G1 X370.716 Y162.827
G1 X370.570 Y162.681
G1 X370.423 Y162.535
G1 X370.277 Y162.535
G1 X370.130 Y162.388
G1 X367.788 Y162.388
G1 X367.641 Y162.535
G1 X367.349 Y162.535
G1 X367.202 Y162.681
G1 X366.763 Y162.681
G1 X367.202 Y162.681
G1 X367.349 Y162.535
G1 X367.641 Y162.535
G1 X367.788 Y162.388
G1 X370.130 Y162.388
G1 X370.277 Y162.535
G1 X370.423 Y162.535
G1 X370.570 Y162.681
G1 X370.716 Y162.827
G1 X370.862 Y162.974
G1 X371.009 Y163.120
G1 X371.155 Y163.267
G1 X371.155 Y163.413
G1 X371.302 Y163.559
G1 X371.302 Y163.852
G1 X371.448 Y163.999
G1 X371.448 Y164.145
G1 X371.594 Y164.291
G1 X371.594 Y165.170
G1 X371.741 Y165.316
G1 X371.741 Y165.756
G1 X371.594 Y165.902
G1 X371.594 Y166.634
G1 X371.448 Y166.780
G1 X371.448 Y166.927
G1 X371.009 Y167.366
G1 X370.862 Y167.512
G1 X370.716 Y167.659
G1 X370.570 Y167.805
G1 X370.130 Y167.805
G1 X369.984 Y167.952
G1 X368.373 Y167.952
G1 X368.227 Y167.805
G1 X367.934 Y167.805
G1 X367.202 Y167.073
G1 X367.202 Y166.780
G1 X367.056 Y166.634
G1 X366.909 Y166.488
G1 X366.909 Y166.048
G1 X366.763 Y165.902
G1 X366.763 Y164.731
G1 X366.617 Y164.584
G1 X366.617 Y162.681
G1 X366.763 Y162.681
G1 X366.617 Y162.681
G1 X366.470 Y162.535
G1 X366.324 Y162.388
G1 X366.177 Y162.242
G1 X366.031 Y162.095
G1 X365.885 Y161.949
G1 X365.738 Y161.803
G1 X365.592 Y161.656
G1 X365.445 Y161.510
G1 X365.299 Y161.363
G1 X365.153 Y161.217
G1 X365.006 Y161.071
G1 X364.860 Y160.924
G1 X364.713 Y160.778
G1 X364.567 Y160.778
G1 X364.421 Y160.631
G1 X364.128 Y160.631
G1 X363.981 Y160.485
G1 X363.835 Y160.485
G1 X363.542 Y160.192
G1 X363.542 Y159.607
G1 X363.689 Y159.460
G1 X363.689 Y158.728
G1 X363.835 Y158.582
G1 X363.835 Y157.996
G1 X363.981 Y157.850
G1 X363.981 Y157.557
G1 X364.128 Y157.410
G1 X364.128 Y157.118
G1 X364.274 Y156.971
G1 X364.274 Y156.532
G1 X364.421 Y156.386
G1 X364.421 Y156.239
G1 X364.567 Y156.093
G1 X364.567 Y155.800
G1 X364.860 Y155.507
G1 X364.860 Y155.361
G1 X365.006 Y155.214
G1 X365.153 Y155.068
G1 X365.299 Y154.922
G1 X365.445 Y154.775
G1 X365.738 Y154.775
G1 X365.738 Y154.629
G1 X365.738 Y154.775
G1 X365.885 Y154.775
G1 X366.031 Y154.922
G1 X366.177 Y155.068
G1 X366.470 Y155.068
G1 X366.617 Y155.214
G1 X366.909 Y155.214
G1 X367.202 Y155.507
G1 X367.349 Y155.507
G1 X367.495 Y155.654
G1 X367.641 Y155.800
G1 X367.788 Y155.800
G1 X367.934 Y155.946
G1 X368.081 Y155.946
G1 X368.227 Y156.093
G1 X368.666 Y156.093
G1 X368.813 Y156.239
G1 X369.398 Y156.239
G1 X369.545 Y156.386
G1 X370.130 Y156.386
G1 X370.277 Y156.532
G1 X370.862 Y156.532
G1 X371.009 Y156.386
G1 X371.155 Y156.239
G1 X371.302 Y156.093
G1 X371.302 Y155.946
G1 X371.448 Y155.800
G1 X371.448 Y155.654
G1 X371.594 Y155.507
G1 X371.741 Y155.361
G1 X371.887 Y155.214
G1 X372.034 Y155.068
G1 X372.180 Y154.922
G1 X372.326 Y154.775
G1 X372.473 Y154.629
G1 X372.473 Y154.482
G1 X372.619 Y154.336
G1 X372.766 Y154.190
G1 X372.766 Y153.750
G1 X372.912 Y153.604
G1 X372.912 Y153.018
G1 X373.058 Y152.872
G1 X373.058 Y152.433
G1 X372.912 Y152.286
G1 X372.912 Y151.408
G1 X372.766 Y151.262
G1 X372.766 Y150.969
G1 X372.619 Y150.822
G1 X372.619 Y150.676
G1 X372.473 Y150.530
G1 X372.473 Y150.383
G1 X372.326 Y150.237
G1 X372.326 Y150.090
G1 X372.180 Y149.944
G1 X372.180 Y149.797
G1 X372.034 Y149.651
G1 X371.887 Y149.505
G1 X371.887 Y149.358
G1 X370.130 Y147.601
G1 X369.984 Y147.601
G1 X369.838 Y147.455
G1 X369.691 Y147.455
G1 X369.545 Y147.309
G1 X369.398 Y147.309
G1 X369.252 Y147.162
G1 X368.666 Y147.162
G1 X368.520 Y147.016
G1 X367.934 Y147.016
G1 X367.788 Y146.869
G1 X367.495 Y146.869
G1 X367.788 Y146.869
G1 X367.934 Y147.016
G1 X368.520 Y147.016
G1 X368.666 Y147.162
G1 X369.252 Y147.162
G1 X369.398 Y147.309
G1 X369.545 Y147.309
G1 X369.691 Y147.455
G1 X369.838 Y147.455
G1 X369.984 Y147.601
G1 X370.130 Y147.601
G1 X371.887 Y149.358
G1 X371.887 Y149.505
G1 X372.034 Y149.651
G1 X372.180 Y149.797
G1 X372.180 Y149.944
G1 X372.326 Y150.090
G1 X372.326 Y150.237
G1 X372.473 Y150.383
G1 X372.473 Y150.530
G1 X372.619 Y150.676
G1 X372.619 Y150.822
G1 X372.766 Y150.969
G1 X372.766 Y151.262
G1 X372.912 Y151.408
G1 X372.912 Y152.286
G1 X373.058 Y152.433
G1 X373.058 Y152.872
G1 X372.912 Y153.018
G1 X372.912 Y153.604
G1 X372.766 Y153.750
G1 X372.766 Y154.190
G1 X372.619 Y154.336
G1 X372.473 Y154.482
G1 X372.473 Y154.629
G1 X372.326 Y154.775
G1 X372.180 Y154.922
G1 X372.034 Y155.068
G1 X371.887 Y155.214
G1 X371.741 Y155.361
G1 X371.594 Y155.507
G1 X371.448 Y155.654
G1 X371.448 Y155.800
G1 X371.302 Y155.946
G1 X371.302 Y156.093
G1 X371.155 Y156.239
G1 X371.009 Y156.386
G1 X370.862 Y156.532
G1 X370.862 Y156.678
G1 X371.009 Y156.825
G1 X371.009 Y156.971
G1 X371.155 Y157.118
G1 X371.302 Y157.264
G1 X371.302 Y157.410
G1 X371.448 Y157.557
G1 X371.594 Y157.703
G1 X371.887 Y157.703
G1 X372.034 Y157.850
G1 X372.180 Y157.850
G1 X372.326 Y157.996
G1 X372.473 Y157.996
G1 X372.619 Y158.143
G1 X373.058 Y158.143
G1 X373.205 Y158.289
G1 X374.376 Y158.289
G1 X374.522 Y158.143
G1 X374.962 Y158.143
G1 X375.108 Y157.996
G1 X375.254 Y157.850
G1 X375.401 Y157.850
G1 X375.547 Y157.703
G1 X375.694 Y157.703
G1 X375.840 Y157.557
G1 X375.986 Y157.410
G1 X376.133 Y157.264
G1 X377.011 Y156.386
G1 X377.011 Y156.239
G1 X377.158 Y156.093
G1 X377.158 Y155.946
G1 X377.304 Y155.800
G1 X377.304 Y155.654
G1 X377.451 Y155.507
G1 X377.451 Y155.361
G1 X377.597 Y155.214
G1 X377.597 Y155.068
G1 X377.743 Y154.922
G1 X377.743 Y154.482
G1 X377.890 Y154.336
G1 X377.890 Y154.043
G1 X378.036 Y153.897
G1 X378.036 Y153.458
G1 X378.183 Y153.311
G1 X378.183 Y153.018
G1 X378.329 Y152.872
G1 X378.329 Y152.579
G1 X378.475 Y152.433
G1 X378.475 Y152.140
G1 X378.622 Y151.994
G1 X378.622 Y151.701
G1 X378.768 Y151.554
G1 X378.768 Y151.262
G1 X378.915 Y151.115
G1 X378.915 Y150.969
G1 X379.061 Y150.822
G1 X379.061 Y150.530
G1 X379.207 Y150.383
G1 X379.207 Y150.090
G1 X379.354 Y149.944
G1 X379.354 Y149.797
G1 X379.500 Y149.651
G1 X379.647 Y149.505
G1 X379.647 Y149.358
G1 X379.793 Y149.212
G1 X379.793 Y149.065
G1 X379.939 Y148.919
G1 X379.939 Y148.773
G1 X380.232 Y148.480
G1 X380.232 Y148.333
G1 X380.379 Y148.187
G1 X380.525 Y148.041
G1 X380.525 Y147.894
G1 X380.964 Y147.455
G1 X381.111 Y147.309
G1 X381.257 Y147.162
G1 X381.403 Y147.016
G1 X381.403 Y146.869
G1 X381.550 Y146.723
G1 X381.989 Y146.284
G1 X382.135 Y146.137
G1 X382.282 Y145.991
G1 X382.721 Y145.552
G1 X382.867 Y145.552
G1 X383.160 Y145.259
G1 X383.307 Y145.113
G1 X383.453 Y145.113
G1 X383.599 Y144.966
G1 X383.746 Y144.820
G1 X383.892 Y144.820
G1 X384.039 Y144.673
G1 X384.185 Y144.673
G1 X384.332 Y144.527
G1 X384.478 Y144.527
G1 X384.771 Y144.234
G1 X384.917 Y144.234
G1 X385.064 Y144.088
G1 X385.649 Y144.088
G1 X385.796 Y143.941
G1 X386.235 Y143.941
G1 X386.381 Y143.795
G1 X386.528 Y143.649
G1 X386.674 Y143.649
G1 X386.674 Y143.209
G1 X386.820 Y143.063
G1 X386.820 Y142.624
G1 X386.967 Y142.477
G1 X386.967 Y142.184
G1 X387.113 Y142.038
G1 X387.113 Y141.745
G1 X387.260 Y141.599
G1 X387.260 Y141.452
G1 X387.406 Y141.306
G1 X387.406 Y141.160
G1 X387.552 Y141.013
G1 X387.699 Y140.867
G1 X387.699 Y140.720
G1 X387.845 Y140.574
G1 X387.845 Y140.428
G1 X388.138 Y140.135
G1 X388.284 Y139.988
G1 X388.284 Y139.842
G1 X388.431 Y139.696
G1 X388.577 Y139.549
G1 X388.724 Y139.403
G1 X388.870 Y139.256
G1 X389.016 Y139.110
G1 X389.163 Y138.964
G1 X389.163 Y138.817
G1 X389.602 Y138.378
G1 X389.748 Y138.378
G1 X389.602 Y138.378
G1 X389.602 Y138.232
G1 X389.748 Y138.232
G1 X389.895 Y138.378
G1 X390.188 Y138.378
G1 X390.334 Y138.524
G1 X391.066 Y138.524
G1 X391.212 Y138.671
G1 X392.237 Y138.671
G1 X392.384 Y138.817
G1 X392.677 Y138.817
G1 X392.823 Y138.964
G1 X392.969 Y138.964
G1 X393.116 Y139.110
G1 X393.409 Y139.110
G1 X393.555 Y139.256
G1 X393.994 Y139.256
G1 X394.141 Y139.403
G1 X394.433 Y139.403
G1 X394.580 Y139.549
G1 X395.019 Y139.549
G1 X395.019 Y140.720
G1 X395.165 Y140.867
G1 X395.165 Y143.502
G1 X395.019 Y143.649
G1 X395.019 Y146.430
G1 X394.873 Y146.577
G1 X394.873 Y147.309
G1 X394.726 Y147.455
G1 X394.726 Y147.748
G1 X394.580 Y147.894
G1 X394.580 Y148.333
G1 X394.433 Y148.480
G1 X394.433 Y148.626
G1 X394.287 Y148.773
G1 X394.287 Y148.919
G1 X394.287 Y148.773
G1 X394.433 Y148.626
G1 X394.433 Y148.480
G1 X394.580 Y148.333
G1 X394.580 Y147.894
G1 X394.726 Y147.748
G1 X394.726 Y147.455
G1 X394.873 Y147.309
G1 X394.873 Y146.577
G1 X395.019 Y146.430
G1 X395.019 Y143.649
G1 X395.165 Y143.502
G1 X395.165 Y140.867
G1 X395.019 Y140.720
G1 X395.019 Y139.549
G1 X394.580 Y139.549
G1 X394.433 Y139.403
G1 X394.141 Y139.403
G1 X393.994 Y139.256
G1 X393.555 Y139.256
G1 X393.409 Y139.110
G1 X393.116 Y139.110
G1 X392.969 Y138.964
G1 X392.823 Y138.964
G1 X392.677 Y138.817
G1 X392.384 Y138.817
G1 X392.237 Y138.671
G1 X391.212 Y138.671
G1 X391.066 Y138.524
G1 X390.334 Y138.524
G1 X390.188 Y138.378
G1 X389.895 Y138.378
G1 X389.748 Y138.232
G1 X389.602 Y138.232
G1 X389.602 Y137.792
G1 X389.456 Y137.646
G1 X389.456 Y136.768
G1 X389.309 Y136.621
G1 X389.309 Y133.986
G1 X389.163 Y133.839
G1 X389.163 Y132.522
G1 X389.309 Y132.375
G1 X389.309 Y131.204
G1 X389.456 Y131.058
G1 X389.456 Y130.765
G1 X389.602 Y130.619
G1 X389.602 Y130.033
G1 X389.748 Y129.887
G1 X389.748 Y129.740
G1 X389.895 Y129.594
G1 X389.895 Y129.447
G1 X390.041 Y129.301
G1 X390.041 Y129.155
G1 X390.188 Y129.008
G1 X390.188 Y128.862
G1 X390.334 Y128.715
G1 X390.480 Y128.569
G1 X390.627 Y128.423
G1 X390.627 Y128.276
G1 X392.384 Y126.519
G1 X392.530 Y126.519
G1 X392.677 Y126.373
G1 X392.969 Y126.373
G1 X393.116 Y126.226
G1 X393.701 Y126.226
G1 X393.555 Y126.226
G1 X393.701 Y126.080
G1 X393.848 Y126.226
G1 X393.994 Y126.373
G1 X394.141 Y126.519
G1 X394.287 Y126.666
G1 X394.433 Y126.812
G1 X394.580 Y126.958
G1 X394.726 Y127.105
G1 X394.726 Y127.251
G1 X395.312 Y127.837
G1 X395.312 Y128.130
G1 X395.458 Y128.276
G1 X395.458 Y128.423
G1 X395.605 Y128.423
G1 X395.458 Y128.423
G1 X395.458 Y128.569
G1 X395.165 Y128.862
G1 X395.165 Y130.326
G1 X395.019 Y130.472
G1 X395.019 Y130.765
G1 X394.873 Y130.911
G1 X394.873 Y131.790
G1 X394.726 Y131.936
G1 X394.726 Y132.668
G1 X394.580 Y132.815
G1 X394.580 Y133.107
G1 X394.433 Y133.254
G1 X394.433 Y133.986
G1 X394.433 Y133.254
G1 X394.580 Y133.107
G1 X394.580 Y132.815
G1 X394.726 Y132.668
G1 X394.726 Y131.936
G1 X394.873 Y131.790
G1 X394.873 Y130.911
G1 X395.019 Y130.765
G1 X395.019 Y130.472
G1 X395.165 Y130.326
G1 X395.165 Y128.862
G1 X395.458 Y128.569
G1 X395.605 Y128.569
G1 X395.605 Y128.423
G1 X395.605 Y128.569
G1 X395.897 Y128.569
G1 X396.044 Y128.715
G1 X397.654 Y128.715
G1 X397.801 Y128.862
G1 X398.093 Y128.862
G1 X398.240 Y129.008
G1 X398.533 Y129.008
G1 X398.533 Y129.155
G1 X398.679 Y129.301
G1 X398.679 Y130.911
G1 X398.533 Y131.058
G1 X398.533 Y132.668
G1 X398.386 Y132.815
G1 X398.386 Y133.107
G1 X398.240 Y133.254
G1 X398.240 Y133.547
G1 X398.093 Y133.693
G1 X397.947 Y133.839
G1 X397.947 Y133.986
G1 X397.801 Y134.132
G1 X397.801 Y134.279
G1 X397.654 Y134.425
G1 X397.654 Y134.571
G1 X397.508 Y134.718
G1 X397.361 Y134.864
G1 X397.361 Y135.011
G1 X397.215 Y135.157
G1 X397.215 Y135.304
G1 X397.069 Y135.450
G1 X397.069 Y135.596
G1 X396.922 Y135.743
G1 X396.922 Y135.889
G1 X396.776 Y136.036
G1 X396.776 Y136.182
G1 X396.629 Y136.328
G1 X396.629 Y136.475
G1 X396.483 Y136.621
G1 X396.337 Y136.768
G1 X396.190 Y136.914
G1 X396.190 Y137.060
G1 X396.044 Y137.207
G1 X396.044 Y137.353
G1 X395.751 Y137.646
G1 X395.751 Y137.792
G1 X395.605 Y137.939
G1 X395.605 Y138.232
G1 X395.458 Y138.378
G1 X395.458 Y138.817
G1 X395.312 Y138.964
G1 X395.312 Y139.110
G1 X395.165 Y139.256
G1 X395.165 Y139.403
G1 X395.019 Y139.549
G1 X395.165 Y139.403
G1 X395.165 Y139.256
G1 X395.312 Y139.110
G1 X395.312 Y138.964
G1 X395.458 Y138.817
G1 X395.458 Y138.378
G1 X395.605 Y138.232
G1 X395.605 Y137.939
G1 X395.751 Y137.792
G1 X395.751 Y137.646
G1 X396.044 Y137.353
G1 X396.044 Y137.207
G1 X396.190 Y137.060
G1 X396.190 Y136.914
G1 X396.337 Y136.768
G1 X396.483 Y136.621
G1 X396.629 Y136.475
G1 X396.629 Y136.328
G1 X396.776 Y136.182
G1 X396.776 Y136.036
G1 X396.922 Y135.889
G1 X396.922 Y135.743
G1 X397.069 Y135.596
G1 X397.069 Y135.450
G1 X397.215 Y135.304
G1 X397.215 Y135.157
G1 X397.361 Y135.011
G1 X397.361 Y134.864
G1 X397.508 Y134.718
G1 X397.654 Y134.571
G1 X397.654 Y134.425
G1 X397.801 Y134.279
G1 X397.801 Y134.132
G1 X397.947 Y133.986
G1 X397.947 Y133.839
G1 X398.093 Y133.693
G1 X398.240 Y133.547
G1 X398.240 Y133.254
G1 X398.386 Y133.107
G1 X398.386 Y132.815
G1 X398.533 Y132.668
G1 X398.533 Y131.058
G1 X398.679 Y130.911
G1 X398.679 Y129.301
G1 X398.533 Y129.155
G1 X398.533 Y129.008
G1 X398.679 Y128.862
G1 X398.679 Y126.958
G1 X398.826 Y126.812
G1 X398.825 Y126.666
G1 X398.825 Y126.373
G1 X398.826 Y126.226
G1 X398.826 Y126.080
G1 X398.825 Y125.934
G1 X398.825 Y125.641
G1 X398.972 Y125.494
G1 X398.972 Y124.323
G1 X399.118 Y124.177
G1 X399.118 Y123.298
G1 X399.265 Y123.152
G1 X399.265 Y122.274
G1 X399.411 Y122.127
G1 X399.411 Y120.517
G1 X399.558 Y120.370
G1 X399.558 Y119.931
G1 X398.826 Y119.931
G1 X398.679 Y120.077
G1 X397.947 Y120.077
G1 X397.801 Y120.224
G1 X397.361 Y120.224
G1 X397.215 Y120.370
G1 X397.069 Y120.370
G1 X396.629 Y120.810
G1 X396.483 Y120.810
G1 X396.337 Y120.956
G1 X396.190 Y121.102
G1 X396.044 Y121.249
G1 X395.897 Y121.395
G1 X395.751 Y121.542
G1 X395.605 Y121.688
G1 X395.458 Y121.834
G1 X395.312 Y121.981
G1 X395.165 Y122.127
G1 X395.019 Y122.274
G1 X394.873 Y122.420
G1 X394.726 Y122.566
G1 X394.580 Y122.713
G1 X394.580 Y122.859
G1 X394.433 Y123.006
G1 X394.433 Y123.152
G1 X394.287 Y123.298
G1 X394.287 Y123.445
G1 X394.141 Y123.591
G1 X394.141 Y124.030
G1 X393.994 Y124.177
G1 X393.994 Y124.909
G1 X393.848 Y125.055
G1 X393.848 Y125.494
G1 X393.701 Y125.641
G1 X393.701 Y126.080
G1 X393.701 Y125.641
G1 X393.848 Y125.494
G1 X393.848 Y125.055
G1 X393.994 Y124.909
G1 X393.994 Y124.177
G1 X394.141 Y124.030
G1 X394.141 Y123.591
G1 X394.287 Y123.445
G1 X394.287 Y123.298
G1 X394.433 Y123.152
G1 X394.433 Y123.006
G1 X394.580 Y122.859
G1 X394.580 Y122.713
G1 X394.726 Y122.566
G1 X394.873 Y122.420
G1 X395.019 Y122.274
G1 X395.165 Y122.127
G1 X395.312 Y121.981
G1 X395.458 Y121.834
G1 X395.605 Y121.688
G1 X395.751 Y121.542
G1 X395.897 Y121.395
G1 X396.044 Y121.249
G1 X396.190 Y121.102
G1 X396.337 Y120.956
G1 X396.483 Y120.810
G1 X396.629 Y120.810
G1 X397.069 Y120.370
G1 X397.215 Y120.370
G1 X397.361 Y120.224
G1 X397.801 Y120.224
G1 X397.947 Y120.077
G1 X398.679 Y120.077
G1 X398.826 Y119.931
G1 X399.558 Y119.931
G1 X399.704 Y119.785
G1 X399.704 Y119.638
G1 X399.850 Y119.492
G1 X399.850 Y119.345
G1 X399.997 Y119.199
G1 X399.997 Y119.053
G1 X400.143 Y118.906
G1 X400.143 Y118.467
G1 X400.290 Y118.321
G1 X400.290 Y117.296
G1 X400.436 Y117.149
G1 X400.436 Y116.125
G1 X399.850 Y116.125
G1 X399.704 Y116.271
G1 X399.265 Y116.271
G1 X399.118 Y116.417
G1 X398.386 Y116.417
G1 X398.240 Y116.564
G1 X397.801 Y116.564
G1 X397.654 Y116.710
G1 X396.776 Y116.710
G1 X396.629 Y116.857
G1 X395.605 Y116.857
G1 X395.458 Y117.003
G1 X394.287 Y117.003
G1 X394.141 Y116.857
G1 X394.141 Y116.710
G1 X393.994 Y116.564
G1 X393.994 Y114.514
G1 X393.848 Y114.368
G1 X393.848 Y112.611
G1 X393.994 Y112.464
G1 X393.994 Y111.000
G1 X394.141 Y110.854
G1 X394.141 Y109.244
G1 X394.287 Y109.097
G1 X394.287 Y106.608
G1 X394.433 Y106.462
G1 X394.433 Y103.534
G1 X394.580 Y103.387
G1 X394.580 Y100.752
G1 X394.433 Y100.606
G1 X394.287 Y100.459
G1 X394.141 Y100.313
G1 X393.994 Y100.167
G1 X393.848 Y100.020
G1 X393.701 Y100.167
G1 X393.555 Y100.167
G1 X393.409 Y100.313
G1 X393.116 Y100.313
G1 X392.969 Y100.459
G1 X392.823 Y100.459
G1 X392.677 Y100.606
G1 X392.530 Y100.606
G1 X391.945 Y101.191
G1 X391.945 Y101.338
G1 X391.798 Y101.484
G1 X391.798 Y101.631
G1 X391.652 Y101.777
G1 X391.652 Y101.923
G1 X391.505 Y102.070
G1 X391.505 Y102.216
G1 X391.359 Y102.363
G1 X391.212 Y102.509
G1 X391.066 Y102.655
G1 X391.066 Y102.802
G1 X390.920 Y102.948
G1 X390.920 Y103.095
G1 X390.773 Y103.241
G1 X390.773 Y103.534
G1 X390.627 Y103.680
G1 X390.627 Y103.827
G1 X390.480 Y103.973
G1 X390.334 Y104.119
G1 X390.334 Y104.266
G1 X390.188 Y104.412
G1 X390.188 Y104.559
G1 X390.041 Y104.705
G1 X390.041 Y104.851
G1 X389.895 Y104.998
G1 X389.895 Y105.291
G1 X389.748 Y105.437
G1 X389.602 Y105.584
G1 X389.602 Y105.730
G1 X389.456 Y105.876
G1 X389.456 Y106.023
G1 X389.309 Y106.169
G1 X389.309 Y106.316
G1 X389.163 Y106.462
G1 X389.163 Y106.608
G1 X389.016 Y106.755
G1 X389.016 Y106.901
G1 X388.870 Y107.048
G1 X388.870 Y107.194
G1 X388.577 Y107.487
G1 X388.577 Y107.780
G1 X388.431 Y107.926
G1 X388.431 Y108.072
G1 X388.284 Y108.219
G1 X388.284 Y108.658
G1 X388.138 Y108.804
G1 X388.138 Y109.244
G1 X387.992 Y109.390
G1 X387.992 Y110.122
G1 X387.845 Y110.122
G1 X387.845 Y109.976
G1 X387.845 Y110.122
G1 X387.699 Y110.122
G1 X387.552 Y110.268
G1 X387.406 Y110.268
G1 X387.260 Y110.415
G1 X387.113 Y110.415
G1 X386.820 Y110.708
G1 X386.820 Y110.854
G1 X386.674 Y111.000
G1 X386.674 Y111.147
G1 X386.381 Y111.440
G1 X386.381 Y111.586
G1 X386.235 Y111.732
G1 X386.235 Y111.879
G1 X386.088 Y112.025
G1 X386.088 Y112.172
G1 X385.796 Y112.464
G1 X385.796 Y112.611
G1 X385.649 Y112.757
G1 X385.649 Y112.904
G1 X385.503 Y113.050
G1 X385.503 Y113.197
G1 X385.356 Y113.343
G1 X385.356 Y113.489
G1 X385.210 Y113.636
G1 X385.064 Y113.782
G1 X385.064 Y113.929
G1 X384.917 Y114.075
G1 X384.917 Y114.221
G1 X384.771 Y114.368
G1 X384.771 Y114.514
G1 X384.624 Y114.661
G1 X384.624 Y114.807
G1 X384.478 Y114.953
G1 X384.478 Y115.100
G1 X384.332 Y115.246
G1 X384.332 Y115.393
G1 X384.185 Y115.539
G1 X384.185 Y115.685
G1 X384.039 Y115.832
G1 X383.892 Y115.978
G1 X383.892 Y116.125
G1 X383.746 Y116.271
G1 X383.746 Y116.417
G1 X383.599 Y116.564
G1 X383.599 Y116.710
G1 X383.453 Y116.857
G1 X383.307 Y117.003
G1 X383.307 Y117.296
G1 X383.160 Y117.442
G1 X383.160 Y117.881
G1 X383.014 Y118.028
G1 X383.014 Y118.613
G1 X382.867 Y118.760
G1 X382.867 Y119.199
G1 X382.721 Y119.345
G1 X382.721 Y119.931
G1 X382.575 Y119.931
G1 X382.428 Y120.077
G1 X382.282 Y120.077
G1 X382.135 Y120.224
G1 X381.989 Y120.224
G1 X381.843 Y120.370
G1 X381.696 Y120.370
G1 X381.550 Y120.517
G1 X381.403 Y120.663
G1 X381.257 Y120.810
G1 X381.257 Y120.956
G1 X381.111 Y121.102
G1 X381.111 Y121.249
G1 X380.964 Y121.395
G1 X380.964 Y121.542
G1 X380.818 Y121.688
G1 X380.818 Y121.834
G1 X380.525 Y122.127
G1 X380.525 Y122.274
G1 X380.379 Y122.420
G1 X380.379 Y123.006
G1 X380.232 Y123.152
G1 X380.232 Y123.591
G1 X380.086 Y123.738
G1 X380.086 Y124.616
G1 X379.939 Y124.616
G1 X379.939 Y124.470
G1 X379.939 Y124.616
G1 X379.647 Y124.616
G1 X379.500 Y124.762
G1 X379.354 Y124.762
G1 X379.061 Y125.055
G1 X378.915 Y125.202
G1 X378.768 Y125.348
G1 X378.622 Y125.494
G1 X378.622 Y125.641
G1 X378.475 Y125.787
G1 X378.329 Y125.934
G1 X378.329 Y126.080
G1 X378.183 Y126.226
G1 X378.183 Y126.373
G1 X378.036 Y126.519
G1 X378.036 Y126.666
G1 X377.890 Y126.812
G1 X377.743 Y126.958
G1 X377.743 Y127.105
G1 X377.597 Y127.251
G1 X377.597 Y127.398
G1 X377.451 Y127.544
G1 X377.451 Y127.691
G1 X377.304 Y127.837
G1 X377.304 Y127.983
G1 X377.158 Y128.130
G1 X377.011 Y128.276
G1 X377.011 Y128.423
G1 X376.719 Y128.715
G1 X376.719 Y128.862
G1 X376.572 Y129.008
G1 X376.572 Y129.155
G1 X376.426 Y129.301
G1 X376.426 Y129.447
G1 X376.279 Y129.594
G1 X376.279 Y129.740
G1 X376.133 Y129.887
G1 X376.133 Y130.326
G1 X375.986 Y130.472
G1 X375.986 Y131.058
G1 X375.840 Y131.204
G1 X375.840 Y131.790
G1 X375.694 Y131.790
G1 X375.694 Y131.643
G1 X375.694 Y131.790
G1 X375.547 Y131.790
G1 X375.401 Y131.936
G1 X375.254 Y131.936
G1 X375.108 Y132.083
G1 X374.815 Y132.083
G1 X374.669 Y132.229
G1 X374.522 Y132.229
G1 X374.376 Y132.375
G1 X374.230 Y132.522
G1 X374.083 Y132.668
G1 X373.937 Y132.815
G1 X373.790 Y132.961
G1 X373.790 Y133.107
G1 X373.644 Y133.254
G1 X373.205 Y133.693
G1 X373.205 Y133.839
G1 X372.912 Y134.132
G1 X372.766 Y134.279
G1 X372.619 Y134.425
G1 X372.619 Y134.571
G1 X372.473 Y134.718
G1 X372.326 Y134.864
G1 X372.180 Y135.011
G1 X372.180 Y135.157
G1 X372.034 Y135.304
G1 X371.887 Y135.450
G1 X371.741 Y135.596
G1 X371.741 Y135.743
G1 X371.594 Y135.889
G1 X371.448 Y136.036
G1 X371.302 Y136.182
G1 X371.302 Y136.328
G1 X371.155 Y136.475
G1 X371.155 Y136.621
G1 X371.009 Y136.768
G1 X370.862 Y136.914
G1 X370.862 Y137.207
G1 X370.716 Y137.353
G1 X370.570 Y137.500
G1 X370.570 Y137.646
G1 X370.423 Y137.792
G1 X370.423 Y137.939
G1 X370.130 Y138.232
G1 X370.130 Y138.378
G1 X369.984 Y138.524
G1 X369.984 Y138.671
G1 X369.838 Y138.817
G1 X369.838 Y138.964
G1 X369.691 Y139.110
G1 X369.691 Y139.256
G1 X369.545 Y139.403
G1 X369.545 Y139.549
G1 X369.398 Y139.696
G1 X369.398 Y139.842
G1 X369.252 Y139.988
G1 X369.252 Y140.135
G1 X369.106 Y140.281
G1 X369.106 Y140.574
G1 X368.959 Y140.720
G1 X368.959 Y140.867
G1 X368.813 Y141.013
G1 X368.813 Y141.160
G1 X368.666 Y141.306
G1 X368.666 Y141.599
G1 X368.520 Y141.745
G1 X368.520 Y142.038
G1 X368.373 Y142.184
G1 X368.373 Y142.477
G1 X368.227 Y142.624
G1 X368.227 Y142.770
G1 X368.081 Y142.917
G1 X368.081 Y143.209
G1 X367.934 Y143.356
G1 X367.934 Y143.795
G1 X367.788 Y143.941
G1 X367.788 Y144.234
G1 X367.641 Y144.381
G1 X367.641 Y144.820
G1 X367.495 Y144.966
G1 X367.495 Y145.991
G1 X367.349 Y146.137
G1 X367.349 Y146.869
G1 X367.495 Y146.869
G1 X367.349 Y146.869
G1 X367.349 Y146.137
G1 X367.495 Y145.991
G1 X367.495 Y144.966
G1 X367.641 Y144.820
G1 X367.641 Y144.381
G1 X367.788 Y144.234
G1 X367.788 Y143.941
G1 X367.934 Y143.795
G1 X367.934 Y143.356
G1 X368.081 Y143.209
G1 X368.081 Y142.917
G1 X368.227 Y142.770
G1 X368.227 Y142.624
G1 X368.373 Y142.477
G1 X368.373 Y142.184
G1 X368.520 Y142.038
G1 X368.520 Y141.745
G1 X368.666 Y141.599
G1 X368.666 Y141.306
G1 X368.813 Y141.160
G1 X368.813 Y141.013
G1 X368.959 Y140.867
G1 X368.959 Y140.720
G1 X369.106 Y140.574
G1 X369.106 Y140.281
G1 X369.252 Y140.135
G1 X369.252 Y139.988
G1 X369.398 Y139.842
G1 X369.398 Y139.696
G1 X369.545 Y139.549
G1 X369.545 Y139.403
G1 X369.691 Y139.256
G1 X369.691 Y139.110
G1 X369.838 Y138.964
G1 X369.838 Y138.817
G1 X369.984 Y138.671
G1 X369.984 Y138.524
G1 X370.130 Y138.378
G1 X370.130 Y138.232
G1 X370.423 Y137.939
G1 X370.423 Y137.792
G1 X370.570 Y137.646
G1 X370.570 Y137.500
G1 X370.716 Y137.353
G1 X370.862 Y137.207
G1 X370.862 Y136.914
G1 X371.009 Y136.768
G1 X371.155 Y136.621
G1 X371.155 Y136.475
G1 X371.302 Y136.328
G1 X371.302 Y136.182
G1 X371.448 Y136.036
G1 X371.594 Y135.889
G1 X371.741 Y135.743
G1 X371.741 Y135.596
G1 X371.887 Y135.450
G1 X372.034 Y135.304
G1 X372.180 Y135.157
G1 X372.180 Y135.011
G1 X372.326 Y134.864
G1 X372.473 Y134.718
G1 X372.619 Y134.571
G1 X372.619 Y134.425
G1 X372.766 Y134.279
G1 X372.912 Y134.132
G1 X373.205 Y133.839
G1 X373.205 Y133.693
G1 X373.644 Y133.254
G1 X373.790 Y133.107
G1 X373.790 Y132.961
G1 X373.937 Y132.815
G1 X374.083 Y132.668
G1 X374.230 Y132.522
G1 X374.376 Y132.375
G1 X374.522 Y132.229
G1 X374.669 Y132.229
G1 X374.815 Y132.083
G1 X375.108 Y132.083
G1 X375.254 Y131.936
G1 X375.401 Y131.936
G1 X375.547 Y131.790
G1 X375.840 Y131.790
G1 X376.279 Y132.229
G1 X376.426 Y132.375
G1 X376.572 Y132.522
G1 X376.719 Y132.668
G1 X376.719 Y132.961
G1 X376.865 Y133.107
G1 X376.865 Y133.254
G1 X377.011 Y133.400
G1 X377.011 Y133.547
G1 X377.158 Y133.693
G1 X377.158 Y133.839
G1 X377.304 Y133.986
G1 X377.304 Y134.132
G1 X377.451 Y134.279
G1 X377.451 Y134.425
G1 X377.597 Y134.571
G1 X377.597 Y134.718
G1 X377.743 Y134.864
G1 X377.743 Y135.011
G1 X377.890 Y135.157
G1 X377.890 Y135.304
G1 X378.036 Y135.450
G1 X378.036 Y135.596
G1 X378.183 Y135.743
G1 X378.183 Y136.036
G1 X378.329 Y136.182
G1 X378.329 Y136.328
G1 X378.475 Y136.475
G1 X378.475 Y136.621
G1 X378.768 Y136.914
G1 X378.768 Y137.060
G1 X379.061 Y137.353
G1 X379.061 Y137.500
G1 X379.207 Y137.646
G1 X379.207 Y137.792
G1 X379.647 Y138.232
G1 X379.647 Y138.378
G1 X379.793 Y138.524
G1 X379.793 Y138.671
G1 X380.232 Y139.110
G1 X380.379 Y139.256
G1 X380.379 Y139.403
G1 X380.525 Y139.549
G1 X380.671 Y139.696
G1 X380.818 Y139.842
G1 X381.257 Y140.281
G1 X381.696 Y140.281
G1 X381.843 Y140.428
G1 X382.867 Y140.428
G1 X383.014 Y140.281
G1 X383.307 Y140.281
G1 X383.453 Y140.135
G1 X383.599 Y140.135
G1 X383.892 Y139.842
G1 X384.039 Y139.696
G1 X384.185 Y139.549
G1 X384.332 Y139.403
G1 X384.332 Y139.256
G1 X384.478 Y139.110
G1 X384.478 Y138.964
G1 X384.624 Y138.817
G1 X384.624 Y138.671
G1 X384.771 Y138.524
G1 X384.771 Y138.378
G1 X384.917 Y138.232
G1 X384.917 Y137.939
G1 X385.064 Y137.792
G1 X385.064 Y137.500
G1 X385.210 Y137.353
G1 X385.210 Y136.768
G1 X385.356 Y136.621
G1 X385.356 Y134.864
G1 X385.503 Y134.718
G1 X385.503 Y134.571
G1 X385.356 Y134.425
G1 X385.356 Y133.107
G1 X385.210 Y132.961
G1 X385.210 Y132.083
G1 X385.064 Y131.936
G1 X385.064 Y131.643
G1 X384.917 Y131.497
G1 X384.917 Y131.058
G1 X384.771 Y130.911
G1 X384.771 Y130.619
G1 X384.624 Y130.472
G1 X384.624 Y130.326
G1 X384.478 Y130.179
G1 X384.478 Y130.033
G1 X384.332 Y129.887
G1 X384.332 Y129.740
G1 X384.185 Y129.594
G1 X384.039 Y129.447
G1 X384.039 Y129.155
G1 X383.746 Y128.862
G1 X383.746 Y128.715
G1 X383.599 Y128.569
G1 X383.599 Y128.423
G1 X383.453 Y128.276
G1 X383.307 Y128.130
G1 X383.307 Y127.983
G1 X383.160 Y127.837
G1 X382.867 Y127.544
G1 X382.867 Y127.398
G1 X382.721 Y127.251
G1 X382.428 Y126.958
G1 X382.428 Y126.812
G1 X381.989 Y126.373
G1 X381.843 Y126.226
G1 X381.696 Y126.080
G1 X381.696 Y125.934
G1 X381.550 Y125.787
G1 X381.403 Y125.641
G1 X381.257 Y125.494
G1 X381.111 Y125.348
G1 X380.964 Y125.202
G1 X380.818 Y125.055
G1 X380.671 Y124.909
G1 X380.525 Y124.762
G1 X380.379 Y124.762
G1 X380.232 Y124.616
G1 X380.379 Y124.762
G1 X380.525 Y124.762
G1 X380.671 Y124.909
G1 X380.818 Y125.055
G1 X380.964 Y125.202
G1 X381.111 Y125.348
G1 X381.257 Y125.494
G1 X381.403 Y125.641
G1 X381.550 Y125.787
G1 X381.696 Y125.934
G1 X381.696 Y126.080
G1 X381.843 Y126.226
G1 X381.989 Y126.373
G1 X382.428 Y126.812
G1 X382.428 Y126.958
G1 X382.721 Y127.251
G1 X382.867 Y127.398
G1 X382.867 Y127.544
G1 X383.160 Y127.837
G1 X383.307 Y127.983
G1 X383.307 Y128.130
G1 X383.453 Y128.276
G1 X383.599 Y128.423
G1 X383.599 Y128.569
G1 X383.746 Y128.715
G1 X383.746 Y128.862
G1 X384.039 Y129.155
G1 X384.039 Y129.447
G1 X384.185 Y129.594
G1 X384.332 Y129.740
G1 X384.332 Y129.887
G1 X384.478 Y130.033
G1 X384.478 Y130.179
G1 X384.624 Y130.326
G1 X384.624 Y130.472
G1 X384.771 Y130.619
G1 X384.771 Y130.911
G1 X384.917 Y131.058
G1 X384.917 Y131.497
G1 X385.064 Y131.643
G1 X385.064 Y131.936
G1 X385.210 Y132.083
G1 X385.210 Y132.961
G1 X385.356 Y133.107
G1 X385.356 Y134.425
G1 X385.503 Y134.571
G1 X385.503 Y134.718
G1 X385.356 Y134.864
G1 X385.356 Y136.621
G1 X385.210 Y136.768
G1 X385.210 Y137.353
G1 X385.064 Y137.500
G1 X385.064 Y137.792
G1 X384.917 Y137.939
G1 X384.917 Y138.232
G1 X384.771 Y138.378
G1 X384.771 Y138.524
G1 X384.624 Y138.671
G1 X384.624 Y138.817
G1 X384.478 Y138.964
G1 X384.478 Y139.110
G1 X384.332 Y139.256
G1 X384.332 Y139.403
G1 X384.185 Y139.549
G1 X384.039 Y139.696
G1 X383.892 Y139.842
G1 X383.599 Y140.135
G1 X383.453 Y140.135
G1 X383.307 Y140.281
G1 X383.014 Y140.281
G1 X382.867 Y140.428
G1 X381.843 Y140.428
G1 X381.696 Y140.281
G1 X381.257 Y140.281
G1 X380.818 Y139.842
G1 X380.671 Y139.696
G1 X380.525 Y139.549
G1 X380.379 Y139.403
G1 X380.379 Y139.256
G1 X380.232 Y139.110
G1 X379.793 Y138.671
G1 X379.793 Y138.524
G1 X379.647 Y138.378
G1 X379.647 Y138.232
G1 X379.207 Y137.792
G1 X379.207 Y137.646
G1 X379.061 Y137.500
G1 X379.061 Y137.353
G1 X378.768 Y137.060
G1 X378.768 Y136.914
G1 X378.475 Y136.621
G1 X378.475 Y136.475
G1 X378.329 Y136.328
G1 X378.329 Y136.182
G1 X378.183 Y136.036
G1 X378.183 Y135.743
G1 X378.036 Y135.596
G1 X378.036 Y135.450
G1 X377.890 Y135.304
G1 X377.890 Y135.157
G1 X377.743 Y135.011
G1 X377.743 Y134.864
G1 X377.597 Y134.718
G1 X377.597 Y134.571
G1 X377.451 Y134.425
G1 X377.451 Y134.279
G1 X377.304 Y134.132
G1 X377.304 Y133.986
G1 X377.158 Y133.839
G1 X377.158 Y133.693
G1 X377.011 Y133.547
G1 X377.011 Y133.400
G1 X376.865 Y133.254
G1 X376.865 Y133.107
G1 X376.719 Y132.961
G1 X376.719 Y132.668
G1 X376.572 Y132.522
G1 X376.426 Y132.375
G1 X376.279 Y132.229
G1 X375.840 Y131.790
G1 X375.840 Y131.643
G1 X375.694 Y131.643
G1 X375.840 Y131.643
G1 X375.840 Y131.204
G1 X375.986 Y131.058
G1 X375.986 Y130.472
G1 X376.133 Y130.326
G1 X376.133 Y129.887
G1 X376.279 Y129.740
G1 X376.279 Y129.594
G1 X376.426 Y129.447
G1 X376.426 Y129.301
G1 X376.572 Y129.155
G1 X376.572 Y129.008
G1 X376.719 Y128.862
G1 X376.719 Y128.715
G1 X377.011 Y128.423
G1 X377.011 Y128.276
G1 X377.158 Y128.130
G1 X377.304 Y127.983
G1 X377.304 Y127.837
G1 X377.451 Y127.691
G1 X377.451 Y127.544
G1 X377.597 Y127.398
G1 X377.597 Y127.251
G1 X377.743 Y127.105
G1 X377.743 Y126.958
G1 X377.890 Y126.812
G1 X378.036 Y126.666
G1 X378.036 Y126.519
G1 X378.183 Y126.373
G1 X378.183 Y126.226
G1 X378.329 Y126.080
G1 X378.329 Y125.934
G1 X378.475 Y125.787
G1 X378.622 Y125.641
G1 X378.622 Y125.494
G1 X378.768 Y125.348
G1 X378.915 Y125.202
G1 X379.061 Y125.055
G1 X379.354 Y124.762
G1 X379.500 Y124.762
G1 X379.647 Y124.616
G1 X380.232 Y124.616
G1 X380.086 Y124.616
G1 X380.086 Y124.470
G1 X379.939 Y124.470
G1 X380.086 Y124.470
G1 X380.086 Y123.738
G1 X380.232 Y123.591
G1 X380.232 Y123.152
G1 X380.379 Y123.006
G1 X380.379 Y122.420
G1 X380.525 Y122.274
G1 X380.525 Y122.127
G1 X380.818 Y121.834
G1 X380.818 Y121.688
G1 X380.964 Y121.542
G1 X380.964 Y121.395
G1 X381.111 Y121.249
G1 X381.111 Y121.102
G1 X381.257 Y120.956
G1 X381.257 Y120.810
G1 X381.403 Y120.663
G1 X381.550 Y120.517
G1 X381.696 Y120.370
G1 X381.843 Y120.370
G1 X381.989 Y120.224
G1 X382.135 Y120.224
G1 X382.282 Y120.077
G1 X382.428 Y120.077
G1 X382.575 Y119.931
G1 X382.721 Y119.931
G1 X382.867 Y120.077
G1 X383.014 Y120.077
G1 X383.160 Y120.224
G1 X383.307 Y120.370
G1 X383.599 Y120.370
G1 X383.746 Y120.517
G1 X384.039 Y120.517
G1 X384.185 Y120.663
G1 X384.478 Y120.663
G1 X384.624 Y120.810
G1 X384.917 Y120.810
G1 X385.064 Y120.956
G1 X385.356 Y120.956
G1 X385.503 Y121.102
G1 X385.942 Y121.102
G1 X386.088 Y121.249
G1 X386.381 Y121.249
G1 X386.528 Y121.395
G1 X386.820 Y121.395
G1 X386.967 Y121.542
G1 X388.870 Y121.542
G1 X389.016 Y121.395
G1 X389.309 Y121.395
G1 X389.456 Y121.249
G1 X389.602 Y121.249
G1 X389.748 Y121.102
G1 X389.895 Y121.102
G1 X390.041 Y120.956
G1 X390.188 Y120.810
G1 X390.334 Y120.663
G1 X390.627 Y120.370
G1 X390.627 Y120.224
G1 X390.773 Y120.077
G1 X390.773 Y119.785
G1 X390.920 Y119.638
G1 X390.920 Y119.345
G1 X391.066 Y119.199
G1 X391.066 Y118.174
G1 X390.920 Y118.028
G1 X390.920 Y117.442
G1 X390.773 Y117.296
G1 X390.773 Y117.149
G1 X390.627 Y117.003
G1 X390.627 Y116.271
G1 X390.480 Y116.125
G1 X390.334 Y115.978
G1 X390.334 Y115.539
G1 X390.188 Y115.393
G1 X390.188 Y114.953
G1 X390.041 Y114.807
G1 X390.041 Y114.368
G1 X389.895 Y114.221
G1 X389.895 Y113.636
G1 X389.748 Y113.489
G1 X389.748 Y113.197
G1 X389.602 Y113.050
G1 X389.602 Y112.757
G1 X389.456 Y112.611
G1 X389.456 Y112.172
G1 X389.309 Y112.025
G1 X389.309 Y111.293
G1 X389.016 Y111.000
G1 X389.016 Y110.854
G1 X388.870 Y110.708
G1 X388.724 Y110.561
G1 X388.577 Y110.415
G1 X388.431 Y110.415
G1 X388.138 Y110.122
G1 X388.431 Y110.415
G1 X388.577 Y110.415
G1 X388.724 Y110.561
G1 X388.870 Y110.708
G1 X389.016 Y110.854
G1 X389.016 Y111.000
G1 X389.309 Y111.293
G1 X389.309 Y112.025
G1 X389.456 Y112.172
G1 X389.456 Y112.611
G1 X389.602 Y112.757
G1 X389.602 Y113.050
G1 X389.748 Y113.197
G1 X389.748 Y113.489
G1 X389.895 Y113.636
G1 X389.895 Y114.221
G1 X390.041 Y114.368
G1 X390.041 Y114.807
G1 X390.188 Y114.953
G1 X390.188 Y115.393
G1 X390.334 Y115.539
G1 X390.334 Y115.978
G1 X390.480 Y116.125
G1 X390.627 Y116.271
G1 X390.627 Y117.003
G1 X390.773 Y117.149
G1 X390.773 Y117.296
G1 X390.920 Y117.442
G1 X390.920 Y118.028
G1 X391.066 Y118.174
G1 X391.066 Y119.199
G1 X390.920 Y119.345
G1 X390.920 Y119.638
G1 X390.773 Y119.785
G1 X390.773 Y120.077
G1 X390.627 Y120.224
G1 X390.627 Y120.370
G1 X390.334 Y120.663
G1 X390.188 Y120.810
G1 X390.041 Y120.956
G1 X389.895 Y121.102
G1 X389.748 Y121.102
G1 X389.602 Y121.249
G1 X389.456 Y121.249
G1 X389.309 Y121.395
G1 X389.016 Y121.395
G1 X388.870 Y121.542
G1 X386.967 Y121.542
G1 X386.820 Y121.395
G1 X386.528 Y121.395
G1 X386.381 Y121.249
G1 X386.088 Y121.249
G1 X385.942 Y121.102
G1 X385.503 Y121.102
G1 X385.356 Y120.956
G1 X385.064 Y120.956
G1 X384.917 Y120.810
G1 X384.624 Y120.810
G1 X384.478 Y120.663
G1 X384.185 Y120.663
G1 X384.039 Y120.517
G1 X383.746 Y120.517
G1 X383.599 Y120.370
G1 X383.307 Y120.370
G1 X383.160 Y120.224
G1 X383.014 Y120.077
G1 X382.867 Y120.077
G1 X382.721 Y119.931
G1 X382.721 Y119.345
G1 X382.867 Y119.199
G1 X382.867 Y118.760
G1 X383.014 Y118.613
G1 X383.014 Y118.028
G1 X383.160 Y117.881
G1 X383.160 Y117.442
G1 X383.307 Y117.296
G1 X383.307 Y117.003
G1 X383.453 Y116.857
G1 X383.599 Y116.710
G1 X383.599 Y116.564
G1 X383.746 Y116.417
G1 X383.746 Y116.271
G1 X383.892 Y116.125
G1 X383.892 Y115.978
G1 X384.039 Y115.832
G1 X384.185 Y115.685
G1 X384.185 Y115.539
G1 X384.332 Y115.393
G1 X384.332 Y115.246
G1 X384.478 Y115.100
G1 X384.478 Y114.953
G1 X384.624 Y114.807
G1 X384.624 Y114.661
G1 X384.771 Y114.514
G1 X384.771 Y114.368
G1 X384.917 Y114.221
G1 X384.917 Y114.075
G1 X385.064 Y113.929
G1 X385.064 Y113.782
G1 X385.210 Y113.636
G1 X385.356 Y113.489
G1 X385.356 Y113.343
G1 X385.503 Y113.197
G1 X385.503 Y113.050
G1 X385.649 Y112.904
G1 X385.649 Y112.757
G1 X385.796 Y112.611
G1 X385.796 Y112.464
G1 X386.088 Y112.172
G1 X386.088 Y112.025
G1 X386.235 Y111.879
G1 X386.235 Y111.732
G1 X386.381 Y111.586
G1 X386.381 Y111.440
G1 X386.674 Y111.147
G1 X386.674 Y111.000
G1 X386.820 Y110.854
G1 X386.820 Y110.708
G1 X387.113 Y110.415
G1 X387.260 Y110.415
G1 X387.406 Y110.268
G1 X387.552 Y110.268
G1 X387.699 Y110.122
G1 X388.138 Y110.122
G1 X387.992 Y110.122
G1 X387.992 Y109.976
G1 X387.845 Y109.976
G1 X387.992 Y109.976
G1 X387.992 Y109.390
G1 X388.138 Y109.244
G1 X388.138 Y108.804
G1 X388.284 Y108.658
G1 X388.284 Y108.219
G1 X388.431 Y108.072
G1 X388.431 Y107.926
G1 X388.577 Y107.780
G1 X388.577 Y107.487
G1 X388.870 Y107.194
G1 X388.870 Y107.048
G1 X389.016 Y106.901
G1 X389.016 Y106.755
G1 X389.163 Y106.608
G1 X389.163 Y106.462
G1 X389.309 Y106.316
G1 X389.309 Y106.169
G1 X389.456 Y106.023
G1 X389.456 Y105.876
G1 X389.602 Y105.730
G1 X389.602 Y105.584
G1 X389.748 Y105.437
G1 X389.895 Y105.291
G1 X389.895 Y104.998
G1 X390.041 Y104.851
G1 X390.041 Y104.705
G1 X390.188 Y104.559
G1 X390.188 Y104.412
G1 X390.334 Y104.266
G1 X390.334 Y104.119
G1 X390.480 Y103.973
G1 X390.627 Y103.827
G1 X390.627 Y103.680
G1 X390.773 Y103.534
G1 X390.773 Y103.241
G1 X390.920 Y103.095
G1 X390.920 Y102.948
G1 X391.066 Y102.802
G1 X391.066 Y102.655
G1 X391.212 Y102.509
G1 X391.359 Y102.363
G1 X391.505 Y102.216
G1 X391.505 Y102.070
G1 X391.652 Y101.923
G1 X391.652 Y101.777
G1 X391.798 Y101.631
G1 X391.798 Y101.484
G1 X391.945 Y101.338
G1 X391.945 Y101.191
G1 X392.530 Y100.606
G1 X392.677 Y100.606
G1 X392.823 Y100.459
G1 X392.969 Y100.459
G1 X393.116 Y100.313
G1 X393.409 Y100.313
G1 X393.555 Y100.167
G1 X393.701 Y100.167
G1 X393.848 Y100.020
G1 X393.994 Y100.167
G1 X394.141 Y100.313
G1 X394.287 Y100.459
G1 X394.433 Y100.606
G1 X394.580 Y100.752
G1 X394.580 Y103.387
G1 X394.433 Y103.534
G1 X394.433 Y106.462
G1 X394.287 Y106.608
G1 X394.287 Y109.097
G1 X394.141 Y109.244
G1 X394.141 Y110.854
G1 X393.994 Y111.000
G1 X393.994 Y112.464
G1 X393.848 Y112.611
G1 X393.848 Y114.368
G1 X393.994 Y114.514
G1 X393.994 Y116.564
G1 X394.141 Y116.710
G1 X394.141 Y116.857
G1 X394.287 Y117.003
G1 X395.458 Y117.003
G1 X395.605 Y116.857
G1 X396.629 Y116.857
G1 X396.776 Y116.710
G1 X397.654 Y116.710
G1 X397.801 Y116.564
G1 X398.240 Y116.564
G1 X398.386 Y116.417
G1 X399.118 Y116.417
G1 X399.265 Y116.271
G1 X399.704 Y116.271
G1 X399.850 Y116.125
G1 X400.436 Y116.125
G1 X400.436 Y115.978
G1 X400.582 Y115.832
G1 X400.582 Y115.246
G1 X400.729 Y115.100
G1 X400.729 Y114.368
G1 X400.875 Y114.221
G1 X400.875 Y113.050
G1 X401.022 Y112.904
G1 X401.022 Y111.732
G1 X401.168 Y111.586
G1 X401.168 Y109.244
G1 X401.314 Y109.097
G1 X401.314 Y105.876
G1 X401.461 Y105.730
G1 X401.900 Y105.291
G1 X402.046 Y105.144
G1 X402.193 Y104.998
G1 X402.486 Y104.998
G1 X402.339 Y104.998
G1 X402.486 Y104.851
G1 X402.486 Y106.608
G1 X402.486 Y98.703
G1 X402.486 Y100.459
G1 X402.339 Y100.459
G1 X402.193 Y100.313
G1 X402.046 Y100.167
G1 X401.900 Y100.020
G1 X401.461 Y99.581
G1 X401.314 Y99.435
G1 X401.314 Y98.410
G1 X401.168 Y98.263
G1 X401.168 Y97.238
G1 X401.022 Y97.092
G1 X401.022 Y96.214
G1 X400.875 Y96.067
G1 X400.875 Y95.774
G1 X400.729 Y95.628
G1 X400.729 Y95.189
G1 X400.436 Y94.896
G1 X400.436 Y94.750
G1 X400.290 Y94.603
G1 X400.290 Y94.457
G1 X399.997 Y94.164
G1 X399.850 Y94.018
G1 X399.704 Y93.871
G1 X399.265 Y93.432
G1 X398.972 Y93.432
G1 X398.826 Y93.286
G1 X398.093 Y93.286
G1 X397.947 Y93.432
G1 X397.361 Y93.432
G1 X397.215 Y93.578
G1 X397.069 Y93.725
G1 X396.922 Y93.725
G1 X395.458 Y95.189
G1 X395.458 Y95.335
G1 X395.312 Y95.482
G1 X395.165 Y95.628
G1 X395.165 Y95.774
G1 X395.019 Y95.921
G1 X394.873 Y96.067
G1 X394.873 Y96.360
G1 X394.726 Y96.506
G1 X394.726 Y96.799
G1 X394.580 Y96.946
G1 X394.580 Y97.092
G1 X394.433 Y97.238
G1 X394.433 Y97.678
G1 X394.287 Y97.824
G1 X394.287 Y98.263
G1 X394.141 Y98.410
G1 X394.141 Y98.849
G1 X393.994 Y98.995
G1 X393.994 Y99.581
G1 X393.848 Y99.727
G1 X393.848 Y100.020
G1 X393.848 Y99.727
G1 X393.994 Y99.581
G1 X393.994 Y98.995
G1 X394.141 Y98.849
G1 X394.141 Y98.410
G1 X394.287 Y98.263
G1 X394.287 Y97.824
G1 X394.433 Y97.678
G1 X394.433 Y97.238
G1 X394.580 Y97.092
G1 X394.580 Y96.946
G1 X394.726 Y96.799
G1 X394.726 Y96.506
G1 X394.873 Y96.360
G1 X394.873 Y96.067
G1 X395.019 Y95.921
G1 X395.165 Y95.774
G1 X395.165 Y95.628
G1 X395.312 Y95.482
G1 X395.458 Y95.335
G1 X395.458 Y95.189
G1 X396.922 Y93.725
G1 X397.069 Y93.725
G1 X397.215 Y93.578
G1 X397.361 Y93.432
G1 X397.947 Y93.432
G1 X398.093 Y93.286
G1 X398.826 Y93.286
G1 X398.972 Y93.432
G1 X399.265 Y93.432
G1 X399.704 Y93.871
G1 X399.850 Y94.018
G1 X399.997 Y94.164
G1 X400.290 Y94.457
G1 X400.290 Y94.603
G1 X400.436 Y94.750
G1 X400.436 Y94.896
G1 X400.729 Y95.189
G1 X400.729 Y95.628
G1 X400.875 Y95.774
G1 X400.875 Y96.067
G1 X401.022 Y96.214
G1 X401.022 Y97.092
G1 X401.168 Y97.238
G1 X401.168 Y98.263
G1 X401.314 Y98.410
G1 X401.314 Y99.435
G1 X401.461 Y99.581
G1 X401.900 Y100.020
G1 X402.046 Y100.167
G1 X402.193 Y100.313
G1 X402.339 Y100.459
G1 X402.486 Y100.459
G1 X402.486 Y98.849
